id,hall_id,seat_type_id,row_number,seat_number
72775323-c776-4e00-9a56-732c61c937be,abfab99e-fd61-4782-a907-97b297c4ca74,28c21e10-d600-4572-94bb-34a6a64dc5f0,1,1
1c8569d2-050a-4c26-a2e6-eccb195e6e1f,abfab99e-fd61-4782-a907-97b297c4ca74,febbe127-2135-4fc4-a056-f6cd1fb27f6c,1,2
2614e89d-45ff-44ab-8d84-191e01513b89,abfab99e-fd61-4782-a907-97b297c4ca74,28c21e10-d600-4572-94bb-34a6a64dc5f0,1,3
5ba479f1-6a16-4b20-9d41-ce915695da26,abfab99e-fd61-4782-a907-97b297c4ca74,febbe127-2135-4fc4-a056-f6cd1fb27f6c,1,4
1e1e30a1-b161-4c38-8bfc-7c78326bed80,abfab99e-fd61-4782-a907-97b297c4ca74,28c21e10-d600-4572-94bb-34a6a64dc5f0,1,5
c41a9daf-e9c9-44e5-959c-02c31b5a22e7,abfab99e-fd61-4782-a907-97b297c4ca74,0cf4d8de-f712-40b4-bcc8-83abb02ed7e3,1,6
f3d7256a-0f81-43b2-94f8-e8421065be08,abfab99e-fd61-4782-a907-97b297c4ca74,0cf4d8de-f712-40b4-bcc8-83abb02ed7e3,1,7
747ce553-927b-46f7-a1f3-7a08cd2f8ada,abfab99e-fd61-4782-a907-97b297c4ca74,febbe127-2135-4fc4-a056-f6cd1fb27f6c,1,8
64f775f7-fafb-4e88-a13e-5aef7f497f10,abfab99e-fd61-4782-a907-97b297c4ca74,0cf4d8de-f712-40b4-bcc8-83abb02ed7e3,1,9
064f27f1-374c-4f6b-aa8d-f268dc5c296a,abfab99e-fd61-4782-a907-97b297c4ca74,28c21e10-d600-4572-94bb-34a6a64dc5f0,1,10
df537b6d-1574-4185-9ce5-a1f7322db51e,abfab99e-fd61-4782-a907-97b297c4ca74,d26e87e0-0087-41c6-8065-6aad5d978a3e,2,1
3a6eaf46-9a2c-4bd1-bd10-d198c724934c,abfab99e-fd61-4782-a907-97b297c4ca74,d26e87e0-0087-41c6-8065-6aad5d978a3e,2,2
218db7e9-ee18-430b-816a-5cef28d967a7,abfab99e-fd61-4782-a907-97b297c4ca74,febbe127-2135-4fc4-a056-f6cd1fb27f6c,2,3
1b7ffb12-a722-484e-8ff0-826be7aad3ac,abfab99e-fd61-4782-a907-97b297c4ca74,febbe127-2135-4fc4-a056-f6cd1fb27f6c,2,4
270f9e72-486d-443d-b225-8645f57500ae,abfab99e-fd61-4782-a907-97b297c4ca74,0cf4d8de-f712-40b4-bcc8-83abb02ed7e3,2,5
5869de85-00ae-486e-a421-c7962e9e149f,abfab99e-fd61-4782-a907-97b297c4ca74,28c21e10-d600-4572-94bb-34a6a64dc5f0,2,6
048db34f-a624-486a-90b6-515a61b135aa,abfab99e-fd61-4782-a907-97b297c4ca74,0cf4d8de-f712-40b4-bcc8-83abb02ed7e3,2,7
35aff3e5-f04b-40c1-82d5-9cd6e619e1d4,abfab99e-fd61-4782-a907-97b297c4ca74,d26e87e0-0087-41c6-8065-6aad5d978a3e,2,8
5885a84e-dac7-4bac-bc7e-c77a971b11c6,abfab99e-fd61-4782-a907-97b297c4ca74,d26e87e0-0087-41c6-8065-6aad5d978a3e,2,9
0ceb6d00-6ebf-4955-a37a-9217d9ce9a02,abfab99e-fd61-4782-a907-97b297c4ca74,0cf4d8de-f712-40b4-bcc8-83abb02ed7e3,2,10
0d29f3d0-a75e-4498-b977-443e0426fe8d,abfab99e-fd61-4782-a907-97b297c4ca74,28c21e10-d600-4572-94bb-34a6a64dc5f0,3,1
bc957e53-cd98-4fd5-beb2-5ecf14277c01,abfab99e-fd61-4782-a907-97b297c4ca74,28c21e10-d600-4572-94bb-34a6a64dc5f0,3,2
8202a3a7-f4ea-4e0f-b974-2d8cf3605963,abfab99e-fd61-4782-a907-97b297c4ca74,d26e87e0-0087-41c6-8065-6aad5d978a3e,3,3
28ee7af2-9e4b-490b-bd86-56b80c3b4c64,abfab99e-fd61-4782-a907-97b297c4ca74,d26e87e0-0087-41c6-8065-6aad5d978a3e,3,4
6ed1ff01-dd04-4012-ace7-8592c1a8f98e,abfab99e-fd61-4782-a907-97b297c4ca74,0cf4d8de-f712-40b4-bcc8-83abb02ed7e3,3,5
bf0a4003-d8a2-4bec-8dca-4f60f1bbb677,abfab99e-fd61-4782-a907-97b297c4ca74,0cf4d8de-f712-40b4-bcc8-83abb02ed7e3,3,6
8c4808a4-d512-4cf8-baf7-7e43d6e7b5d5,abfab99e-fd61-4782-a907-97b297c4ca74,febbe127-2135-4fc4-a056-f6cd1fb27f6c,3,7
e7a8b7b8-155d-43e5-892e-df2a14f16dec,abfab99e-fd61-4782-a907-97b297c4ca74,febbe127-2135-4fc4-a056-f6cd1fb27f6c,3,8
b820b539-3555-4811-b9f0-82f88ad41587,abfab99e-fd61-4782-a907-97b297c4ca74,28c21e10-d600-4572-94bb-34a6a64dc5f0,3,9
efb0cd31-0be2-426d-8ef1-7e2c6014d38e,abfab99e-fd61-4782-a907-97b297c4ca74,28c21e10-d600-4572-94bb-34a6a64dc5f0,3,10
af028b69-bae3-44c1-8092-b1e79e566870,abfab99e-fd61-4782-a907-97b297c4ca74,d26e87e0-0087-41c6-8065-6aad5d978a3e,4,1
e86a7109-ad93-4688-a8ce-2a0d98f24d34,abfab99e-fd61-4782-a907-97b297c4ca74,28c21e10-d600-4572-94bb-34a6a64dc5f0,4,2
bdc0df55-e40c-4590-8068-1c9d2d4634d8,abfab99e-fd61-4782-a907-97b297c4ca74,febbe127-2135-4fc4-a056-f6cd1fb27f6c,4,3
ad7354c4-3c66-41b5-8538-b5250669604a,abfab99e-fd61-4782-a907-97b297c4ca74,febbe127-2135-4fc4-a056-f6cd1fb27f6c,4,4
e7d643ef-068c-474a-9559-3c8630ec354c,abfab99e-fd61-4782-a907-97b297c4ca74,febbe127-2135-4fc4-a056-f6cd1fb27f6c,4,5
cdc110c6-24b2-4362-91f1-26f01e32ba9a,abfab99e-fd61-4782-a907-97b297c4ca74,febbe127-2135-4fc4-a056-f6cd1fb27f6c,4,6
96fd4327-77bf-49f9-af44-53ba889c557f,abfab99e-fd61-4782-a907-97b297c4ca74,febbe127-2135-4fc4-a056-f6cd1fb27f6c,4,7
8894d60d-948c-4b30-89b3-5945b7ce813a,abfab99e-fd61-4782-a907-97b297c4ca74,d26e87e0-0087-41c6-8065-6aad5d978a3e,4,8
516f7556-3795-4271-a223-a957029116ef,abfab99e-fd61-4782-a907-97b297c4ca74,d26e87e0-0087-41c6-8065-6aad5d978a3e,4,9
f1ed14f2-7096-43fa-add1-0d72d14464e6,abfab99e-fd61-4782-a907-97b297c4ca74,28c21e10-d600-4572-94bb-34a6a64dc5f0,4,10
c4a1f23f-01f7-4565-8ce1-6e5375b5d013,abfab99e-fd61-4782-a907-97b297c4ca74,d26e87e0-0087-41c6-8065-6aad5d978a3e,5,1
c01b45cb-b16d-4927-a651-a7d7c2094594,abfab99e-fd61-4782-a907-97b297c4ca74,d26e87e0-0087-41c6-8065-6aad5d978a3e,5,2
2aff23b3-9c15-4b1f-b711-ec3ae5bfde05,abfab99e-fd61-4782-a907-97b297c4ca74,d26e87e0-0087-41c6-8065-6aad5d978a3e,5,3
3de73c9d-73a0-4f4c-bda4-6d616047bac6,abfab99e-fd61-4782-a907-97b297c4ca74,0cf4d8de-f712-40b4-bcc8-83abb02ed7e3,5,4
561487d2-e070-436f-95e7-e8dedcf0a511,abfab99e-fd61-4782-a907-97b297c4ca74,d26e87e0-0087-41c6-8065-6aad5d978a3e,5,5
ed06c324-25f5-44ae-bb3a-0db219b3393a,abfab99e-fd61-4782-a907-97b297c4ca74,28c21e10-d600-4572-94bb-34a6a64dc5f0,5,6
92756f4d-0f4b-466b-82b4-b731d1ac5de4,abfab99e-fd61-4782-a907-97b297c4ca74,0cf4d8de-f712-40b4-bcc8-83abb02ed7e3,5,7
288e219f-6ec1-4df9-b244-10953eb457ee,abfab99e-fd61-4782-a907-97b297c4ca74,d26e87e0-0087-41c6-8065-6aad5d978a3e,5,8
e4085dbb-7ee1-462b-bac8-e804b32dec7e,abfab99e-fd61-4782-a907-97b297c4ca74,28c21e10-d600-4572-94bb-34a6a64dc5f0,5,9
4b2f5c35-3c38-4b08-b12d-1059d00b0886,abfab99e-fd61-4782-a907-97b297c4ca74,febbe127-2135-4fc4-a056-f6cd1fb27f6c,5,10
16336216-29bb-43da-a0cc-f859608156b5,abfab99e-fd61-4782-a907-97b297c4ca74,febbe127-2135-4fc4-a056-f6cd1fb27f6c,6,1
34dda893-21af-4834-96e3-ac291ee32529,abfab99e-fd61-4782-a907-97b297c4ca74,0cf4d8de-f712-40b4-bcc8-83abb02ed7e3,6,2
65473066-fe9c-4246-b0a3-db914dacb502,abfab99e-fd61-4782-a907-97b297c4ca74,0cf4d8de-f712-40b4-bcc8-83abb02ed7e3,6,3
c92f74d4-04ee-406c-a6ee-029c00961bfd,abfab99e-fd61-4782-a907-97b297c4ca74,febbe127-2135-4fc4-a056-f6cd1fb27f6c,6,4
0b722584-cd30-458f-87a4-18a939088d7d,abfab99e-fd61-4782-a907-97b297c4ca74,febbe127-2135-4fc4-a056-f6cd1fb27f6c,6,5
ef6a3fa1-0512-4a4d-9998-36fa280ac5b8,abfab99e-fd61-4782-a907-97b297c4ca74,febbe127-2135-4fc4-a056-f6cd1fb27f6c,6,6
7eb270c0-040c-4c25-8187-58e68cdf0e7b,abfab99e-fd61-4782-a907-97b297c4ca74,28c21e10-d600-4572-94bb-34a6a64dc5f0,6,7
cd078f5d-a730-40d0-85ea-663a75913b3e,abfab99e-fd61-4782-a907-97b297c4ca74,d26e87e0-0087-41c6-8065-6aad5d978a3e,6,8
787a5690-07c5-41df-aba8-8b461440bc1d,abfab99e-fd61-4782-a907-97b297c4ca74,febbe127-2135-4fc4-a056-f6cd1fb27f6c,6,9
7877814b-0542-43f0-8cef-8e999511abad,abfab99e-fd61-4782-a907-97b297c4ca74,28c21e10-d600-4572-94bb-34a6a64dc5f0,6,10
eef241b4-7844-477b-a685-b914168d68a0,abfab99e-fd61-4782-a907-97b297c4ca74,28c21e10-d600-4572-94bb-34a6a64dc5f0,7,1
c942081a-fcb2-45e1-9668-5139c5ee33a8,abfab99e-fd61-4782-a907-97b297c4ca74,28c21e10-d600-4572-94bb-34a6a64dc5f0,7,2
72490c6b-c31c-4392-b628-5c98dd4c06d9,abfab99e-fd61-4782-a907-97b297c4ca74,28c21e10-d600-4572-94bb-34a6a64dc5f0,7,3
44e93fef-dbea-43b7-865a-d48677646c46,abfab99e-fd61-4782-a907-97b297c4ca74,0cf4d8de-f712-40b4-bcc8-83abb02ed7e3,7,4
8f73b943-0503-424d-9259-4f78268f016e,abfab99e-fd61-4782-a907-97b297c4ca74,0cf4d8de-f712-40b4-bcc8-83abb02ed7e3,7,5
69e5a16b-8eb6-440b-97ad-c1b282bfdce7,abfab99e-fd61-4782-a907-97b297c4ca74,0cf4d8de-f712-40b4-bcc8-83abb02ed7e3,7,6
2573222a-355c-470a-9610-d5c7d1b6ea81,abfab99e-fd61-4782-a907-97b297c4ca74,0cf4d8de-f712-40b4-bcc8-83abb02ed7e3,7,7
7e8e8fa8-7036-40ca-8a26-2a2a6393a7e0,abfab99e-fd61-4782-a907-97b297c4ca74,febbe127-2135-4fc4-a056-f6cd1fb27f6c,7,8
7e3c0e88-684e-4862-97b6-2b637eca8dfa,abfab99e-fd61-4782-a907-97b297c4ca74,28c21e10-d600-4572-94bb-34a6a64dc5f0,7,9
feb63fb6-9d99-4d31-ba0d-23ea6f8798d5,abfab99e-fd61-4782-a907-97b297c4ca74,d26e87e0-0087-41c6-8065-6aad5d978a3e,7,10
2659ac49-b6b0-4c0e-9d19-43ef126a370a,abfab99e-fd61-4782-a907-97b297c4ca74,0cf4d8de-f712-40b4-bcc8-83abb02ed7e3,8,1
0fad8a4e-be21-4b7e-9366-046a5b73af56,abfab99e-fd61-4782-a907-97b297c4ca74,0cf4d8de-f712-40b4-bcc8-83abb02ed7e3,8,2
2e5aa3d5-8f25-46a6-845e-934fe40a88b7,abfab99e-fd61-4782-a907-97b297c4ca74,0cf4d8de-f712-40b4-bcc8-83abb02ed7e3,8,3
8f469fef-2afc-4d0e-b74a-1d06da374bc3,abfab99e-fd61-4782-a907-97b297c4ca74,febbe127-2135-4fc4-a056-f6cd1fb27f6c,8,4
d2bdef6e-36ec-4d34-9b8e-223209de3288,abfab99e-fd61-4782-a907-97b297c4ca74,febbe127-2135-4fc4-a056-f6cd1fb27f6c,8,5
a45c9056-eeda-412f-9d97-e3edb0453b45,abfab99e-fd61-4782-a907-97b297c4ca74,28c21e10-d600-4572-94bb-34a6a64dc5f0,8,6
fa10142f-85d5-4619-8176-fbe79bc94de2,abfab99e-fd61-4782-a907-97b297c4ca74,febbe127-2135-4fc4-a056-f6cd1fb27f6c,8,7
1fff0afd-1002-4301-ae17-11a5d6dcd998,abfab99e-fd61-4782-a907-97b297c4ca74,0cf4d8de-f712-40b4-bcc8-83abb02ed7e3,8,8
e3ba202c-f722-4ac6-afcd-121177643a0f,abfab99e-fd61-4782-a907-97b297c4ca74,28c21e10-d600-4572-94bb-34a6a64dc5f0,8,9
fccca36d-8408-4e28-9cde-5279d21fd70b,abfab99e-fd61-4782-a907-97b297c4ca74,febbe127-2135-4fc4-a056-f6cd1fb27f6c,8,10
91297997-dcc7-4ab6-ad86-77d012431d59,abfab99e-fd61-4782-a907-97b297c4ca74,d26e87e0-0087-41c6-8065-6aad5d978a3e,9,1
a9ac4a44-9ed1-452e-8c0f-214353ed7bfc,abfab99e-fd61-4782-a907-97b297c4ca74,d26e87e0-0087-41c6-8065-6aad5d978a3e,9,2
f09f8ae1-1f59-48cf-b5bd-c29122c5432b,abfab99e-fd61-4782-a907-97b297c4ca74,febbe127-2135-4fc4-a056-f6cd1fb27f6c,9,3
eeb50ed5-577c-43de-ad76-99c9371ceccf,abfab99e-fd61-4782-a907-97b297c4ca74,d26e87e0-0087-41c6-8065-6aad5d978a3e,9,4
39a0d445-7094-4132-81c7-0230119e6491,abfab99e-fd61-4782-a907-97b297c4ca74,febbe127-2135-4fc4-a056-f6cd1fb27f6c,9,5
43471278-c59c-46b9-8586-3194f10ef2ea,abfab99e-fd61-4782-a907-97b297c4ca74,febbe127-2135-4fc4-a056-f6cd1fb27f6c,9,6
51081320-7737-4019-910c-e8f38c312ab1,abfab99e-fd61-4782-a907-97b297c4ca74,28c21e10-d600-4572-94bb-34a6a64dc5f0,9,7
9502680b-8567-46c3-ba44-6ed9ddc435e8,abfab99e-fd61-4782-a907-97b297c4ca74,28c21e10-d600-4572-94bb-34a6a64dc5f0,9,8
8ddfbf95-c085-4b58-904c-aa6a185d0a48,abfab99e-fd61-4782-a907-97b297c4ca74,febbe127-2135-4fc4-a056-f6cd1fb27f6c,9,9
20385e3b-1d97-4788-9ea1-4b968bb6f4c9,abfab99e-fd61-4782-a907-97b297c4ca74,0cf4d8de-f712-40b4-bcc8-83abb02ed7e3,9,10
59533006-d98b-4746-8b7a-afd5b82bbe03,abfab99e-fd61-4782-a907-97b297c4ca74,febbe127-2135-4fc4-a056-f6cd1fb27f6c,10,1
471df331-bd6c-4bc2-ab0c-512ce373dd21,abfab99e-fd61-4782-a907-97b297c4ca74,0cf4d8de-f712-40b4-bcc8-83abb02ed7e3,10,2
b9256c6c-7813-470b-85ac-4e800ea0bc2f,abfab99e-fd61-4782-a907-97b297c4ca74,febbe127-2135-4fc4-a056-f6cd1fb27f6c,10,3
48c7cf12-4e26-4b3d-a3a4-6d4b99afb504,abfab99e-fd61-4782-a907-97b297c4ca74,0cf4d8de-f712-40b4-bcc8-83abb02ed7e3,10,4
844d7909-3b66-4459-9831-356d0cf4e564,abfab99e-fd61-4782-a907-97b297c4ca74,0cf4d8de-f712-40b4-bcc8-83abb02ed7e3,10,5
0f7871db-771c-4bb4-a2b3-634cd2c8002b,abfab99e-fd61-4782-a907-97b297c4ca74,febbe127-2135-4fc4-a056-f6cd1fb27f6c,10,6
c805b260-36eb-4293-9b24-93c527a55469,abfab99e-fd61-4782-a907-97b297c4ca74,febbe127-2135-4fc4-a056-f6cd1fb27f6c,10,7
452932fa-e7fe-4521-b1b5-6eb310fe44b8,abfab99e-fd61-4782-a907-97b297c4ca74,0cf4d8de-f712-40b4-bcc8-83abb02ed7e3,10,8
08f6ba89-4ba3-4b3a-9f18-2118df58b04b,abfab99e-fd61-4782-a907-97b297c4ca74,d26e87e0-0087-41c6-8065-6aad5d978a3e,10,9
532d9b0d-a0c2-44c4-8a6d-77fe602d447f,abfab99e-fd61-4782-a907-97b297c4ca74,febbe127-2135-4fc4-a056-f6cd1fb27f6c,11,1
14b44fc6-a58e-4e7b-ae5c-69ca56ac4056,abfab99e-fd61-4782-a907-97b297c4ca74,d26e87e0-0087-41c6-8065-6aad5d978a3e,11,2
9753a5e5-9b7b-497f-9939-0e12a458a217,abfab99e-fd61-4782-a907-97b297c4ca74,28c21e10-d600-4572-94bb-34a6a64dc5f0,11,3
7982f5bc-de6b-4c95-b4d0-2c62e6e303d1,abfab99e-fd61-4782-a907-97b297c4ca74,0cf4d8de-f712-40b4-bcc8-83abb02ed7e3,11,4
42a2dc82-73dc-431e-8c16-79720289b49c,abfab99e-fd61-4782-a907-97b297c4ca74,28c21e10-d600-4572-94bb-34a6a64dc5f0,11,5
31212119-8912-42b9-99f9-8ebee0dd8314,abfab99e-fd61-4782-a907-97b297c4ca74,28c21e10-d600-4572-94bb-34a6a64dc5f0,11,6
3703ea12-fe5e-4717-9fd0-a8ff0eb8779b,abfab99e-fd61-4782-a907-97b297c4ca74,0cf4d8de-f712-40b4-bcc8-83abb02ed7e3,11,7
cd239998-05b6-4062-8514-cb5df5d42b52,abfab99e-fd61-4782-a907-97b297c4ca74,febbe127-2135-4fc4-a056-f6cd1fb27f6c,11,8
62305ed9-19a6-46bd-9493-436483495ea1,abfab99e-fd61-4782-a907-97b297c4ca74,febbe127-2135-4fc4-a056-f6cd1fb27f6c,11,9
0b02c551-b646-4418-9ca2-33407a763072,abfab99e-fd61-4782-a907-97b297c4ca74,febbe127-2135-4fc4-a056-f6cd1fb27f6c,12,1
3cfcabc2-a513-4cdd-bfbb-cf69efb83f42,abfab99e-fd61-4782-a907-97b297c4ca74,28c21e10-d600-4572-94bb-34a6a64dc5f0,12,2
b7520ffa-0680-40a1-a8dc-91d233e11af9,abfab99e-fd61-4782-a907-97b297c4ca74,febbe127-2135-4fc4-a056-f6cd1fb27f6c,12,3
bf3a808f-98db-4f74-9139-4f64459f9128,abfab99e-fd61-4782-a907-97b297c4ca74,d26e87e0-0087-41c6-8065-6aad5d978a3e,12,4
b700f01a-3c0d-4f39-8f89-9ca902d7e36c,abfab99e-fd61-4782-a907-97b297c4ca74,febbe127-2135-4fc4-a056-f6cd1fb27f6c,12,5
af9d05ee-afc4-41b7-909e-c031a8359977,abfab99e-fd61-4782-a907-97b297c4ca74,febbe127-2135-4fc4-a056-f6cd1fb27f6c,12,6
848272c8-81dd-49c7-aa80-3da3333ad8d6,abfab99e-fd61-4782-a907-97b297c4ca74,febbe127-2135-4fc4-a056-f6cd1fb27f6c,12,7
6f996e0c-bb0b-44f1-859d-9c24eb67a879,abfab99e-fd61-4782-a907-97b297c4ca74,d26e87e0-0087-41c6-8065-6aad5d978a3e,12,8
886f1e2b-3190-439e-ae7e-c41360d852c2,abfab99e-fd61-4782-a907-97b297c4ca74,d26e87e0-0087-41c6-8065-6aad5d978a3e,12,9
708a2cfd-c266-4b07-995e-bdbcbeec481e,abfab99e-fd61-4782-a907-97b297c4ca74,febbe127-2135-4fc4-a056-f6cd1fb27f6c,13,1
ce0a7d51-bddf-4b60-b8d4-13fb24757609,abfab99e-fd61-4782-a907-97b297c4ca74,d26e87e0-0087-41c6-8065-6aad5d978a3e,13,2
e09b17e7-cef5-465a-a166-ad4db11b28aa,abfab99e-fd61-4782-a907-97b297c4ca74,0cf4d8de-f712-40b4-bcc8-83abb02ed7e3,13,3
31ad86bf-6ed4-48a2-a828-3f9efecce724,abfab99e-fd61-4782-a907-97b297c4ca74,d26e87e0-0087-41c6-8065-6aad5d978a3e,13,4
9aaba583-5a75-4ffe-b108-37b3965af4dd,abfab99e-fd61-4782-a907-97b297c4ca74,febbe127-2135-4fc4-a056-f6cd1fb27f6c,13,5
9a04c1e2-71b9-49f3-baf7-3a89f054633d,abfab99e-fd61-4782-a907-97b297c4ca74,febbe127-2135-4fc4-a056-f6cd1fb27f6c,13,6
a41d04f5-fd25-4e04-9500-4677e763c1fd,abfab99e-fd61-4782-a907-97b297c4ca74,d26e87e0-0087-41c6-8065-6aad5d978a3e,13,7
736314fb-fe84-4f3f-8b3a-75243205c775,abfab99e-fd61-4782-a907-97b297c4ca74,28c21e10-d600-4572-94bb-34a6a64dc5f0,13,8
0aee3752-ca7a-4486-9abb-c64f8e830424,abfab99e-fd61-4782-a907-97b297c4ca74,28c21e10-d600-4572-94bb-34a6a64dc5f0,13,9
d1ddff90-7d7b-48f8-b9ea-3ef9d24c7c82,abfab99e-fd61-4782-a907-97b297c4ca74,febbe127-2135-4fc4-a056-f6cd1fb27f6c,14,1
f51cf827-7806-4cdd-94bd-a890dafbaeef,abfab99e-fd61-4782-a907-97b297c4ca74,28c21e10-d600-4572-94bb-34a6a64dc5f0,14,2
678a6acf-1771-4817-a437-ad34a366a000,abfab99e-fd61-4782-a907-97b297c4ca74,0cf4d8de-f712-40b4-bcc8-83abb02ed7e3,14,3
77877225-3487-48a1-8d9e-024c7caf3c2b,abfab99e-fd61-4782-a907-97b297c4ca74,0cf4d8de-f712-40b4-bcc8-83abb02ed7e3,14,4
dd74b846-deef-413c-8509-04775d0648c7,abfab99e-fd61-4782-a907-97b297c4ca74,d26e87e0-0087-41c6-8065-6aad5d978a3e,14,5
e35b4183-906e-4451-a17a-37398f2b5fc9,abfab99e-fd61-4782-a907-97b297c4ca74,0cf4d8de-f712-40b4-bcc8-83abb02ed7e3,14,6
c5d72aed-d649-45f2-ae81-28aeee0c7538,abfab99e-fd61-4782-a907-97b297c4ca74,28c21e10-d600-4572-94bb-34a6a64dc5f0,14,7
c1e9ca00-ab42-4d46-a130-adfb03bdfabd,abfab99e-fd61-4782-a907-97b297c4ca74,febbe127-2135-4fc4-a056-f6cd1fb27f6c,14,8
de198c3e-df10-43ff-9d36-ce5dedbd89f1,abfab99e-fd61-4782-a907-97b297c4ca74,28c21e10-d600-4572-94bb-34a6a64dc5f0,14,9
3e6e66f1-91cd-4081-ba49-532015b9e4db,abfab99e-fd61-4782-a907-97b297c4ca74,0cf4d8de-f712-40b4-bcc8-83abb02ed7e3,15,1
3fd70f9b-9d06-4497-a6c8-fd595982276c,abfab99e-fd61-4782-a907-97b297c4ca74,d26e87e0-0087-41c6-8065-6aad5d978a3e,15,2
87b0d970-eb88-48bc-a29c-72e1281e8c26,abfab99e-fd61-4782-a907-97b297c4ca74,febbe127-2135-4fc4-a056-f6cd1fb27f6c,15,3
c3f581e3-973b-4949-8a91-eda6c7b04111,abfab99e-fd61-4782-a907-97b297c4ca74,febbe127-2135-4fc4-a056-f6cd1fb27f6c,15,4
6b644e2b-fb9e-46cb-98a6-ab3a56772c51,abfab99e-fd61-4782-a907-97b297c4ca74,0cf4d8de-f712-40b4-bcc8-83abb02ed7e3,15,5
3597b659-b818-47d3-bcfe-f527cd4fd4a0,abfab99e-fd61-4782-a907-97b297c4ca74,0cf4d8de-f712-40b4-bcc8-83abb02ed7e3,15,6
6212b4d8-6ed6-45b9-a787-700298c52adc,abfab99e-fd61-4782-a907-97b297c4ca74,d26e87e0-0087-41c6-8065-6aad5d978a3e,15,7
78a36960-4695-4de8-b5e3-b47fc423f6d5,abfab99e-fd61-4782-a907-97b297c4ca74,d26e87e0-0087-41c6-8065-6aad5d978a3e,15,8
a7e0a871-730d-4bf4-bf53-daa0374ddf06,abfab99e-fd61-4782-a907-97b297c4ca74,febbe127-2135-4fc4-a056-f6cd1fb27f6c,15,9
71b8fdbb-dfae-4865-b1f6-4649eb6d0ac7,d9130d7c-e87e-4f52-99ff-ea84234f6f29,0cf4d8de-f712-40b4-bcc8-83abb02ed7e3,1,1
538a368b-df86-4440-98d2-5b1b995c9763,d9130d7c-e87e-4f52-99ff-ea84234f6f29,28c21e10-d600-4572-94bb-34a6a64dc5f0,1,2
5daf86bd-f992-4d9d-8233-c9955bd6d48a,d9130d7c-e87e-4f52-99ff-ea84234f6f29,28c21e10-d600-4572-94bb-34a6a64dc5f0,1,3
cb58d808-d6bd-406d-89dd-c506b8f8289b,d9130d7c-e87e-4f52-99ff-ea84234f6f29,febbe127-2135-4fc4-a056-f6cd1fb27f6c,1,4
2825f191-623e-4bb9-be07-b463515e0fcc,d9130d7c-e87e-4f52-99ff-ea84234f6f29,febbe127-2135-4fc4-a056-f6cd1fb27f6c,1,5
c8441d53-4896-44c6-bef7-486e77377279,d9130d7c-e87e-4f52-99ff-ea84234f6f29,0cf4d8de-f712-40b4-bcc8-83abb02ed7e3,1,6
1a37e909-faef-4f2b-a68e-89ad8eb568f3,d9130d7c-e87e-4f52-99ff-ea84234f6f29,0cf4d8de-f712-40b4-bcc8-83abb02ed7e3,1,7
65374ba4-2371-46f8-b112-263dcb14039d,d9130d7c-e87e-4f52-99ff-ea84234f6f29,d26e87e0-0087-41c6-8065-6aad5d978a3e,1,8
64cf0421-97e5-4c75-8846-6b6ee880695a,d9130d7c-e87e-4f52-99ff-ea84234f6f29,d26e87e0-0087-41c6-8065-6aad5d978a3e,1,9
3418d16f-7d6c-4900-a8be-ee1f2d2cfc48,d9130d7c-e87e-4f52-99ff-ea84234f6f29,28c21e10-d600-4572-94bb-34a6a64dc5f0,2,1
e998fc79-f375-48e0-8a5b-69ead67ccb34,d9130d7c-e87e-4f52-99ff-ea84234f6f29,febbe127-2135-4fc4-a056-f6cd1fb27f6c,2,2
43991cb0-fd76-4fc6-a24d-25f2c93461a3,d9130d7c-e87e-4f52-99ff-ea84234f6f29,28c21e10-d600-4572-94bb-34a6a64dc5f0,2,3
3e66d137-9068-40e5-b9bd-6633ea86fb87,d9130d7c-e87e-4f52-99ff-ea84234f6f29,0cf4d8de-f712-40b4-bcc8-83abb02ed7e3,2,4
4a957501-892c-4e27-ba25-70a7c98b337a,d9130d7c-e87e-4f52-99ff-ea84234f6f29,febbe127-2135-4fc4-a056-f6cd1fb27f6c,2,5
8f543a2d-bc1a-4ce3-aa3f-86f80fb879ed,d9130d7c-e87e-4f52-99ff-ea84234f6f29,0cf4d8de-f712-40b4-bcc8-83abb02ed7e3,2,6
18a6d9d7-1ba0-4ae2-9b6c-a2ebacee093f,d9130d7c-e87e-4f52-99ff-ea84234f6f29,febbe127-2135-4fc4-a056-f6cd1fb27f6c,2,7
ec9c9c40-0eb5-4ffd-a740-0f2b5c75b4e0,d9130d7c-e87e-4f52-99ff-ea84234f6f29,0cf4d8de-f712-40b4-bcc8-83abb02ed7e3,2,8
156d4bab-ea35-42fb-8259-de8d105a4b95,d9130d7c-e87e-4f52-99ff-ea84234f6f29,d26e87e0-0087-41c6-8065-6aad5d978a3e,2,9
e6431ab7-afde-4fe3-9600-5113d0a85685,d9130d7c-e87e-4f52-99ff-ea84234f6f29,28c21e10-d600-4572-94bb-34a6a64dc5f0,3,1
0e22a5e6-9048-416b-a99d-60111c833cb2,d9130d7c-e87e-4f52-99ff-ea84234f6f29,febbe127-2135-4fc4-a056-f6cd1fb27f6c,3,2
0b045dc2-b0c8-43d0-8831-21702ccaebd5,d9130d7c-e87e-4f52-99ff-ea84234f6f29,d26e87e0-0087-41c6-8065-6aad5d978a3e,3,3
c9575d89-18d8-4896-9d2a-b74e2094702f,d9130d7c-e87e-4f52-99ff-ea84234f6f29,febbe127-2135-4fc4-a056-f6cd1fb27f6c,3,4
e556b07e-eb02-4c41-a07c-9440df25dc63,d9130d7c-e87e-4f52-99ff-ea84234f6f29,28c21e10-d600-4572-94bb-34a6a64dc5f0,3,5
013b4487-7108-4e3f-a195-f47192622d2d,d9130d7c-e87e-4f52-99ff-ea84234f6f29,d26e87e0-0087-41c6-8065-6aad5d978a3e,3,6
c6ac8857-abd5-4ceb-a5fe-fcc60b7f2786,d9130d7c-e87e-4f52-99ff-ea84234f6f29,0cf4d8de-f712-40b4-bcc8-83abb02ed7e3,3,7
ce861897-d1b2-4222-9238-f66266f6aac2,d9130d7c-e87e-4f52-99ff-ea84234f6f29,febbe127-2135-4fc4-a056-f6cd1fb27f6c,3,8
459c9b04-2837-4794-88fd-be397a5bb872,d9130d7c-e87e-4f52-99ff-ea84234f6f29,28c21e10-d600-4572-94bb-34a6a64dc5f0,3,9
770430c7-645b-4ccc-bbd9-989c3f7b7178,d9130d7c-e87e-4f52-99ff-ea84234f6f29,d26e87e0-0087-41c6-8065-6aad5d978a3e,4,1
1dd5f179-90a1-4c2f-bfee-af3571e802df,d9130d7c-e87e-4f52-99ff-ea84234f6f29,28c21e10-d600-4572-94bb-34a6a64dc5f0,4,2
42255a30-b840-453c-b813-158c78ad4212,d9130d7c-e87e-4f52-99ff-ea84234f6f29,28c21e10-d600-4572-94bb-34a6a64dc5f0,4,3
9a404391-d5c3-4bc4-87c9-d784eb0f7566,d9130d7c-e87e-4f52-99ff-ea84234f6f29,d26e87e0-0087-41c6-8065-6aad5d978a3e,4,4
979c8ebb-bf0c-4099-ae8a-ca7deaaa1746,d9130d7c-e87e-4f52-99ff-ea84234f6f29,febbe127-2135-4fc4-a056-f6cd1fb27f6c,4,5
9367776e-6c53-4a3d-bf4a-294aa581758a,d9130d7c-e87e-4f52-99ff-ea84234f6f29,0cf4d8de-f712-40b4-bcc8-83abb02ed7e3,4,6
ac6de815-a394-4ab4-bd84-05ff8d252dbc,d9130d7c-e87e-4f52-99ff-ea84234f6f29,febbe127-2135-4fc4-a056-f6cd1fb27f6c,4,7
28f0cbb8-1dd3-4c94-ab5d-18af9703c0ba,d9130d7c-e87e-4f52-99ff-ea84234f6f29,28c21e10-d600-4572-94bb-34a6a64dc5f0,4,8
80cb4371-94ad-410f-951f-76149f7a492b,d9130d7c-e87e-4f52-99ff-ea84234f6f29,28c21e10-d600-4572-94bb-34a6a64dc5f0,4,9
5dcd0e58-dc3a-4efa-bf07-fdfeb3684488,d9130d7c-e87e-4f52-99ff-ea84234f6f29,28c21e10-d600-4572-94bb-34a6a64dc5f0,5,1
27596d2e-6b9d-485e-a8c0-543a8b992b36,d9130d7c-e87e-4f52-99ff-ea84234f6f29,0cf4d8de-f712-40b4-bcc8-83abb02ed7e3,5,2
7ae1f7e7-1975-4180-8318-7683e01c7746,d9130d7c-e87e-4f52-99ff-ea84234f6f29,0cf4d8de-f712-40b4-bcc8-83abb02ed7e3,5,3
e73e9fc0-4e46-4221-9a02-e0a1c7a523bd,d9130d7c-e87e-4f52-99ff-ea84234f6f29,28c21e10-d600-4572-94bb-34a6a64dc5f0,5,4
f8e2583f-359f-44e5-9ffc-34dd2f2b9a23,d9130d7c-e87e-4f52-99ff-ea84234f6f29,28c21e10-d600-4572-94bb-34a6a64dc5f0,5,5
854682c7-ded7-43ec-8f45-d854eeb3dfd7,d9130d7c-e87e-4f52-99ff-ea84234f6f29,0cf4d8de-f712-40b4-bcc8-83abb02ed7e3,5,6
ef11bda9-198e-4284-84dd-ef18c9d3553c,d9130d7c-e87e-4f52-99ff-ea84234f6f29,febbe127-2135-4fc4-a056-f6cd1fb27f6c,5,7
05b22b4c-90a7-4afb-876c-293ae1995e30,d9130d7c-e87e-4f52-99ff-ea84234f6f29,d26e87e0-0087-41c6-8065-6aad5d978a3e,5,8
8ca1986f-0e36-4450-a9cc-f954d79bd425,d9130d7c-e87e-4f52-99ff-ea84234f6f29,0cf4d8de-f712-40b4-bcc8-83abb02ed7e3,5,9
d4c627a7-14d3-4ec2-96dd-242783b244fe,d9130d7c-e87e-4f52-99ff-ea84234f6f29,28c21e10-d600-4572-94bb-34a6a64dc5f0,6,1
5274284d-da9f-4689-9bf7-ed364be5d014,d9130d7c-e87e-4f52-99ff-ea84234f6f29,0cf4d8de-f712-40b4-bcc8-83abb02ed7e3,6,2
aea9be12-757b-4dee-bd0c-b42c6613f41f,d9130d7c-e87e-4f52-99ff-ea84234f6f29,febbe127-2135-4fc4-a056-f6cd1fb27f6c,6,3
6b94324a-c3f2-4b0d-9068-009a72e3af66,d9130d7c-e87e-4f52-99ff-ea84234f6f29,febbe127-2135-4fc4-a056-f6cd1fb27f6c,6,4
ae6c8042-9cde-42a8-933c-8e8b930b9223,d9130d7c-e87e-4f52-99ff-ea84234f6f29,febbe127-2135-4fc4-a056-f6cd1fb27f6c,6,5
a0151316-4b3e-44b1-9d76-19e61cbf7e22,d9130d7c-e87e-4f52-99ff-ea84234f6f29,d26e87e0-0087-41c6-8065-6aad5d978a3e,6,6
c89655ee-daf3-4266-81d6-f892dba933a7,d9130d7c-e87e-4f52-99ff-ea84234f6f29,28c21e10-d600-4572-94bb-34a6a64dc5f0,6,7
31b57665-97d3-4210-ae59-bd2304aea322,d9130d7c-e87e-4f52-99ff-ea84234f6f29,28c21e10-d600-4572-94bb-34a6a64dc5f0,6,8
3adac439-8907-4f66-a518-fcd489db1505,d9130d7c-e87e-4f52-99ff-ea84234f6f29,0cf4d8de-f712-40b4-bcc8-83abb02ed7e3,6,9
1fbd2210-764f-4423-b86b-a9041c6c92c0,d9130d7c-e87e-4f52-99ff-ea84234f6f29,d26e87e0-0087-41c6-8065-6aad5d978a3e,7,1
b058ab5b-d24b-4c08-8fde-c0df1a49e195,d9130d7c-e87e-4f52-99ff-ea84234f6f29,d26e87e0-0087-41c6-8065-6aad5d978a3e,7,2
2c7462a9-37ed-46b9-b18d-ddc1c9dcd8d7,d9130d7c-e87e-4f52-99ff-ea84234f6f29,28c21e10-d600-4572-94bb-34a6a64dc5f0,7,3
1bdb55d9-b0e1-4c4f-b0b7-93b93fb4035f,d9130d7c-e87e-4f52-99ff-ea84234f6f29,febbe127-2135-4fc4-a056-f6cd1fb27f6c,7,4
71843324-f2b9-4621-bc97-29caf7408c0d,d9130d7c-e87e-4f52-99ff-ea84234f6f29,0cf4d8de-f712-40b4-bcc8-83abb02ed7e3,7,5
5f640f3e-e329-4412-9a30-6261a10de0f8,d9130d7c-e87e-4f52-99ff-ea84234f6f29,28c21e10-d600-4572-94bb-34a6a64dc5f0,7,6
befd5ac9-f173-4521-b0ce-1aae023ed758,d9130d7c-e87e-4f52-99ff-ea84234f6f29,d26e87e0-0087-41c6-8065-6aad5d978a3e,7,7
5910251f-eebc-4ff4-95cd-ce418ec9ec2e,d9130d7c-e87e-4f52-99ff-ea84234f6f29,d26e87e0-0087-41c6-8065-6aad5d978a3e,7,8
7ab66ea6-7d8c-45e7-9325-6e986102c19b,d9130d7c-e87e-4f52-99ff-ea84234f6f29,febbe127-2135-4fc4-a056-f6cd1fb27f6c,7,9
5813b1b8-38b0-40fa-b724-825675617711,d9130d7c-e87e-4f52-99ff-ea84234f6f29,d26e87e0-0087-41c6-8065-6aad5d978a3e,8,1
77d827b3-d73b-420e-9323-0c79b6cd2f60,d9130d7c-e87e-4f52-99ff-ea84234f6f29,0cf4d8de-f712-40b4-bcc8-83abb02ed7e3,8,2
339d119b-e050-431b-bae1-b1a578356476,d9130d7c-e87e-4f52-99ff-ea84234f6f29,0cf4d8de-f712-40b4-bcc8-83abb02ed7e3,8,3
76b4abb8-5579-4957-a67f-ae433cc5aa1f,d9130d7c-e87e-4f52-99ff-ea84234f6f29,d26e87e0-0087-41c6-8065-6aad5d978a3e,8,4
26fce4d4-62d3-47fe-b283-0fd48d72120b,d9130d7c-e87e-4f52-99ff-ea84234f6f29,0cf4d8de-f712-40b4-bcc8-83abb02ed7e3,8,5
7f3c41d3-4868-40f5-a166-1ff0f7f2bc9d,d9130d7c-e87e-4f52-99ff-ea84234f6f29,28c21e10-d600-4572-94bb-34a6a64dc5f0,8,6
ee487907-2333-4260-8a5d-72e3df076f75,d9130d7c-e87e-4f52-99ff-ea84234f6f29,d26e87e0-0087-41c6-8065-6aad5d978a3e,8,7
41406b77-a919-427a-9a5f-467b83d12898,d9130d7c-e87e-4f52-99ff-ea84234f6f29,0cf4d8de-f712-40b4-bcc8-83abb02ed7e3,8,8
8e9ea8b0-de6b-40dc-8928-e2045e86f2fa,d9130d7c-e87e-4f52-99ff-ea84234f6f29,0cf4d8de-f712-40b4-bcc8-83abb02ed7e3,8,9
40094a0c-6e7e-4fd9-8503-15f46a4a17ee,d9130d7c-e87e-4f52-99ff-ea84234f6f29,febbe127-2135-4fc4-a056-f6cd1fb27f6c,9,1
c471a7bd-7935-4c7d-b2bd-864f397e11a3,d9130d7c-e87e-4f52-99ff-ea84234f6f29,28c21e10-d600-4572-94bb-34a6a64dc5f0,9,2
eeadb2af-109a-4b57-8b8f-ecb5ad200354,d9130d7c-e87e-4f52-99ff-ea84234f6f29,febbe127-2135-4fc4-a056-f6cd1fb27f6c,9,3
39528613-7730-4183-8ade-58a2458be960,d9130d7c-e87e-4f52-99ff-ea84234f6f29,28c21e10-d600-4572-94bb-34a6a64dc5f0,9,4
e08126c0-b07d-4b43-a284-ef0658d21970,d9130d7c-e87e-4f52-99ff-ea84234f6f29,febbe127-2135-4fc4-a056-f6cd1fb27f6c,9,5
5a689206-de07-44d6-b0da-aecd9a43e16e,d9130d7c-e87e-4f52-99ff-ea84234f6f29,febbe127-2135-4fc4-a056-f6cd1fb27f6c,9,6
9b3cfd95-0da1-4809-800e-889ca1f3363c,d9130d7c-e87e-4f52-99ff-ea84234f6f29,28c21e10-d600-4572-94bb-34a6a64dc5f0,9,7
15bfd0bc-5a3f-409d-a8cc-cbac2fd27f80,d9130d7c-e87e-4f52-99ff-ea84234f6f29,d26e87e0-0087-41c6-8065-6aad5d978a3e,9,8
d13e8aba-4f49-4e9d-9d06-f2142db21f58,d9130d7c-e87e-4f52-99ff-ea84234f6f29,28c21e10-d600-4572-94bb-34a6a64dc5f0,9,9
58f1d6f6-af93-41d5-8c46-9221eaf4403f,d9130d7c-e87e-4f52-99ff-ea84234f6f29,28c21e10-d600-4572-94bb-34a6a64dc5f0,10,1
7d5cc8d5-c139-45ea-a51f-a04d99553a8a,d9130d7c-e87e-4f52-99ff-ea84234f6f29,28c21e10-d600-4572-94bb-34a6a64dc5f0,10,2
03685e4a-3d2d-49a6-aa4b-5c454a0703eb,d9130d7c-e87e-4f52-99ff-ea84234f6f29,d26e87e0-0087-41c6-8065-6aad5d978a3e,10,3
12e9c4bd-5b17-44ea-aac5-efabbbdbb9f3,d9130d7c-e87e-4f52-99ff-ea84234f6f29,0cf4d8de-f712-40b4-bcc8-83abb02ed7e3,10,4
c4695803-3591-42b3-9e49-0f81d0b4d1a5,d9130d7c-e87e-4f52-99ff-ea84234f6f29,d26e87e0-0087-41c6-8065-6aad5d978a3e,10,5
b3f5fa10-8bf5-4f06-8592-dde13f97f5d4,d9130d7c-e87e-4f52-99ff-ea84234f6f29,febbe127-2135-4fc4-a056-f6cd1fb27f6c,10,6
c9092903-8b74-48f1-b1d8-e245299ef186,d9130d7c-e87e-4f52-99ff-ea84234f6f29,febbe127-2135-4fc4-a056-f6cd1fb27f6c,10,7
db987c94-e5d3-45ad-91ff-4537735735fc,d9130d7c-e87e-4f52-99ff-ea84234f6f29,febbe127-2135-4fc4-a056-f6cd1fb27f6c,10,8
756d904e-a3bc-4b67-b01b-d001528f429f,d9130d7c-e87e-4f52-99ff-ea84234f6f29,0cf4d8de-f712-40b4-bcc8-83abb02ed7e3,10,9
cbc7d218-7ed0-41b9-b2f0-924737d7df6a,d9130d7c-e87e-4f52-99ff-ea84234f6f29,0cf4d8de-f712-40b4-bcc8-83abb02ed7e3,11,1
ad51ffe0-d29c-4192-8158-d8ab1edbab37,d9130d7c-e87e-4f52-99ff-ea84234f6f29,d26e87e0-0087-41c6-8065-6aad5d978a3e,11,2
36bdd8af-c0b1-4e7c-97f4-bf04bd06b454,d9130d7c-e87e-4f52-99ff-ea84234f6f29,febbe127-2135-4fc4-a056-f6cd1fb27f6c,11,3
e0c7ac0d-f419-4465-903b-e5c416bdfe0c,d9130d7c-e87e-4f52-99ff-ea84234f6f29,28c21e10-d600-4572-94bb-34a6a64dc5f0,11,4
6f0ab6f7-2eea-449a-a5bc-e6f26c721e94,d9130d7c-e87e-4f52-99ff-ea84234f6f29,28c21e10-d600-4572-94bb-34a6a64dc5f0,11,5
1e383801-a87c-4592-b2f7-0509a61e39c8,d9130d7c-e87e-4f52-99ff-ea84234f6f29,febbe127-2135-4fc4-a056-f6cd1fb27f6c,11,6
7f280cc6-4f11-4dc7-81dc-a0b40f82e116,d9130d7c-e87e-4f52-99ff-ea84234f6f29,0cf4d8de-f712-40b4-bcc8-83abb02ed7e3,11,7
16fad335-b4c6-450f-b720-25d0fb95f169,d9130d7c-e87e-4f52-99ff-ea84234f6f29,0cf4d8de-f712-40b4-bcc8-83abb02ed7e3,11,8
77164970-6c38-4ce9-8bc1-c378eece9c4e,d9130d7c-e87e-4f52-99ff-ea84234f6f29,28c21e10-d600-4572-94bb-34a6a64dc5f0,11,9
b1b685ec-371c-46ee-959b-237c5a897e8a,d9130d7c-e87e-4f52-99ff-ea84234f6f29,0cf4d8de-f712-40b4-bcc8-83abb02ed7e3,12,1
f10d9eed-8e6c-4a23-84f3-d914d2d2c227,d9130d7c-e87e-4f52-99ff-ea84234f6f29,0cf4d8de-f712-40b4-bcc8-83abb02ed7e3,12,2
82e914db-a786-4a6f-8d41-5273be3a0afd,d9130d7c-e87e-4f52-99ff-ea84234f6f29,28c21e10-d600-4572-94bb-34a6a64dc5f0,12,3
11b18087-2831-44bd-a3cb-376a1b6449d6,d9130d7c-e87e-4f52-99ff-ea84234f6f29,28c21e10-d600-4572-94bb-34a6a64dc5f0,12,4
bef78e1d-2852-4b1d-9434-412a464df4d4,d9130d7c-e87e-4f52-99ff-ea84234f6f29,0cf4d8de-f712-40b4-bcc8-83abb02ed7e3,12,5
d350a931-0b5b-4979-9623-92d23f7b9be6,d9130d7c-e87e-4f52-99ff-ea84234f6f29,28c21e10-d600-4572-94bb-34a6a64dc5f0,12,6
9d7b37f6-4a95-40f4-bb28-be8a50de461f,d9130d7c-e87e-4f52-99ff-ea84234f6f29,d26e87e0-0087-41c6-8065-6aad5d978a3e,12,7
8d7939e1-90c4-4100-a04b-a31979e37eba,d9130d7c-e87e-4f52-99ff-ea84234f6f29,0cf4d8de-f712-40b4-bcc8-83abb02ed7e3,12,8
b28ee4d9-50ea-40f7-b6e6-5a03f7bd9008,d9130d7c-e87e-4f52-99ff-ea84234f6f29,d26e87e0-0087-41c6-8065-6aad5d978a3e,13,1
f8af86fe-ca37-430c-ba18-9152ec507ec2,d9130d7c-e87e-4f52-99ff-ea84234f6f29,febbe127-2135-4fc4-a056-f6cd1fb27f6c,13,2
208c43b3-7c8e-4f6e-9e7b-636a14f9942c,d9130d7c-e87e-4f52-99ff-ea84234f6f29,28c21e10-d600-4572-94bb-34a6a64dc5f0,13,3
f5dacc5b-66e2-4501-a828-f6df684e1c9b,d9130d7c-e87e-4f52-99ff-ea84234f6f29,0cf4d8de-f712-40b4-bcc8-83abb02ed7e3,13,4
d21192bd-194f-4dca-8ab9-e420628db1f6,d9130d7c-e87e-4f52-99ff-ea84234f6f29,28c21e10-d600-4572-94bb-34a6a64dc5f0,13,5
f31ce21e-38a7-4e80-8617-451d90d80a75,d9130d7c-e87e-4f52-99ff-ea84234f6f29,0cf4d8de-f712-40b4-bcc8-83abb02ed7e3,13,6
1d72fa57-fd9c-4d40-b157-41268d8d89b9,d9130d7c-e87e-4f52-99ff-ea84234f6f29,28c21e10-d600-4572-94bb-34a6a64dc5f0,13,7
232da17c-d29f-4055-bc09-0f8c3701c7f1,d9130d7c-e87e-4f52-99ff-ea84234f6f29,d26e87e0-0087-41c6-8065-6aad5d978a3e,13,8
27d73f69-8517-4c0f-b819-66711eb3893c,9174df91-bbab-4a3a-96e4-a815df880a07,28c21e10-d600-4572-94bb-34a6a64dc5f0,1,1
29d3c6b2-3a90-44fd-bb80-5224050ecb8e,9174df91-bbab-4a3a-96e4-a815df880a07,d26e87e0-0087-41c6-8065-6aad5d978a3e,1,2
02401f5c-eb52-41a0-a209-4eef4cfc60ec,9174df91-bbab-4a3a-96e4-a815df880a07,28c21e10-d600-4572-94bb-34a6a64dc5f0,1,3
d6eec0f4-8ff0-4994-aa1a-240c5d6a4d53,9174df91-bbab-4a3a-96e4-a815df880a07,28c21e10-d600-4572-94bb-34a6a64dc5f0,1,4
6ffd660f-9393-443a-8e02-6035e6994956,9174df91-bbab-4a3a-96e4-a815df880a07,febbe127-2135-4fc4-a056-f6cd1fb27f6c,1,5
9c7fe68c-cca2-4cd5-a4cb-333a7a366cd4,9174df91-bbab-4a3a-96e4-a815df880a07,0cf4d8de-f712-40b4-bcc8-83abb02ed7e3,1,6
9e8c7dec-b4a6-4e10-a947-4a248d95f60d,9174df91-bbab-4a3a-96e4-a815df880a07,0cf4d8de-f712-40b4-bcc8-83abb02ed7e3,1,7
83ee5978-a75d-4632-a563-888c60ef3da8,9174df91-bbab-4a3a-96e4-a815df880a07,0cf4d8de-f712-40b4-bcc8-83abb02ed7e3,1,8
8d51211a-98af-4a73-9162-28f1d17f502e,9174df91-bbab-4a3a-96e4-a815df880a07,28c21e10-d600-4572-94bb-34a6a64dc5f0,1,9
26f0328c-8784-4ea8-b1fa-e295d9da044b,9174df91-bbab-4a3a-96e4-a815df880a07,febbe127-2135-4fc4-a056-f6cd1fb27f6c,1,10
e14bf3dc-c0d7-42f4-8dc4-3599fa6ae5cc,9174df91-bbab-4a3a-96e4-a815df880a07,d26e87e0-0087-41c6-8065-6aad5d978a3e,1,11
8176d722-2399-4aee-a711-42f6a9b2bdae,9174df91-bbab-4a3a-96e4-a815df880a07,d26e87e0-0087-41c6-8065-6aad5d978a3e,1,12
f60e0301-ebd7-4b3a-b314-7c5b31b05aa0,9174df91-bbab-4a3a-96e4-a815df880a07,d26e87e0-0087-41c6-8065-6aad5d978a3e,2,1
5fa964ce-2e7b-490c-b10e-fadbad57f8ac,9174df91-bbab-4a3a-96e4-a815df880a07,28c21e10-d600-4572-94bb-34a6a64dc5f0,2,2
4ae36fb6-8ebe-48e8-88b8-ee2d96302530,9174df91-bbab-4a3a-96e4-a815df880a07,d26e87e0-0087-41c6-8065-6aad5d978a3e,2,3
a903eb5e-578d-4a8d-b8f7-bb8fa283689f,9174df91-bbab-4a3a-96e4-a815df880a07,d26e87e0-0087-41c6-8065-6aad5d978a3e,2,4
fcabc9a4-0915-4a29-8f75-fa9db9c42d69,9174df91-bbab-4a3a-96e4-a815df880a07,febbe127-2135-4fc4-a056-f6cd1fb27f6c,2,5
7f2c4b1a-9bd6-4f7e-9535-a8ff727b5466,9174df91-bbab-4a3a-96e4-a815df880a07,febbe127-2135-4fc4-a056-f6cd1fb27f6c,2,6
be604c39-c66b-4676-a604-bd570da7c4f9,9174df91-bbab-4a3a-96e4-a815df880a07,febbe127-2135-4fc4-a056-f6cd1fb27f6c,2,7
bf00c023-dae7-43dc-92b9-f468742c020c,9174df91-bbab-4a3a-96e4-a815df880a07,28c21e10-d600-4572-94bb-34a6a64dc5f0,2,8
3029eb36-f9bd-402b-8b99-3af034f2a2bc,9174df91-bbab-4a3a-96e4-a815df880a07,28c21e10-d600-4572-94bb-34a6a64dc5f0,2,9
59677c0f-3606-4d43-9220-42f5c0ad4d86,9174df91-bbab-4a3a-96e4-a815df880a07,28c21e10-d600-4572-94bb-34a6a64dc5f0,2,10
63730351-93a2-47a8-8e9d-c5d5e551bb21,9174df91-bbab-4a3a-96e4-a815df880a07,0cf4d8de-f712-40b4-bcc8-83abb02ed7e3,2,11
d9ccf197-a26b-470f-ac26-05ee677c151a,9174df91-bbab-4a3a-96e4-a815df880a07,febbe127-2135-4fc4-a056-f6cd1fb27f6c,2,12
bbd11aff-9b0e-4e59-852a-210d4da9b2b4,9174df91-bbab-4a3a-96e4-a815df880a07,0cf4d8de-f712-40b4-bcc8-83abb02ed7e3,3,1
8abd9ca5-f8c4-40d0-ac8f-be08e14bf13e,9174df91-bbab-4a3a-96e4-a815df880a07,28c21e10-d600-4572-94bb-34a6a64dc5f0,3,2
9ffc92f5-792f-4bde-b85a-8c8c1e32d54a,9174df91-bbab-4a3a-96e4-a815df880a07,28c21e10-d600-4572-94bb-34a6a64dc5f0,3,3
5fd460e2-401e-43f1-a031-9be5efc874b6,9174df91-bbab-4a3a-96e4-a815df880a07,d26e87e0-0087-41c6-8065-6aad5d978a3e,3,4
34576b22-ef57-4f73-8c27-ff7f5d2ecfd9,9174df91-bbab-4a3a-96e4-a815df880a07,febbe127-2135-4fc4-a056-f6cd1fb27f6c,3,5
fc50f621-0aa6-42f3-a551-3eba09d7281c,9174df91-bbab-4a3a-96e4-a815df880a07,28c21e10-d600-4572-94bb-34a6a64dc5f0,3,6
c5b3f27f-f28b-4ee8-8080-4e32f6acda7c,9174df91-bbab-4a3a-96e4-a815df880a07,28c21e10-d600-4572-94bb-34a6a64dc5f0,3,7
710587e8-1bd5-44d0-aa5d-7701a1ae7cd2,9174df91-bbab-4a3a-96e4-a815df880a07,febbe127-2135-4fc4-a056-f6cd1fb27f6c,3,8
3fc6276d-71bc-48cb-bb6f-30265ae330df,9174df91-bbab-4a3a-96e4-a815df880a07,febbe127-2135-4fc4-a056-f6cd1fb27f6c,3,9
9161f8fa-6c7b-4ee7-be67-6df3d0162327,9174df91-bbab-4a3a-96e4-a815df880a07,28c21e10-d600-4572-94bb-34a6a64dc5f0,3,10
cca10277-f928-4bc6-b6aa-ee12d373b4d5,9174df91-bbab-4a3a-96e4-a815df880a07,d26e87e0-0087-41c6-8065-6aad5d978a3e,3,11
9a4451db-a03a-4be3-a945-66ed3744a38c,9174df91-bbab-4a3a-96e4-a815df880a07,0cf4d8de-f712-40b4-bcc8-83abb02ed7e3,3,12
840eb09c-8d60-4728-814f-2a3cb4865fcc,9174df91-bbab-4a3a-96e4-a815df880a07,febbe127-2135-4fc4-a056-f6cd1fb27f6c,4,1
e8a6fa80-19ce-4a48-8409-37654521404f,9174df91-bbab-4a3a-96e4-a815df880a07,0cf4d8de-f712-40b4-bcc8-83abb02ed7e3,4,2
433d7806-ae4b-4b28-94f5-fee2e0fd7630,9174df91-bbab-4a3a-96e4-a815df880a07,0cf4d8de-f712-40b4-bcc8-83abb02ed7e3,4,3
74d95444-b0da-4757-b5ee-2399bfd5fb5a,9174df91-bbab-4a3a-96e4-a815df880a07,febbe127-2135-4fc4-a056-f6cd1fb27f6c,4,4
61b281e9-1709-41b3-8bea-050d64701754,9174df91-bbab-4a3a-96e4-a815df880a07,febbe127-2135-4fc4-a056-f6cd1fb27f6c,4,5
09328c61-6213-4915-a9bb-2c3af03912f3,9174df91-bbab-4a3a-96e4-a815df880a07,d26e87e0-0087-41c6-8065-6aad5d978a3e,4,6
996264b0-aec6-43cf-afa1-1aa31af3bdcf,9174df91-bbab-4a3a-96e4-a815df880a07,0cf4d8de-f712-40b4-bcc8-83abb02ed7e3,4,7
a3f58ae3-ed1c-47d4-a72c-ae3835b4e124,9174df91-bbab-4a3a-96e4-a815df880a07,0cf4d8de-f712-40b4-bcc8-83abb02ed7e3,4,8
5e0aae8d-6d50-433a-8596-fa08fa2eed2d,9174df91-bbab-4a3a-96e4-a815df880a07,d26e87e0-0087-41c6-8065-6aad5d978a3e,4,9
7368018a-1eb3-4054-b3a1-6162d70459ab,9174df91-bbab-4a3a-96e4-a815df880a07,28c21e10-d600-4572-94bb-34a6a64dc5f0,4,10
2b624493-d299-4f2e-81a2-b4791ad193fa,9174df91-bbab-4a3a-96e4-a815df880a07,0cf4d8de-f712-40b4-bcc8-83abb02ed7e3,4,11
bbbe90d7-b355-46fa-a10b-a4196e32d866,9174df91-bbab-4a3a-96e4-a815df880a07,28c21e10-d600-4572-94bb-34a6a64dc5f0,4,12
6afacf78-eff3-4bf3-9548-c6153fd1f6ef,9174df91-bbab-4a3a-96e4-a815df880a07,febbe127-2135-4fc4-a056-f6cd1fb27f6c,5,1
d13d472e-e9c7-4148-927b-da4797b21d95,9174df91-bbab-4a3a-96e4-a815df880a07,28c21e10-d600-4572-94bb-34a6a64dc5f0,5,2
595ceb62-465c-43c6-a6f8-c0af6ebb6514,9174df91-bbab-4a3a-96e4-a815df880a07,d26e87e0-0087-41c6-8065-6aad5d978a3e,5,3
67cc9ffa-f499-4da4-8c71-c78e53840c11,9174df91-bbab-4a3a-96e4-a815df880a07,d26e87e0-0087-41c6-8065-6aad5d978a3e,5,4
9420abc6-17a7-4dae-8fde-5817db40cd67,9174df91-bbab-4a3a-96e4-a815df880a07,d26e87e0-0087-41c6-8065-6aad5d978a3e,5,5
6a2e60de-984c-44aa-8fb8-0b99bc873883,9174df91-bbab-4a3a-96e4-a815df880a07,d26e87e0-0087-41c6-8065-6aad5d978a3e,5,6
8062c494-17f2-4602-97d7-8982f0d9cd6b,9174df91-bbab-4a3a-96e4-a815df880a07,d26e87e0-0087-41c6-8065-6aad5d978a3e,5,7
749a1870-1af7-4612-9c61-c2d8c60e1c14,9174df91-bbab-4a3a-96e4-a815df880a07,0cf4d8de-f712-40b4-bcc8-83abb02ed7e3,5,8
d12c40c9-c546-43c7-9418-a129c09f48fb,9174df91-bbab-4a3a-96e4-a815df880a07,d26e87e0-0087-41c6-8065-6aad5d978a3e,5,9
d501fa13-f765-476c-88db-f34fd56871bf,9174df91-bbab-4a3a-96e4-a815df880a07,febbe127-2135-4fc4-a056-f6cd1fb27f6c,5,10
ed5498d4-b2d5-4d94-a9a7-4c55115ba5a9,9174df91-bbab-4a3a-96e4-a815df880a07,d26e87e0-0087-41c6-8065-6aad5d978a3e,5,11
df78e61a-d88a-43ec-8619-b08289b79f37,9174df91-bbab-4a3a-96e4-a815df880a07,28c21e10-d600-4572-94bb-34a6a64dc5f0,5,12
2a159bbc-b5ab-4707-b8df-20b7b41dac66,9174df91-bbab-4a3a-96e4-a815df880a07,d26e87e0-0087-41c6-8065-6aad5d978a3e,6,1
e7478911-6779-4c87-b636-a3bbe13bf461,9174df91-bbab-4a3a-96e4-a815df880a07,d26e87e0-0087-41c6-8065-6aad5d978a3e,6,2
0ce1095f-f1d1-4633-a74a-26572608f42d,9174df91-bbab-4a3a-96e4-a815df880a07,0cf4d8de-f712-40b4-bcc8-83abb02ed7e3,6,3
3607cf4f-9c9d-4a64-a580-5a0c92159149,9174df91-bbab-4a3a-96e4-a815df880a07,d26e87e0-0087-41c6-8065-6aad5d978a3e,6,4
4aa1c790-6236-476d-b40c-ab48c05f1de5,9174df91-bbab-4a3a-96e4-a815df880a07,febbe127-2135-4fc4-a056-f6cd1fb27f6c,6,5
d352ae6f-e55d-40cf-b603-607b633ca475,9174df91-bbab-4a3a-96e4-a815df880a07,d26e87e0-0087-41c6-8065-6aad5d978a3e,6,6
22b8f6d2-b4d1-4b1c-ae67-144535ceeec2,9174df91-bbab-4a3a-96e4-a815df880a07,d26e87e0-0087-41c6-8065-6aad5d978a3e,6,7
a677c24f-0a83-4e16-92e1-fea35492b4e8,9174df91-bbab-4a3a-96e4-a815df880a07,d26e87e0-0087-41c6-8065-6aad5d978a3e,6,8
456fa48a-4330-4119-8d79-e1f7e3fef4bb,9174df91-bbab-4a3a-96e4-a815df880a07,28c21e10-d600-4572-94bb-34a6a64dc5f0,6,9
ab0307c1-9461-4fa6-9bc2-f4f5e793d480,9174df91-bbab-4a3a-96e4-a815df880a07,d26e87e0-0087-41c6-8065-6aad5d978a3e,6,10
9b25f2ec-522b-44ea-b929-38823f22c15f,9174df91-bbab-4a3a-96e4-a815df880a07,28c21e10-d600-4572-94bb-34a6a64dc5f0,6,11
1be87c41-f424-441a-b86b-67f3b49856cc,9174df91-bbab-4a3a-96e4-a815df880a07,0cf4d8de-f712-40b4-bcc8-83abb02ed7e3,6,12
d7872a7f-4dd8-4691-8493-f04caa59b417,9174df91-bbab-4a3a-96e4-a815df880a07,28c21e10-d600-4572-94bb-34a6a64dc5f0,7,1
86b571bf-2a1a-4b6b-9cc2-57ef23b4de77,9174df91-bbab-4a3a-96e4-a815df880a07,febbe127-2135-4fc4-a056-f6cd1fb27f6c,7,2
de67d3d2-817f-4749-b062-cab13bf80cb3,9174df91-bbab-4a3a-96e4-a815df880a07,28c21e10-d600-4572-94bb-34a6a64dc5f0,7,3
1a07e845-4ae4-48cc-be39-9b5d9ddd1158,9174df91-bbab-4a3a-96e4-a815df880a07,28c21e10-d600-4572-94bb-34a6a64dc5f0,7,4
a7114233-caf8-41df-b7f6-61da0b717e91,9174df91-bbab-4a3a-96e4-a815df880a07,28c21e10-d600-4572-94bb-34a6a64dc5f0,7,5
cfd70924-9874-4006-934e-ba206a5caf62,9174df91-bbab-4a3a-96e4-a815df880a07,28c21e10-d600-4572-94bb-34a6a64dc5f0,7,6
4f4647de-cb74-4ab6-9db5-96f986170b34,9174df91-bbab-4a3a-96e4-a815df880a07,febbe127-2135-4fc4-a056-f6cd1fb27f6c,7,7
ab529a98-8912-4c36-b207-c3962050dc7b,9174df91-bbab-4a3a-96e4-a815df880a07,febbe127-2135-4fc4-a056-f6cd1fb27f6c,7,8
bd844909-37ff-4258-9c69-0d060a00bcd4,9174df91-bbab-4a3a-96e4-a815df880a07,0cf4d8de-f712-40b4-bcc8-83abb02ed7e3,7,9
3c88d22d-71d1-46c4-9203-e8e8f37c5fbe,9174df91-bbab-4a3a-96e4-a815df880a07,febbe127-2135-4fc4-a056-f6cd1fb27f6c,7,10
87fc6e80-5d1f-40f5-b00b-5b5c10728162,9174df91-bbab-4a3a-96e4-a815df880a07,febbe127-2135-4fc4-a056-f6cd1fb27f6c,7,11
a81d52b4-a288-4679-9304-76f51b55e437,9174df91-bbab-4a3a-96e4-a815df880a07,28c21e10-d600-4572-94bb-34a6a64dc5f0,7,12
4a9e00c5-c9dd-45df-a13c-dab85700f907,9174df91-bbab-4a3a-96e4-a815df880a07,d26e87e0-0087-41c6-8065-6aad5d978a3e,8,1
2e310f0d-b158-4dc5-b2ca-9b754e4d90f9,9174df91-bbab-4a3a-96e4-a815df880a07,febbe127-2135-4fc4-a056-f6cd1fb27f6c,8,2
c69d99df-6f83-4e9e-b83f-fe4dcd3a1299,9174df91-bbab-4a3a-96e4-a815df880a07,d26e87e0-0087-41c6-8065-6aad5d978a3e,8,3
c6d6006c-95e2-4d7c-94c3-6a8644d46187,9174df91-bbab-4a3a-96e4-a815df880a07,0cf4d8de-f712-40b4-bcc8-83abb02ed7e3,8,4
75e79f8f-5258-403e-a08a-e0e23fb52046,9174df91-bbab-4a3a-96e4-a815df880a07,febbe127-2135-4fc4-a056-f6cd1fb27f6c,8,5
8e4a851e-36db-4920-a00a-51cef0a40dc0,9174df91-bbab-4a3a-96e4-a815df880a07,d26e87e0-0087-41c6-8065-6aad5d978a3e,8,6
af9159e9-7b0c-440c-8a7a-db0b493650ed,9174df91-bbab-4a3a-96e4-a815df880a07,d26e87e0-0087-41c6-8065-6aad5d978a3e,8,7
98c60768-1f4d-4d91-9103-1b74f3d53f69,9174df91-bbab-4a3a-96e4-a815df880a07,febbe127-2135-4fc4-a056-f6cd1fb27f6c,8,8
e3021a92-76e4-4b66-938f-9e312bd30a68,9174df91-bbab-4a3a-96e4-a815df880a07,d26e87e0-0087-41c6-8065-6aad5d978a3e,8,9
47db82cb-3268-4786-8f9a-06ae634a6f8d,9174df91-bbab-4a3a-96e4-a815df880a07,28c21e10-d600-4572-94bb-34a6a64dc5f0,8,10
8778eb40-7deb-492e-a109-314dec68db21,9174df91-bbab-4a3a-96e4-a815df880a07,d26e87e0-0087-41c6-8065-6aad5d978a3e,8,11
37615772-9fc8-4951-b8cf-887daff7ed5d,9174df91-bbab-4a3a-96e4-a815df880a07,0cf4d8de-f712-40b4-bcc8-83abb02ed7e3,8,12
bb288f8d-9d9a-4cce-ba8e-96688adbbbfe,9174df91-bbab-4a3a-96e4-a815df880a07,febbe127-2135-4fc4-a056-f6cd1fb27f6c,9,1
9c0efa9c-3e68-42f7-be27-ab14a42561a0,9174df91-bbab-4a3a-96e4-a815df880a07,28c21e10-d600-4572-94bb-34a6a64dc5f0,9,2
a2fc725f-05cf-4e67-917c-dfcce9570b48,9174df91-bbab-4a3a-96e4-a815df880a07,28c21e10-d600-4572-94bb-34a6a64dc5f0,9,3
78fae74b-1ed5-48c0-a7b6-00be70786afa,9174df91-bbab-4a3a-96e4-a815df880a07,febbe127-2135-4fc4-a056-f6cd1fb27f6c,9,4
6c5a73a6-5f06-4fb3-b7af-44d9aa5585e2,9174df91-bbab-4a3a-96e4-a815df880a07,28c21e10-d600-4572-94bb-34a6a64dc5f0,9,5
cc00b249-b329-4410-b84a-a4f0c9bb34d3,9174df91-bbab-4a3a-96e4-a815df880a07,0cf4d8de-f712-40b4-bcc8-83abb02ed7e3,9,6
551a7291-4a54-422f-a563-7be4c121db32,9174df91-bbab-4a3a-96e4-a815df880a07,28c21e10-d600-4572-94bb-34a6a64dc5f0,9,7
e87f403c-2db8-48b7-a6d7-e809dd9b03db,9174df91-bbab-4a3a-96e4-a815df880a07,28c21e10-d600-4572-94bb-34a6a64dc5f0,9,8
c9411ede-f7bd-4976-8bff-c6af636a2c95,9174df91-bbab-4a3a-96e4-a815df880a07,d26e87e0-0087-41c6-8065-6aad5d978a3e,9,9
21cf86f0-e831-4a73-946b-4152c5a6fe5b,9174df91-bbab-4a3a-96e4-a815df880a07,febbe127-2135-4fc4-a056-f6cd1fb27f6c,9,10
981d7eb4-db8b-475d-b97f-1c21c4b5a6c5,9174df91-bbab-4a3a-96e4-a815df880a07,febbe127-2135-4fc4-a056-f6cd1fb27f6c,9,11
fd7f390c-3a97-4ce2-aee4-5057e6a4392a,9174df91-bbab-4a3a-96e4-a815df880a07,d26e87e0-0087-41c6-8065-6aad5d978a3e,9,12
9196f417-cb7a-4415-ba06-0c92052bb8a6,9174df91-bbab-4a3a-96e4-a815df880a07,28c21e10-d600-4572-94bb-34a6a64dc5f0,10,1
1cfce1bc-b833-4bb2-904d-1c0708a46550,9174df91-bbab-4a3a-96e4-a815df880a07,d26e87e0-0087-41c6-8065-6aad5d978a3e,10,2
57f37e56-d34f-4e31-8c0a-d386c35b65a8,9174df91-bbab-4a3a-96e4-a815df880a07,0cf4d8de-f712-40b4-bcc8-83abb02ed7e3,10,3
e6b45be1-fef8-4928-875a-0f6326b397e8,9174df91-bbab-4a3a-96e4-a815df880a07,28c21e10-d600-4572-94bb-34a6a64dc5f0,10,4
6473feef-3d1a-48cb-92c4-4ac04978e41f,9174df91-bbab-4a3a-96e4-a815df880a07,0cf4d8de-f712-40b4-bcc8-83abb02ed7e3,10,5
51c302d9-22c5-4ceb-ad68-a9ddf46995f5,9174df91-bbab-4a3a-96e4-a815df880a07,28c21e10-d600-4572-94bb-34a6a64dc5f0,10,6
f4251141-be3c-4e35-bb45-df96d320a12f,9174df91-bbab-4a3a-96e4-a815df880a07,d26e87e0-0087-41c6-8065-6aad5d978a3e,10,7
03a88e51-065b-4994-ad54-245f18d477e6,9174df91-bbab-4a3a-96e4-a815df880a07,febbe127-2135-4fc4-a056-f6cd1fb27f6c,10,8
6ef88ce5-7d3a-42a6-b39e-b98f56425d59,9174df91-bbab-4a3a-96e4-a815df880a07,28c21e10-d600-4572-94bb-34a6a64dc5f0,10,9
d18442f4-ac09-40b3-905a-64ce04d41d53,9174df91-bbab-4a3a-96e4-a815df880a07,0cf4d8de-f712-40b4-bcc8-83abb02ed7e3,10,10
86675083-43bc-4f6b-b7b3-71fef6589835,9174df91-bbab-4a3a-96e4-a815df880a07,d26e87e0-0087-41c6-8065-6aad5d978a3e,10,11
3ef721d7-e8ea-42dc-8e1a-dfe5dccee2d5,9174df91-bbab-4a3a-96e4-a815df880a07,0cf4d8de-f712-40b4-bcc8-83abb02ed7e3,11,1
baa4a2e4-5e53-4e6d-942d-3fc1c0af9e95,9174df91-bbab-4a3a-96e4-a815df880a07,28c21e10-d600-4572-94bb-34a6a64dc5f0,11,2
29abe7c1-1a08-4812-bd12-50b5cdf49722,9174df91-bbab-4a3a-96e4-a815df880a07,febbe127-2135-4fc4-a056-f6cd1fb27f6c,11,3
e4225d6d-5ff0-4ef5-a56e-5be1c91ec616,9174df91-bbab-4a3a-96e4-a815df880a07,febbe127-2135-4fc4-a056-f6cd1fb27f6c,11,4
208b2c8d-84f4-4211-9c19-791a74cfcb0a,9174df91-bbab-4a3a-96e4-a815df880a07,0cf4d8de-f712-40b4-bcc8-83abb02ed7e3,11,5
bfb82207-bd20-4156-9d10-4dfea6fc0d53,9174df91-bbab-4a3a-96e4-a815df880a07,d26e87e0-0087-41c6-8065-6aad5d978a3e,11,6
d8d8f56b-c881-4638-8f66-e22289e4a237,9174df91-bbab-4a3a-96e4-a815df880a07,d26e87e0-0087-41c6-8065-6aad5d978a3e,11,7
69c698e2-c2d9-4f26-8aa5-b40d3dacf50e,9174df91-bbab-4a3a-96e4-a815df880a07,0cf4d8de-f712-40b4-bcc8-83abb02ed7e3,11,8
3799b27e-2b7f-4be8-98d4-c6562d706ef4,9174df91-bbab-4a3a-96e4-a815df880a07,d26e87e0-0087-41c6-8065-6aad5d978a3e,11,9
83caa8ac-9149-4734-9776-0102f570ef4f,9174df91-bbab-4a3a-96e4-a815df880a07,28c21e10-d600-4572-94bb-34a6a64dc5f0,11,10
b98479fa-ae31-401c-b16a-5c6a3ace6be0,9174df91-bbab-4a3a-96e4-a815df880a07,febbe127-2135-4fc4-a056-f6cd1fb27f6c,11,11
2c658b1f-7d7e-4017-b7c8-c5ac70069306,9174df91-bbab-4a3a-96e4-a815df880a07,febbe127-2135-4fc4-a056-f6cd1fb27f6c,12,1
c68e088e-dd98-4cb9-a203-2548e9e24a42,9174df91-bbab-4a3a-96e4-a815df880a07,febbe127-2135-4fc4-a056-f6cd1fb27f6c,12,2
e4cee57b-5974-4871-ba8a-a6a3fd543a13,9174df91-bbab-4a3a-96e4-a815df880a07,febbe127-2135-4fc4-a056-f6cd1fb27f6c,12,3
b670f788-24e6-4b7b-80c6-0582943132c3,9174df91-bbab-4a3a-96e4-a815df880a07,d26e87e0-0087-41c6-8065-6aad5d978a3e,12,4
67b3aa1d-2412-4d7f-a083-5b03b797ea75,9174df91-bbab-4a3a-96e4-a815df880a07,0cf4d8de-f712-40b4-bcc8-83abb02ed7e3,12,5
69887e99-e95d-4675-a01c-d2ab121582eb,9174df91-bbab-4a3a-96e4-a815df880a07,0cf4d8de-f712-40b4-bcc8-83abb02ed7e3,12,6
d2daa667-c88f-4b9b-af84-6ec932f1f23e,9174df91-bbab-4a3a-96e4-a815df880a07,febbe127-2135-4fc4-a056-f6cd1fb27f6c,12,7
cd53d82e-7614-4a59-b25e-876a9533a663,9174df91-bbab-4a3a-96e4-a815df880a07,0cf4d8de-f712-40b4-bcc8-83abb02ed7e3,12,8
108aac46-d148-40ba-974c-41e0b018a8c4,9174df91-bbab-4a3a-96e4-a815df880a07,d26e87e0-0087-41c6-8065-6aad5d978a3e,12,9
e70b5ba3-054d-4a5a-9233-b6ef56a7de2f,9174df91-bbab-4a3a-96e4-a815df880a07,28c21e10-d600-4572-94bb-34a6a64dc5f0,12,10
0c46c9ff-3442-45a6-bab1-b3613d662516,9174df91-bbab-4a3a-96e4-a815df880a07,0cf4d8de-f712-40b4-bcc8-83abb02ed7e3,12,11
caf06b77-8ee0-4e77-ac13-60c414b7b08a,92a96396-ac33-4bb2-a703-f8aa43bff351,0cf4d8de-f712-40b4-bcc8-83abb02ed7e3,1,1
91384d23-b845-47c5-9b98-e374783a7dc8,92a96396-ac33-4bb2-a703-f8aa43bff351,febbe127-2135-4fc4-a056-f6cd1fb27f6c,1,2
8b936b9d-fb89-4bcc-9541-649b12f3cbd1,92a96396-ac33-4bb2-a703-f8aa43bff351,28c21e10-d600-4572-94bb-34a6a64dc5f0,1,3
6462064a-80a2-4327-b646-89f508dba40e,92a96396-ac33-4bb2-a703-f8aa43bff351,d26e87e0-0087-41c6-8065-6aad5d978a3e,1,4
40440869-f37c-402f-b0aa-249207ca5713,92a96396-ac33-4bb2-a703-f8aa43bff351,febbe127-2135-4fc4-a056-f6cd1fb27f6c,1,5
9525ba5d-ef2b-43df-bf15-77ee650994d1,92a96396-ac33-4bb2-a703-f8aa43bff351,0cf4d8de-f712-40b4-bcc8-83abb02ed7e3,1,6
b92d26ff-4782-48ab-9d6b-cc17cab03425,92a96396-ac33-4bb2-a703-f8aa43bff351,28c21e10-d600-4572-94bb-34a6a64dc5f0,1,7
5d5c97c2-fb0b-49d7-a92f-b5c22101c5eb,92a96396-ac33-4bb2-a703-f8aa43bff351,28c21e10-d600-4572-94bb-34a6a64dc5f0,1,8
7115a230-035c-48da-b43e-d20d4a1b12d7,92a96396-ac33-4bb2-a703-f8aa43bff351,febbe127-2135-4fc4-a056-f6cd1fb27f6c,2,1
c6bb4a72-8af7-4b38-89c8-39cd846cc08f,92a96396-ac33-4bb2-a703-f8aa43bff351,febbe127-2135-4fc4-a056-f6cd1fb27f6c,2,2
5b896284-6f28-4a86-b026-a88718d3e13f,92a96396-ac33-4bb2-a703-f8aa43bff351,28c21e10-d600-4572-94bb-34a6a64dc5f0,2,3
9718c0ed-75b7-49ba-9836-8d8a89e4daea,92a96396-ac33-4bb2-a703-f8aa43bff351,d26e87e0-0087-41c6-8065-6aad5d978a3e,2,4
9aa2599d-e076-4fcd-a864-45dbb0b4a8a6,92a96396-ac33-4bb2-a703-f8aa43bff351,d26e87e0-0087-41c6-8065-6aad5d978a3e,2,5
81f93c49-5af5-446b-9ec6-c2c41ba652d4,92a96396-ac33-4bb2-a703-f8aa43bff351,d26e87e0-0087-41c6-8065-6aad5d978a3e,2,6
85c24657-614f-42a8-8943-81b418fcabc4,92a96396-ac33-4bb2-a703-f8aa43bff351,28c21e10-d600-4572-94bb-34a6a64dc5f0,2,7
18de8d2f-ae09-499e-a9ea-5ed88b3de5ed,92a96396-ac33-4bb2-a703-f8aa43bff351,febbe127-2135-4fc4-a056-f6cd1fb27f6c,3,1
006439d9-7ca4-4422-b242-b2180a8930bb,92a96396-ac33-4bb2-a703-f8aa43bff351,0cf4d8de-f712-40b4-bcc8-83abb02ed7e3,3,2
b077b642-0a3b-412d-98be-82d05226bea1,92a96396-ac33-4bb2-a703-f8aa43bff351,0cf4d8de-f712-40b4-bcc8-83abb02ed7e3,3,3
14aeddde-0676-4b89-9a8a-4281cd365657,92a96396-ac33-4bb2-a703-f8aa43bff351,d26e87e0-0087-41c6-8065-6aad5d978a3e,3,4
a7bafb8f-74d9-4206-ab20-09d6c6c83d52,92a96396-ac33-4bb2-a703-f8aa43bff351,28c21e10-d600-4572-94bb-34a6a64dc5f0,3,5
a003b762-6780-431f-ab79-1b0ac9f846eb,92a96396-ac33-4bb2-a703-f8aa43bff351,28c21e10-d600-4572-94bb-34a6a64dc5f0,3,6
1b7869a4-2ed2-46c7-8f0d-e2e028e8a5d7,92a96396-ac33-4bb2-a703-f8aa43bff351,0cf4d8de-f712-40b4-bcc8-83abb02ed7e3,3,7
c9040547-46c7-4ec9-a1be-2d1c16435528,92a96396-ac33-4bb2-a703-f8aa43bff351,28c21e10-d600-4572-94bb-34a6a64dc5f0,4,1
af4553dc-34fd-49ec-87ba-4a7b74c18c49,92a96396-ac33-4bb2-a703-f8aa43bff351,0cf4d8de-f712-40b4-bcc8-83abb02ed7e3,4,2
15291dfc-91a0-47c9-bdb1-5551150cdb1f,92a96396-ac33-4bb2-a703-f8aa43bff351,28c21e10-d600-4572-94bb-34a6a64dc5f0,4,3
ec465236-2faa-4c0b-93cb-976245b40261,92a96396-ac33-4bb2-a703-f8aa43bff351,d26e87e0-0087-41c6-8065-6aad5d978a3e,4,4
31927900-4f45-4adb-b7e8-2706c045be27,92a96396-ac33-4bb2-a703-f8aa43bff351,d26e87e0-0087-41c6-8065-6aad5d978a3e,4,5
8ae0f4b3-90cf-49eb-b30f-a17ada6bf7ca,92a96396-ac33-4bb2-a703-f8aa43bff351,28c21e10-d600-4572-94bb-34a6a64dc5f0,4,6
e9ed468d-f45f-4143-8038-a3d0de8f5610,92a96396-ac33-4bb2-a703-f8aa43bff351,0cf4d8de-f712-40b4-bcc8-83abb02ed7e3,4,7
8f887de0-aeee-4553-b767-c82541b62b8d,92a96396-ac33-4bb2-a703-f8aa43bff351,febbe127-2135-4fc4-a056-f6cd1fb27f6c,5,1
501270ab-fd6b-4160-9a50-59047525ecad,92a96396-ac33-4bb2-a703-f8aa43bff351,0cf4d8de-f712-40b4-bcc8-83abb02ed7e3,5,2
cab16e8b-06d0-4396-9387-e7fe6eb43cb5,92a96396-ac33-4bb2-a703-f8aa43bff351,28c21e10-d600-4572-94bb-34a6a64dc5f0,5,3
634644a1-f87c-493f-8878-eed8786e1fd2,92a96396-ac33-4bb2-a703-f8aa43bff351,febbe127-2135-4fc4-a056-f6cd1fb27f6c,5,4
bb4f9b16-efed-41f0-88e4-cf3dc5f00cfe,92a96396-ac33-4bb2-a703-f8aa43bff351,28c21e10-d600-4572-94bb-34a6a64dc5f0,5,5
4d00a102-e918-4756-ab78-1288c1407d79,92a96396-ac33-4bb2-a703-f8aa43bff351,d26e87e0-0087-41c6-8065-6aad5d978a3e,5,6
78c25d46-7300-4c39-9162-081990aff6b9,92a96396-ac33-4bb2-a703-f8aa43bff351,febbe127-2135-4fc4-a056-f6cd1fb27f6c,5,7
213e4454-ddf5-47c8-b365-ac581b027365,92a96396-ac33-4bb2-a703-f8aa43bff351,28c21e10-d600-4572-94bb-34a6a64dc5f0,6,1
fdfd8131-0b1c-4abd-998e-d6c59e9c2ff7,92a96396-ac33-4bb2-a703-f8aa43bff351,febbe127-2135-4fc4-a056-f6cd1fb27f6c,6,2
a135254d-a33e-466e-a31f-c046414dd6e6,92a96396-ac33-4bb2-a703-f8aa43bff351,0cf4d8de-f712-40b4-bcc8-83abb02ed7e3,6,3
3ab3ebe9-33a3-48fe-9853-7c56c9d10456,92a96396-ac33-4bb2-a703-f8aa43bff351,28c21e10-d600-4572-94bb-34a6a64dc5f0,6,4
2d2c1854-ede1-4d5e-aefa-d3095abed42c,92a96396-ac33-4bb2-a703-f8aa43bff351,febbe127-2135-4fc4-a056-f6cd1fb27f6c,6,5
be619fe4-03ac-41d3-84c4-fe0ee54ac065,92a96396-ac33-4bb2-a703-f8aa43bff351,d26e87e0-0087-41c6-8065-6aad5d978a3e,6,6
cdc291d5-b5cb-43a5-a333-5c334519bb7e,92a96396-ac33-4bb2-a703-f8aa43bff351,febbe127-2135-4fc4-a056-f6cd1fb27f6c,6,7
099b9f4d-f4f2-4cd3-986c-e177e38ea20c,92a96396-ac33-4bb2-a703-f8aa43bff351,0cf4d8de-f712-40b4-bcc8-83abb02ed7e3,7,1
df85a467-88d8-4f44-b9c3-91966ee239a0,92a96396-ac33-4bb2-a703-f8aa43bff351,febbe127-2135-4fc4-a056-f6cd1fb27f6c,7,2
99bc269e-7351-4dcc-ac7f-75feb97e2bf4,92a96396-ac33-4bb2-a703-f8aa43bff351,febbe127-2135-4fc4-a056-f6cd1fb27f6c,7,3
7d575069-88b0-4bd6-afc9-4eb6c6ad194b,92a96396-ac33-4bb2-a703-f8aa43bff351,d26e87e0-0087-41c6-8065-6aad5d978a3e,7,4
d7eaa0ee-8b72-4428-bd0d-0388c7e5cbbf,92a96396-ac33-4bb2-a703-f8aa43bff351,0cf4d8de-f712-40b4-bcc8-83abb02ed7e3,7,5
1909c87e-1c44-4461-a544-b8e401263fc2,92a96396-ac33-4bb2-a703-f8aa43bff351,0cf4d8de-f712-40b4-bcc8-83abb02ed7e3,7,6
d87e6f3f-669d-47b0-a6af-2c745a2b3a60,92a96396-ac33-4bb2-a703-f8aa43bff351,0cf4d8de-f712-40b4-bcc8-83abb02ed7e3,7,7
e66d4af6-d34f-4dcb-b4bc-b47736603059,92a96396-ac33-4bb2-a703-f8aa43bff351,28c21e10-d600-4572-94bb-34a6a64dc5f0,8,1
b4a44fae-2883-4c1c-ba1f-c51872fb8173,92a96396-ac33-4bb2-a703-f8aa43bff351,0cf4d8de-f712-40b4-bcc8-83abb02ed7e3,8,2
017fab1a-9b16-4463-91a5-d656b9c8bf79,92a96396-ac33-4bb2-a703-f8aa43bff351,d26e87e0-0087-41c6-8065-6aad5d978a3e,8,3
259db0ea-3a26-43fd-9cf4-7be5e775669d,92a96396-ac33-4bb2-a703-f8aa43bff351,28c21e10-d600-4572-94bb-34a6a64dc5f0,8,4
b0b0f961-e6be-427f-a87b-1a11a60a487e,92a96396-ac33-4bb2-a703-f8aa43bff351,febbe127-2135-4fc4-a056-f6cd1fb27f6c,8,5
fcd67353-b325-4735-bcc7-80051a84a10c,92a96396-ac33-4bb2-a703-f8aa43bff351,febbe127-2135-4fc4-a056-f6cd1fb27f6c,8,6
3657ca25-be91-4c51-96ff-ad4e152ec6ea,92a96396-ac33-4bb2-a703-f8aa43bff351,0cf4d8de-f712-40b4-bcc8-83abb02ed7e3,8,7
9d3b97d4-f344-4e10-b49d-5fbd7f35e0db,92a96396-ac33-4bb2-a703-f8aa43bff351,d26e87e0-0087-41c6-8065-6aad5d978a3e,9,1
4bb9dc25-821a-401f-8d12-11fe8aeb7fed,92a96396-ac33-4bb2-a703-f8aa43bff351,28c21e10-d600-4572-94bb-34a6a64dc5f0,9,2
98e31f82-2c07-475e-8e14-965d21b458b8,92a96396-ac33-4bb2-a703-f8aa43bff351,d26e87e0-0087-41c6-8065-6aad5d978a3e,9,3
dad59220-ee29-47a0-bd7d-a0069595f760,92a96396-ac33-4bb2-a703-f8aa43bff351,febbe127-2135-4fc4-a056-f6cd1fb27f6c,9,4
5b0c29c0-d5db-4feb-a281-ac2f2dd78b2f,92a96396-ac33-4bb2-a703-f8aa43bff351,0cf4d8de-f712-40b4-bcc8-83abb02ed7e3,9,5
4a68263d-2438-4767-818d-8e1740668803,92a96396-ac33-4bb2-a703-f8aa43bff351,febbe127-2135-4fc4-a056-f6cd1fb27f6c,9,6
c9ab27f4-c57c-490a-8757-99be0eb67b3a,92a96396-ac33-4bb2-a703-f8aa43bff351,febbe127-2135-4fc4-a056-f6cd1fb27f6c,9,7
457d3285-1588-435a-a5d8-017c15f515ac,92a96396-ac33-4bb2-a703-f8aa43bff351,d26e87e0-0087-41c6-8065-6aad5d978a3e,10,1
0c460bd9-a359-4242-ac3c-3b478688693c,92a96396-ac33-4bb2-a703-f8aa43bff351,febbe127-2135-4fc4-a056-f6cd1fb27f6c,10,2
5a8335b0-6523-4da4-ac72-a643f0c188d3,92a96396-ac33-4bb2-a703-f8aa43bff351,febbe127-2135-4fc4-a056-f6cd1fb27f6c,10,3
dbfcdb91-ff5b-47ae-b246-22ed7d1798ac,92a96396-ac33-4bb2-a703-f8aa43bff351,0cf4d8de-f712-40b4-bcc8-83abb02ed7e3,10,4
6949c729-357a-45f3-a08f-ace6f6427e0b,92a96396-ac33-4bb2-a703-f8aa43bff351,28c21e10-d600-4572-94bb-34a6a64dc5f0,10,5
39518f75-1719-48d9-9b95-f55f79608b14,92a96396-ac33-4bb2-a703-f8aa43bff351,0cf4d8de-f712-40b4-bcc8-83abb02ed7e3,10,6
2075ae11-f071-41f2-842f-2830f41560d5,92a96396-ac33-4bb2-a703-f8aa43bff351,28c21e10-d600-4572-94bb-34a6a64dc5f0,10,7
1191cf44-d7ba-436e-be03-34a94ed25d83,92a96396-ac33-4bb2-a703-f8aa43bff351,d26e87e0-0087-41c6-8065-6aad5d978a3e,11,1
58097764-802b-4a69-9c93-0c129c318c63,92a96396-ac33-4bb2-a703-f8aa43bff351,febbe127-2135-4fc4-a056-f6cd1fb27f6c,11,2
d626ac9f-3e32-4487-9866-20398361dd8e,92a96396-ac33-4bb2-a703-f8aa43bff351,febbe127-2135-4fc4-a056-f6cd1fb27f6c,11,3
975cf1a6-cde4-47c0-9fd6-38027249f08b,92a96396-ac33-4bb2-a703-f8aa43bff351,28c21e10-d600-4572-94bb-34a6a64dc5f0,11,4
5b52559b-ec26-4458-a4a2-f825c3d90978,92a96396-ac33-4bb2-a703-f8aa43bff351,febbe127-2135-4fc4-a056-f6cd1fb27f6c,11,5
01a3b5b5-08a6-4c68-bbfa-29ca3971c73c,92a96396-ac33-4bb2-a703-f8aa43bff351,d26e87e0-0087-41c6-8065-6aad5d978a3e,11,6
102412f6-5009-4936-9439-3e65e4537bc3,92a96396-ac33-4bb2-a703-f8aa43bff351,febbe127-2135-4fc4-a056-f6cd1fb27f6c,11,7
e33ae59e-7b49-45b3-8bfd-a8e8bfa1e6cb,92a96396-ac33-4bb2-a703-f8aa43bff351,0cf4d8de-f712-40b4-bcc8-83abb02ed7e3,12,1
1d160171-836e-403c-8e1c-3855213d2ea5,92a96396-ac33-4bb2-a703-f8aa43bff351,febbe127-2135-4fc4-a056-f6cd1fb27f6c,12,2
0116008c-fd78-4375-ad8d-44ff6af13ccd,92a96396-ac33-4bb2-a703-f8aa43bff351,febbe127-2135-4fc4-a056-f6cd1fb27f6c,12,3
ae18ae40-1a66-45cc-8b82-5bbb20e4a3da,92a96396-ac33-4bb2-a703-f8aa43bff351,febbe127-2135-4fc4-a056-f6cd1fb27f6c,12,4
dee7bfd1-e818-4383-8086-842b86944f3c,92a96396-ac33-4bb2-a703-f8aa43bff351,d26e87e0-0087-41c6-8065-6aad5d978a3e,12,5
c64d1196-fc2b-4297-8937-b796f5e7c98b,92a96396-ac33-4bb2-a703-f8aa43bff351,28c21e10-d600-4572-94bb-34a6a64dc5f0,12,6
f688db65-9ed2-4073-b5ab-6c5e13f31191,92a96396-ac33-4bb2-a703-f8aa43bff351,d26e87e0-0087-41c6-8065-6aad5d978a3e,12,7
3a679bca-ca63-401f-8c4d-ed86a86aed36,92a96396-ac33-4bb2-a703-f8aa43bff351,febbe127-2135-4fc4-a056-f6cd1fb27f6c,13,1
f3d252d8-59d5-4f84-8fe1-c63c1ab515a7,92a96396-ac33-4bb2-a703-f8aa43bff351,febbe127-2135-4fc4-a056-f6cd1fb27f6c,13,2
6ae6b2fb-5ece-4921-88c4-9c2189fcb0f6,92a96396-ac33-4bb2-a703-f8aa43bff351,d26e87e0-0087-41c6-8065-6aad5d978a3e,13,3
72313df3-5e88-488e-8791-f2eaa6f76895,92a96396-ac33-4bb2-a703-f8aa43bff351,0cf4d8de-f712-40b4-bcc8-83abb02ed7e3,13,4
369a6e02-1db8-4e20-b6eb-48a195cc5fda,92a96396-ac33-4bb2-a703-f8aa43bff351,0cf4d8de-f712-40b4-bcc8-83abb02ed7e3,13,5
a6105053-df79-44d9-a3ad-8f22e72fff10,92a96396-ac33-4bb2-a703-f8aa43bff351,febbe127-2135-4fc4-a056-f6cd1fb27f6c,13,6
8d2f6774-dea6-4e49-ac63-56922f34c82a,92a96396-ac33-4bb2-a703-f8aa43bff351,d26e87e0-0087-41c6-8065-6aad5d978a3e,13,7
f721ab24-1844-4b25-b09c-ce386d00efdc,92a96396-ac33-4bb2-a703-f8aa43bff351,0cf4d8de-f712-40b4-bcc8-83abb02ed7e3,14,1
477de145-64b0-44fa-8fb4-710c6affef42,92a96396-ac33-4bb2-a703-f8aa43bff351,0cf4d8de-f712-40b4-bcc8-83abb02ed7e3,14,2
a2e7908c-a715-43bd-8497-db3407503d45,92a96396-ac33-4bb2-a703-f8aa43bff351,febbe127-2135-4fc4-a056-f6cd1fb27f6c,14,3
3c9098f5-bcc0-4050-8e09-98c97da25734,92a96396-ac33-4bb2-a703-f8aa43bff351,d26e87e0-0087-41c6-8065-6aad5d978a3e,14,4
dbcb771a-40f2-4759-bdf3-b74100904a0a,92a96396-ac33-4bb2-a703-f8aa43bff351,28c21e10-d600-4572-94bb-34a6a64dc5f0,14,5
477c0a33-603d-46ca-84d5-971c177f9d8e,92a96396-ac33-4bb2-a703-f8aa43bff351,febbe127-2135-4fc4-a056-f6cd1fb27f6c,14,6
f11bb45a-81ca-483e-a30e-95956b499daf,92a96396-ac33-4bb2-a703-f8aa43bff351,0cf4d8de-f712-40b4-bcc8-83abb02ed7e3,14,7
1c8b8154-6695-4328-8dfb-e439c2ec547e,05e81d16-559b-47bb-82e3-b8530bdbc109,febbe127-2135-4fc4-a056-f6cd1fb27f6c,1,1
c0f95f4a-be1d-4523-bb5d-e7db5aa22e48,05e81d16-559b-47bb-82e3-b8530bdbc109,0cf4d8de-f712-40b4-bcc8-83abb02ed7e3,1,2
4db1e635-9f2e-4929-8240-329b553813c2,05e81d16-559b-47bb-82e3-b8530bdbc109,28c21e10-d600-4572-94bb-34a6a64dc5f0,1,3
9f45e431-6488-4559-a94e-8868331f1659,05e81d16-559b-47bb-82e3-b8530bdbc109,febbe127-2135-4fc4-a056-f6cd1fb27f6c,1,4
44a6b24d-974c-4e9a-a733-5b68fc8fb069,05e81d16-559b-47bb-82e3-b8530bdbc109,28c21e10-d600-4572-94bb-34a6a64dc5f0,1,5
3a82b4bf-c602-44e2-a115-515448c597ad,05e81d16-559b-47bb-82e3-b8530bdbc109,0cf4d8de-f712-40b4-bcc8-83abb02ed7e3,1,6
829ed3d2-918a-4656-b73a-227b0c904040,05e81d16-559b-47bb-82e3-b8530bdbc109,28c21e10-d600-4572-94bb-34a6a64dc5f0,1,7
8b68679a-7195-4683-86cb-7d55a1ac9a4e,05e81d16-559b-47bb-82e3-b8530bdbc109,28c21e10-d600-4572-94bb-34a6a64dc5f0,1,8
ff7bfc17-47cb-4a8c-9788-cfdedc329fb9,05e81d16-559b-47bb-82e3-b8530bdbc109,28c21e10-d600-4572-94bb-34a6a64dc5f0,1,9
bc67dc3b-d15c-42ac-9352-2ab64390498f,05e81d16-559b-47bb-82e3-b8530bdbc109,febbe127-2135-4fc4-a056-f6cd1fb27f6c,1,10
f5337abd-0d63-4555-87fb-63f051e6770d,05e81d16-559b-47bb-82e3-b8530bdbc109,d26e87e0-0087-41c6-8065-6aad5d978a3e,1,11
06edf5cf-4340-4e5e-8588-a8f1eea624ec,05e81d16-559b-47bb-82e3-b8530bdbc109,0cf4d8de-f712-40b4-bcc8-83abb02ed7e3,2,1
953bda24-fb1c-4897-b69d-2af878a3f0b6,05e81d16-559b-47bb-82e3-b8530bdbc109,febbe127-2135-4fc4-a056-f6cd1fb27f6c,2,2
6459636a-3512-4768-ad22-7df90b92cb53,05e81d16-559b-47bb-82e3-b8530bdbc109,0cf4d8de-f712-40b4-bcc8-83abb02ed7e3,2,3
50fca7fb-85cf-4e3a-a409-9b1ef7f32838,05e81d16-559b-47bb-82e3-b8530bdbc109,28c21e10-d600-4572-94bb-34a6a64dc5f0,2,4
170491b8-aca6-4a74-a3d0-256988aee9bf,05e81d16-559b-47bb-82e3-b8530bdbc109,0cf4d8de-f712-40b4-bcc8-83abb02ed7e3,2,5
71b7e3eb-ddc7-42a1-9231-713ed174ff80,05e81d16-559b-47bb-82e3-b8530bdbc109,28c21e10-d600-4572-94bb-34a6a64dc5f0,2,6
4e67b4df-5b92-435c-bc8a-a523345a7a9f,05e81d16-559b-47bb-82e3-b8530bdbc109,28c21e10-d600-4572-94bb-34a6a64dc5f0,2,7
bee1a3c8-fefb-4da5-9438-b584f09a5311,05e81d16-559b-47bb-82e3-b8530bdbc109,0cf4d8de-f712-40b4-bcc8-83abb02ed7e3,2,8
7a33670c-8df0-446a-8400-31b15d7c07dc,05e81d16-559b-47bb-82e3-b8530bdbc109,28c21e10-d600-4572-94bb-34a6a64dc5f0,2,9
1910d1cb-d646-4410-9e4a-4e38757e4ea9,05e81d16-559b-47bb-82e3-b8530bdbc109,28c21e10-d600-4572-94bb-34a6a64dc5f0,2,10
e2fbc7e9-04bf-49b4-989d-57ee118606be,05e81d16-559b-47bb-82e3-b8530bdbc109,0cf4d8de-f712-40b4-bcc8-83abb02ed7e3,2,11
362ef31c-9492-48c7-bd4e-389272fb4af4,05e81d16-559b-47bb-82e3-b8530bdbc109,febbe127-2135-4fc4-a056-f6cd1fb27f6c,3,1
05c76c0e-bc62-48f6-b28b-fbf1e1539197,05e81d16-559b-47bb-82e3-b8530bdbc109,28c21e10-d600-4572-94bb-34a6a64dc5f0,3,2
2bd8cabd-caaf-45b8-8101-9bdb9afcf426,05e81d16-559b-47bb-82e3-b8530bdbc109,28c21e10-d600-4572-94bb-34a6a64dc5f0,3,3
8829cd2b-3941-4058-9b9a-f8275e9050a5,05e81d16-559b-47bb-82e3-b8530bdbc109,0cf4d8de-f712-40b4-bcc8-83abb02ed7e3,3,4
c41d9f8e-0e64-44f8-bb09-0f80ba92d477,05e81d16-559b-47bb-82e3-b8530bdbc109,28c21e10-d600-4572-94bb-34a6a64dc5f0,3,5
70ce310e-6b38-4fbb-afa1-318e66227049,05e81d16-559b-47bb-82e3-b8530bdbc109,0cf4d8de-f712-40b4-bcc8-83abb02ed7e3,3,6
aa1b218d-3290-4f1d-94e6-de451e262989,05e81d16-559b-47bb-82e3-b8530bdbc109,febbe127-2135-4fc4-a056-f6cd1fb27f6c,3,7
6934d94c-289e-422f-b0ba-1ea55028b7e6,05e81d16-559b-47bb-82e3-b8530bdbc109,febbe127-2135-4fc4-a056-f6cd1fb27f6c,3,8
5302dbc1-3f0d-4844-a3c5-f159a1b817a9,05e81d16-559b-47bb-82e3-b8530bdbc109,28c21e10-d600-4572-94bb-34a6a64dc5f0,3,9
3d417da5-1ff2-4775-8711-6d0fdbd97f14,05e81d16-559b-47bb-82e3-b8530bdbc109,28c21e10-d600-4572-94bb-34a6a64dc5f0,3,10
e8936643-84a2-4697-8d9f-48b613a7890b,05e81d16-559b-47bb-82e3-b8530bdbc109,febbe127-2135-4fc4-a056-f6cd1fb27f6c,3,11
2ee6505a-cdd7-4912-90d3-fd9028e1be15,05e81d16-559b-47bb-82e3-b8530bdbc109,febbe127-2135-4fc4-a056-f6cd1fb27f6c,4,1
8ea23741-c986-4cb5-baef-f75d9acb02cb,05e81d16-559b-47bb-82e3-b8530bdbc109,d26e87e0-0087-41c6-8065-6aad5d978a3e,4,2
8585ed29-14d6-4de0-b742-51751c76b857,05e81d16-559b-47bb-82e3-b8530bdbc109,0cf4d8de-f712-40b4-bcc8-83abb02ed7e3,4,3
61508198-f3a6-479c-9c5f-9592f9795b7c,05e81d16-559b-47bb-82e3-b8530bdbc109,febbe127-2135-4fc4-a056-f6cd1fb27f6c,4,4
d71717c2-30c9-4208-98fa-74756021e75c,05e81d16-559b-47bb-82e3-b8530bdbc109,28c21e10-d600-4572-94bb-34a6a64dc5f0,4,5
4707ff09-60ba-47e9-98d6-4dd0e84668fc,05e81d16-559b-47bb-82e3-b8530bdbc109,d26e87e0-0087-41c6-8065-6aad5d978a3e,4,6
0c259cec-d65c-4f6b-9705-f849eeae6c56,05e81d16-559b-47bb-82e3-b8530bdbc109,d26e87e0-0087-41c6-8065-6aad5d978a3e,4,7
04612a44-9dff-4938-a9bb-ec6e9ed24495,05e81d16-559b-47bb-82e3-b8530bdbc109,febbe127-2135-4fc4-a056-f6cd1fb27f6c,4,8
509abd31-8459-4e99-9433-d91adbfa012f,05e81d16-559b-47bb-82e3-b8530bdbc109,d26e87e0-0087-41c6-8065-6aad5d978a3e,4,9
a35b317c-1f4c-4988-8e93-e96be951c04f,05e81d16-559b-47bb-82e3-b8530bdbc109,28c21e10-d600-4572-94bb-34a6a64dc5f0,4,10
99f95508-17b1-4217-8076-15b7aabb50b8,05e81d16-559b-47bb-82e3-b8530bdbc109,0cf4d8de-f712-40b4-bcc8-83abb02ed7e3,4,11
7be6012f-d76c-4d24-a3fb-bbec76ee3bb9,05e81d16-559b-47bb-82e3-b8530bdbc109,febbe127-2135-4fc4-a056-f6cd1fb27f6c,5,1
e77891f0-81cf-4de5-815e-5fd388c4a8f0,05e81d16-559b-47bb-82e3-b8530bdbc109,d26e87e0-0087-41c6-8065-6aad5d978a3e,5,2
41d96a97-52f1-468e-bc5f-047a235b0fee,05e81d16-559b-47bb-82e3-b8530bdbc109,d26e87e0-0087-41c6-8065-6aad5d978a3e,5,3
99c14846-94d3-4b4b-8787-002e3fe0043f,05e81d16-559b-47bb-82e3-b8530bdbc109,d26e87e0-0087-41c6-8065-6aad5d978a3e,5,4
801b2e04-dab4-4dcc-b58e-c5ef5118979c,05e81d16-559b-47bb-82e3-b8530bdbc109,d26e87e0-0087-41c6-8065-6aad5d978a3e,5,5
d1bec0e2-7009-4e3d-8733-0764789c0d80,05e81d16-559b-47bb-82e3-b8530bdbc109,febbe127-2135-4fc4-a056-f6cd1fb27f6c,5,6
e9bd8dae-9d1b-4e59-b42a-d35a6bf66e0f,05e81d16-559b-47bb-82e3-b8530bdbc109,d26e87e0-0087-41c6-8065-6aad5d978a3e,5,7
815c4ac3-09f3-4151-97b9-7ff146de016a,05e81d16-559b-47bb-82e3-b8530bdbc109,febbe127-2135-4fc4-a056-f6cd1fb27f6c,5,8
f20984bd-9dea-44b1-ba61-00254e76932b,05e81d16-559b-47bb-82e3-b8530bdbc109,febbe127-2135-4fc4-a056-f6cd1fb27f6c,5,9
df141b86-2822-4315-bf37-a50c5d2e0230,05e81d16-559b-47bb-82e3-b8530bdbc109,febbe127-2135-4fc4-a056-f6cd1fb27f6c,5,10
5095bb1d-108f-4682-a2c3-cc04468b5b91,05e81d16-559b-47bb-82e3-b8530bdbc109,d26e87e0-0087-41c6-8065-6aad5d978a3e,5,11
de8b427a-bb05-4070-ba1d-573d6ae5c311,05e81d16-559b-47bb-82e3-b8530bdbc109,febbe127-2135-4fc4-a056-f6cd1fb27f6c,6,1
a8097d22-f176-427d-8000-a1d0be2ce3a7,05e81d16-559b-47bb-82e3-b8530bdbc109,28c21e10-d600-4572-94bb-34a6a64dc5f0,6,2
9a461af2-a881-4372-a584-58fbc7fc64a5,05e81d16-559b-47bb-82e3-b8530bdbc109,d26e87e0-0087-41c6-8065-6aad5d978a3e,6,3
80f0d197-c835-4bb4-a02a-26e3ed57680e,05e81d16-559b-47bb-82e3-b8530bdbc109,febbe127-2135-4fc4-a056-f6cd1fb27f6c,6,4
1b5a7841-54a8-49c2-86bd-dd7ca147bbbb,05e81d16-559b-47bb-82e3-b8530bdbc109,0cf4d8de-f712-40b4-bcc8-83abb02ed7e3,6,5
825d2286-93c1-4901-a76d-c3e834085121,05e81d16-559b-47bb-82e3-b8530bdbc109,febbe127-2135-4fc4-a056-f6cd1fb27f6c,6,6
3ce22073-bd1f-432a-a334-050693faa60a,05e81d16-559b-47bb-82e3-b8530bdbc109,d26e87e0-0087-41c6-8065-6aad5d978a3e,6,7
29d8df6b-0e99-42d4-b510-d92b9acbf86c,05e81d16-559b-47bb-82e3-b8530bdbc109,0cf4d8de-f712-40b4-bcc8-83abb02ed7e3,6,8
8e0291bf-8ec9-4262-806e-008066a0d277,05e81d16-559b-47bb-82e3-b8530bdbc109,0cf4d8de-f712-40b4-bcc8-83abb02ed7e3,6,9
ffdf4e5b-7f67-4d4c-876b-c9e7ab95dc9e,05e81d16-559b-47bb-82e3-b8530bdbc109,d26e87e0-0087-41c6-8065-6aad5d978a3e,6,10
93cd3ec4-b06e-43c8-878a-97176c2096fe,05e81d16-559b-47bb-82e3-b8530bdbc109,28c21e10-d600-4572-94bb-34a6a64dc5f0,6,11
7989afab-9c6a-4a18-9044-89cc74fcb6a6,05e81d16-559b-47bb-82e3-b8530bdbc109,febbe127-2135-4fc4-a056-f6cd1fb27f6c,7,1
5016c0cf-f380-4651-9356-c01c0b3d404f,05e81d16-559b-47bb-82e3-b8530bdbc109,28c21e10-d600-4572-94bb-34a6a64dc5f0,7,2
9f66edab-5d39-4147-b186-66b4b517dbba,05e81d16-559b-47bb-82e3-b8530bdbc109,0cf4d8de-f712-40b4-bcc8-83abb02ed7e3,7,3
ec25de4f-ea41-4208-bfde-66ebfd5b0d42,05e81d16-559b-47bb-82e3-b8530bdbc109,d26e87e0-0087-41c6-8065-6aad5d978a3e,7,4
a8e87e0b-ea63-4a99-8c9e-67ac322394a1,05e81d16-559b-47bb-82e3-b8530bdbc109,28c21e10-d600-4572-94bb-34a6a64dc5f0,7,5
9e5a8e09-8a54-4c0e-90b1-33e4044a26d2,05e81d16-559b-47bb-82e3-b8530bdbc109,0cf4d8de-f712-40b4-bcc8-83abb02ed7e3,7,6
fcc41989-993a-410a-951f-54db94b4d59c,05e81d16-559b-47bb-82e3-b8530bdbc109,0cf4d8de-f712-40b4-bcc8-83abb02ed7e3,7,7
e78e3469-98a3-4dc6-a6f7-961bc9475337,05e81d16-559b-47bb-82e3-b8530bdbc109,28c21e10-d600-4572-94bb-34a6a64dc5f0,7,8
fe399c93-c331-4026-b4b2-73f462a8863a,05e81d16-559b-47bb-82e3-b8530bdbc109,0cf4d8de-f712-40b4-bcc8-83abb02ed7e3,7,9
ee735320-d5e5-4b2d-9b01-46ba298f3ee4,05e81d16-559b-47bb-82e3-b8530bdbc109,febbe127-2135-4fc4-a056-f6cd1fb27f6c,7,10
416c7141-f49b-4285-9fad-098b9f8b0209,05e81d16-559b-47bb-82e3-b8530bdbc109,febbe127-2135-4fc4-a056-f6cd1fb27f6c,8,1
7b874209-e167-4806-b79a-f8a41e8a1912,05e81d16-559b-47bb-82e3-b8530bdbc109,0cf4d8de-f712-40b4-bcc8-83abb02ed7e3,8,2
c3de6c98-7745-4dcd-92de-483ea486ad54,05e81d16-559b-47bb-82e3-b8530bdbc109,febbe127-2135-4fc4-a056-f6cd1fb27f6c,8,3
cefdb141-4836-40f4-bfdc-2c7d6b36c4cc,05e81d16-559b-47bb-82e3-b8530bdbc109,d26e87e0-0087-41c6-8065-6aad5d978a3e,8,4
7389d3bd-e229-4311-ba9f-f3ff59595de2,05e81d16-559b-47bb-82e3-b8530bdbc109,d26e87e0-0087-41c6-8065-6aad5d978a3e,8,5
607c6232-9816-4c85-8c14-c61115c64f3f,05e81d16-559b-47bb-82e3-b8530bdbc109,0cf4d8de-f712-40b4-bcc8-83abb02ed7e3,8,6
5e04c6a1-7f2d-406f-91da-9a02a2d93ab8,05e81d16-559b-47bb-82e3-b8530bdbc109,0cf4d8de-f712-40b4-bcc8-83abb02ed7e3,8,7
100f097c-ae75-4ebf-bd64-aaa49c00e4c6,05e81d16-559b-47bb-82e3-b8530bdbc109,0cf4d8de-f712-40b4-bcc8-83abb02ed7e3,8,8
391c33f2-9219-4097-94c5-6c02b3e916c0,05e81d16-559b-47bb-82e3-b8530bdbc109,0cf4d8de-f712-40b4-bcc8-83abb02ed7e3,8,9
e83cdaeb-d053-4147-8983-fd247498a863,05e81d16-559b-47bb-82e3-b8530bdbc109,28c21e10-d600-4572-94bb-34a6a64dc5f0,8,10
bee5bd1c-15a9-4c50-85ae-8a7e43601f66,05e81d16-559b-47bb-82e3-b8530bdbc109,28c21e10-d600-4572-94bb-34a6a64dc5f0,9,1
34b03a1c-ac53-48f8-930a-bf428db1a5ea,05e81d16-559b-47bb-82e3-b8530bdbc109,febbe127-2135-4fc4-a056-f6cd1fb27f6c,9,2
7ce74249-89ea-4757-a7fd-376b231fc998,05e81d16-559b-47bb-82e3-b8530bdbc109,febbe127-2135-4fc4-a056-f6cd1fb27f6c,9,3
89aa1e77-dad5-4dee-9ec1-a1b176ee071a,05e81d16-559b-47bb-82e3-b8530bdbc109,0cf4d8de-f712-40b4-bcc8-83abb02ed7e3,9,4
b001c97c-9934-4358-a68f-23fa032491bf,05e81d16-559b-47bb-82e3-b8530bdbc109,0cf4d8de-f712-40b4-bcc8-83abb02ed7e3,9,5
c1a4ce7e-3732-4103-b5bf-a05d866a41f3,05e81d16-559b-47bb-82e3-b8530bdbc109,28c21e10-d600-4572-94bb-34a6a64dc5f0,9,6
34a95370-e130-4073-b2e6-d0ffd04b91f2,05e81d16-559b-47bb-82e3-b8530bdbc109,28c21e10-d600-4572-94bb-34a6a64dc5f0,9,7
5fa07a28-668f-4fa3-af56-27190aa7c3e4,05e81d16-559b-47bb-82e3-b8530bdbc109,febbe127-2135-4fc4-a056-f6cd1fb27f6c,9,8
1664af6b-3415-4479-afd3-db1aa2f4e19c,05e81d16-559b-47bb-82e3-b8530bdbc109,febbe127-2135-4fc4-a056-f6cd1fb27f6c,9,9
ccb75e49-fbb0-4185-983e-2605b5ec7502,05e81d16-559b-47bb-82e3-b8530bdbc109,28c21e10-d600-4572-94bb-34a6a64dc5f0,9,10
3a8e8359-4859-4c3d-a07f-15b207fef7b3,05e81d16-559b-47bb-82e3-b8530bdbc109,28c21e10-d600-4572-94bb-34a6a64dc5f0,10,1
92300bd3-abe3-4d10-857e-82b3462517ac,05e81d16-559b-47bb-82e3-b8530bdbc109,0cf4d8de-f712-40b4-bcc8-83abb02ed7e3,10,2
14ee602c-91b0-445b-9ca7-da6accf14c39,05e81d16-559b-47bb-82e3-b8530bdbc109,d26e87e0-0087-41c6-8065-6aad5d978a3e,10,3
cf610df1-8818-46b3-8786-385b66aed2e9,05e81d16-559b-47bb-82e3-b8530bdbc109,28c21e10-d600-4572-94bb-34a6a64dc5f0,10,4
7e87d53f-de44-4cf2-9fc1-e9d504ffeb46,05e81d16-559b-47bb-82e3-b8530bdbc109,28c21e10-d600-4572-94bb-34a6a64dc5f0,10,5
753bed30-05a6-4f5a-957f-b703448f9164,05e81d16-559b-47bb-82e3-b8530bdbc109,0cf4d8de-f712-40b4-bcc8-83abb02ed7e3,10,6
81510c93-313c-4b30-903e-2971af541db4,05e81d16-559b-47bb-82e3-b8530bdbc109,febbe127-2135-4fc4-a056-f6cd1fb27f6c,10,7
89a8c4cb-b4dc-4587-b3cd-262c284b08bd,05e81d16-559b-47bb-82e3-b8530bdbc109,d26e87e0-0087-41c6-8065-6aad5d978a3e,10,8
19355288-f201-4d22-a26e-832eced8f551,05e81d16-559b-47bb-82e3-b8530bdbc109,28c21e10-d600-4572-94bb-34a6a64dc5f0,10,9
2331db59-a577-493f-a866-d6e5d2834c07,05e81d16-559b-47bb-82e3-b8530bdbc109,0cf4d8de-f712-40b4-bcc8-83abb02ed7e3,10,10
21406459-0702-4b32-b53d-2a8e9a794e43,05e81d16-559b-47bb-82e3-b8530bdbc109,d26e87e0-0087-41c6-8065-6aad5d978a3e,11,1
53555791-7d5f-4fba-b8a3-78d8a57cf0ac,05e81d16-559b-47bb-82e3-b8530bdbc109,28c21e10-d600-4572-94bb-34a6a64dc5f0,11,2
91eace1b-3dbe-4108-aa28-da0e92ce1611,05e81d16-559b-47bb-82e3-b8530bdbc109,febbe127-2135-4fc4-a056-f6cd1fb27f6c,11,3
b272cb69-bfca-4f22-a31b-8023d5cc824f,05e81d16-559b-47bb-82e3-b8530bdbc109,d26e87e0-0087-41c6-8065-6aad5d978a3e,11,4
ffe02da2-06c2-4ef5-8845-3808fe2994fa,05e81d16-559b-47bb-82e3-b8530bdbc109,d26e87e0-0087-41c6-8065-6aad5d978a3e,11,5
31588865-5132-4469-9ddd-a3d180b71167,05e81d16-559b-47bb-82e3-b8530bdbc109,d26e87e0-0087-41c6-8065-6aad5d978a3e,11,6
74d1291b-8135-4db5-8f2d-76ab6e845a67,05e81d16-559b-47bb-82e3-b8530bdbc109,28c21e10-d600-4572-94bb-34a6a64dc5f0,11,7
fe758ccc-3661-4caa-a333-f344e8a0c4c8,05e81d16-559b-47bb-82e3-b8530bdbc109,0cf4d8de-f712-40b4-bcc8-83abb02ed7e3,11,8
76f91805-78cb-46ce-a198-b11cbaa27128,05e81d16-559b-47bb-82e3-b8530bdbc109,febbe127-2135-4fc4-a056-f6cd1fb27f6c,11,9
26a83d52-0978-4d51-bc53-5b466bebe9fe,05e81d16-559b-47bb-82e3-b8530bdbc109,28c21e10-d600-4572-94bb-34a6a64dc5f0,11,10
f410daf2-1c67-4b37-b2c2-987392b2c055,e16750c4-717c-432b-a04f-f09f675691f5,0cf4d8de-f712-40b4-bcc8-83abb02ed7e3,1,1
3d688621-0822-40ed-a214-024283f63632,e16750c4-717c-432b-a04f-f09f675691f5,febbe127-2135-4fc4-a056-f6cd1fb27f6c,1,2
4c2119eb-f1aa-45b2-9627-fc3d3bd3b80a,e16750c4-717c-432b-a04f-f09f675691f5,0cf4d8de-f712-40b4-bcc8-83abb02ed7e3,1,3
226c58d5-cd31-453c-b544-db4acf83d1fe,e16750c4-717c-432b-a04f-f09f675691f5,0cf4d8de-f712-40b4-bcc8-83abb02ed7e3,1,4
191037ab-4f82-47e2-b90a-2abd10e87f60,e16750c4-717c-432b-a04f-f09f675691f5,febbe127-2135-4fc4-a056-f6cd1fb27f6c,1,5
111efe69-ede5-4ba6-a268-a0991b2229a2,e16750c4-717c-432b-a04f-f09f675691f5,febbe127-2135-4fc4-a056-f6cd1fb27f6c,1,6
7885b4a1-c8d7-4841-926a-4e8bf1ebb9db,e16750c4-717c-432b-a04f-f09f675691f5,febbe127-2135-4fc4-a056-f6cd1fb27f6c,1,7
e1af6854-1d5e-41e8-b84b-9df9d94725a9,e16750c4-717c-432b-a04f-f09f675691f5,28c21e10-d600-4572-94bb-34a6a64dc5f0,1,8
690c0b79-cb0d-4b7d-95cb-9aea12b8ea5f,e16750c4-717c-432b-a04f-f09f675691f5,0cf4d8de-f712-40b4-bcc8-83abb02ed7e3,1,9
58eb83a2-b6ec-442c-8b3a-edc2af704779,e16750c4-717c-432b-a04f-f09f675691f5,d26e87e0-0087-41c6-8065-6aad5d978a3e,1,10
10381f73-d86a-41ec-b69f-e6bc38033bcf,e16750c4-717c-432b-a04f-f09f675691f5,febbe127-2135-4fc4-a056-f6cd1fb27f6c,1,11
a9f0c1e2-df5c-4163-b0a1-985c9cda2f8a,e16750c4-717c-432b-a04f-f09f675691f5,28c21e10-d600-4572-94bb-34a6a64dc5f0,2,1
6b9baa50-7a54-4825-818d-78a314ed438e,e16750c4-717c-432b-a04f-f09f675691f5,0cf4d8de-f712-40b4-bcc8-83abb02ed7e3,2,2
46bcc85c-250f-41ed-bdbc-5dfe32f48a65,e16750c4-717c-432b-a04f-f09f675691f5,febbe127-2135-4fc4-a056-f6cd1fb27f6c,2,3
10d9dabe-69dc-4203-8e17-fb04d7c0643f,e16750c4-717c-432b-a04f-f09f675691f5,0cf4d8de-f712-40b4-bcc8-83abb02ed7e3,2,4
b2de3e4e-04bd-48d0-87e9-9e39a0ee7096,e16750c4-717c-432b-a04f-f09f675691f5,0cf4d8de-f712-40b4-bcc8-83abb02ed7e3,2,5
97bdc4ee-8f5e-44ca-973a-0512b549cfb8,e16750c4-717c-432b-a04f-f09f675691f5,0cf4d8de-f712-40b4-bcc8-83abb02ed7e3,2,6
18f12cc8-6f5a-4a53-990e-3bd2f3fc533b,e16750c4-717c-432b-a04f-f09f675691f5,febbe127-2135-4fc4-a056-f6cd1fb27f6c,2,7
cb483e0f-60d1-47f7-83f1-367d16c60835,e16750c4-717c-432b-a04f-f09f675691f5,d26e87e0-0087-41c6-8065-6aad5d978a3e,2,8
29d4bdb4-843a-4da4-b34a-ab26d7476da2,e16750c4-717c-432b-a04f-f09f675691f5,0cf4d8de-f712-40b4-bcc8-83abb02ed7e3,2,9
9fde7dc4-9b6a-43ef-9260-fc1e7b01cfd5,e16750c4-717c-432b-a04f-f09f675691f5,d26e87e0-0087-41c6-8065-6aad5d978a3e,2,10
abfddee0-dcf0-4587-a309-03b54d8c441d,e16750c4-717c-432b-a04f-f09f675691f5,d26e87e0-0087-41c6-8065-6aad5d978a3e,2,11
aadf2b75-a4af-4937-8705-733dbc04c9f7,e16750c4-717c-432b-a04f-f09f675691f5,28c21e10-d600-4572-94bb-34a6a64dc5f0,3,1
28a347d6-e67e-4857-a7f4-02a82b660021,e16750c4-717c-432b-a04f-f09f675691f5,febbe127-2135-4fc4-a056-f6cd1fb27f6c,3,2
5604f237-5f7e-4d4e-8dee-cf1f9faf934a,e16750c4-717c-432b-a04f-f09f675691f5,0cf4d8de-f712-40b4-bcc8-83abb02ed7e3,3,3
43b1ee07-8519-4a48-b1b3-18c47aa4b697,e16750c4-717c-432b-a04f-f09f675691f5,febbe127-2135-4fc4-a056-f6cd1fb27f6c,3,4
d646c04f-79cc-4cfd-b9fa-e210a967669b,e16750c4-717c-432b-a04f-f09f675691f5,febbe127-2135-4fc4-a056-f6cd1fb27f6c,3,5
5ba49920-5dd2-4740-a87d-6a5d6b31757d,e16750c4-717c-432b-a04f-f09f675691f5,28c21e10-d600-4572-94bb-34a6a64dc5f0,3,6
813e593a-44cf-4699-ac0b-189cb058bc77,e16750c4-717c-432b-a04f-f09f675691f5,d26e87e0-0087-41c6-8065-6aad5d978a3e,3,7
2a5677cf-bdd7-42f1-8bcc-8570af834dce,e16750c4-717c-432b-a04f-f09f675691f5,0cf4d8de-f712-40b4-bcc8-83abb02ed7e3,3,8
c33d618a-1efd-4eec-9c7c-2c10005823de,e16750c4-717c-432b-a04f-f09f675691f5,febbe127-2135-4fc4-a056-f6cd1fb27f6c,3,9
a88007a3-7286-493a-931a-d3eb2bfbc0ed,e16750c4-717c-432b-a04f-f09f675691f5,28c21e10-d600-4572-94bb-34a6a64dc5f0,3,10
ddf614d0-b389-4619-8cc4-e1ac66eea2bf,e16750c4-717c-432b-a04f-f09f675691f5,28c21e10-d600-4572-94bb-34a6a64dc5f0,3,11
4ec01e79-b315-4d8d-ba56-7ae6b9046343,e16750c4-717c-432b-a04f-f09f675691f5,d26e87e0-0087-41c6-8065-6aad5d978a3e,4,1
983fb4af-9d1c-4567-ad34-40d38b8c63fb,e16750c4-717c-432b-a04f-f09f675691f5,d26e87e0-0087-41c6-8065-6aad5d978a3e,4,2
f2dd157b-0763-41a0-b4bd-f61e65963b5f,e16750c4-717c-432b-a04f-f09f675691f5,28c21e10-d600-4572-94bb-34a6a64dc5f0,4,3
c80bd717-13a6-41f5-8a64-730b0c51aa84,e16750c4-717c-432b-a04f-f09f675691f5,febbe127-2135-4fc4-a056-f6cd1fb27f6c,4,4
573710f9-dfd5-495f-96b2-d97d9ad1a17b,e16750c4-717c-432b-a04f-f09f675691f5,d26e87e0-0087-41c6-8065-6aad5d978a3e,4,5
cfa2f926-705b-482d-9f27-479d1596724a,e16750c4-717c-432b-a04f-f09f675691f5,28c21e10-d600-4572-94bb-34a6a64dc5f0,4,6
b2956575-1114-4b90-a920-bb093c94c520,e16750c4-717c-432b-a04f-f09f675691f5,d26e87e0-0087-41c6-8065-6aad5d978a3e,4,7
70f3d88b-5812-4ed9-8212-9c08d263ae6d,e16750c4-717c-432b-a04f-f09f675691f5,0cf4d8de-f712-40b4-bcc8-83abb02ed7e3,4,8
2c78e865-3132-48a0-b434-0be1d8204589,e16750c4-717c-432b-a04f-f09f675691f5,0cf4d8de-f712-40b4-bcc8-83abb02ed7e3,4,9
56734540-438a-4ee3-93a4-96f2ef2f10d5,e16750c4-717c-432b-a04f-f09f675691f5,28c21e10-d600-4572-94bb-34a6a64dc5f0,4,10
cb1b2330-c591-42b6-ad8a-0769c9fd2e36,e16750c4-717c-432b-a04f-f09f675691f5,28c21e10-d600-4572-94bb-34a6a64dc5f0,4,11
b7a0ed90-421e-4e34-b361-fdb04a3f161d,e16750c4-717c-432b-a04f-f09f675691f5,0cf4d8de-f712-40b4-bcc8-83abb02ed7e3,5,1
3a44b7e2-b784-45ca-ba08-6624897d4d70,e16750c4-717c-432b-a04f-f09f675691f5,28c21e10-d600-4572-94bb-34a6a64dc5f0,5,2
8392f2ce-f1c2-4934-b31c-76e7a84d3443,e16750c4-717c-432b-a04f-f09f675691f5,d26e87e0-0087-41c6-8065-6aad5d978a3e,5,3
1a1f5d85-5b33-4188-a0d8-276bcf446a2a,e16750c4-717c-432b-a04f-f09f675691f5,28c21e10-d600-4572-94bb-34a6a64dc5f0,5,4
98bd5b41-c26e-4e0b-bd86-6742e84949dc,e16750c4-717c-432b-a04f-f09f675691f5,febbe127-2135-4fc4-a056-f6cd1fb27f6c,5,5
58879f6a-47ef-4f0e-aa24-a558d56e303d,e16750c4-717c-432b-a04f-f09f675691f5,d26e87e0-0087-41c6-8065-6aad5d978a3e,5,6
6b2e5f7b-fd93-4518-9f32-473057c12d4b,e16750c4-717c-432b-a04f-f09f675691f5,28c21e10-d600-4572-94bb-34a6a64dc5f0,5,7
e0103001-1a31-463e-b105-357ae57ee158,e16750c4-717c-432b-a04f-f09f675691f5,28c21e10-d600-4572-94bb-34a6a64dc5f0,5,8
acccdacd-6965-458e-b825-5fc303599d90,e16750c4-717c-432b-a04f-f09f675691f5,28c21e10-d600-4572-94bb-34a6a64dc5f0,5,9
ffaaf4ab-c22b-4778-be91-44c12ff2dd5d,e16750c4-717c-432b-a04f-f09f675691f5,0cf4d8de-f712-40b4-bcc8-83abb02ed7e3,5,10
9b384208-0c02-49fd-8a07-c4b081bb8909,e16750c4-717c-432b-a04f-f09f675691f5,d26e87e0-0087-41c6-8065-6aad5d978a3e,5,11
2e91a046-d6b4-460e-8d16-f5eae19b471a,e16750c4-717c-432b-a04f-f09f675691f5,febbe127-2135-4fc4-a056-f6cd1fb27f6c,6,1
a36e9158-e461-4cbf-a43b-9bb502f64650,e16750c4-717c-432b-a04f-f09f675691f5,d26e87e0-0087-41c6-8065-6aad5d978a3e,6,2
3fd7eeb7-b475-4f2f-b3cd-d477e3f3dc73,e16750c4-717c-432b-a04f-f09f675691f5,0cf4d8de-f712-40b4-bcc8-83abb02ed7e3,6,3
21392b26-cab1-48cb-9f18-86e82783d82d,e16750c4-717c-432b-a04f-f09f675691f5,febbe127-2135-4fc4-a056-f6cd1fb27f6c,6,4
e8d8b7e8-10aa-4705-9835-8ad596136a10,e16750c4-717c-432b-a04f-f09f675691f5,28c21e10-d600-4572-94bb-34a6a64dc5f0,6,5
4526b00b-0280-4ee7-b825-dd1fa1412d6d,e16750c4-717c-432b-a04f-f09f675691f5,0cf4d8de-f712-40b4-bcc8-83abb02ed7e3,6,6
0206a892-3779-4ead-ada3-41bd0a0392ab,e16750c4-717c-432b-a04f-f09f675691f5,febbe127-2135-4fc4-a056-f6cd1fb27f6c,6,7
ff184695-ec20-4edb-89de-e3862becb890,e16750c4-717c-432b-a04f-f09f675691f5,d26e87e0-0087-41c6-8065-6aad5d978a3e,6,8
56716741-30be-4bfd-9d4d-9b7171086a28,e16750c4-717c-432b-a04f-f09f675691f5,28c21e10-d600-4572-94bb-34a6a64dc5f0,6,9
daca72eb-4a8b-4863-b312-aec848978bd9,e16750c4-717c-432b-a04f-f09f675691f5,febbe127-2135-4fc4-a056-f6cd1fb27f6c,6,10
1df502bf-aff8-4b64-babf-fcf9f74337a8,e16750c4-717c-432b-a04f-f09f675691f5,28c21e10-d600-4572-94bb-34a6a64dc5f0,6,11
bb8a2d8b-c799-4308-af36-4f0db459a2d6,e16750c4-717c-432b-a04f-f09f675691f5,28c21e10-d600-4572-94bb-34a6a64dc5f0,7,1
0df1819f-5b77-4e12-a60b-86b1cab21d43,e16750c4-717c-432b-a04f-f09f675691f5,febbe127-2135-4fc4-a056-f6cd1fb27f6c,7,2
d518dd42-c042-40cf-9eaa-b667c11d1bb5,e16750c4-717c-432b-a04f-f09f675691f5,d26e87e0-0087-41c6-8065-6aad5d978a3e,7,3
79db9f50-6c81-4277-9548-a947289ca8f3,e16750c4-717c-432b-a04f-f09f675691f5,febbe127-2135-4fc4-a056-f6cd1fb27f6c,7,4
96d3d43f-4442-40fa-9270-e7d89696479e,e16750c4-717c-432b-a04f-f09f675691f5,0cf4d8de-f712-40b4-bcc8-83abb02ed7e3,7,5
c7054df1-8dcd-4fbb-b617-edb42ff5fae9,e16750c4-717c-432b-a04f-f09f675691f5,0cf4d8de-f712-40b4-bcc8-83abb02ed7e3,7,6
8c7f767e-980b-4508-a9a0-a96cd17a41af,e16750c4-717c-432b-a04f-f09f675691f5,febbe127-2135-4fc4-a056-f6cd1fb27f6c,7,7
0250493d-f76f-4540-a73a-122ae11c3fa6,e16750c4-717c-432b-a04f-f09f675691f5,febbe127-2135-4fc4-a056-f6cd1fb27f6c,7,8
20c3021f-791d-4b72-b993-99ca3a271095,e16750c4-717c-432b-a04f-f09f675691f5,febbe127-2135-4fc4-a056-f6cd1fb27f6c,7,9
56b83f0a-9fca-4ac4-9a90-ba7b4868d72e,e16750c4-717c-432b-a04f-f09f675691f5,d26e87e0-0087-41c6-8065-6aad5d978a3e,7,10
805bb8b1-1cee-4002-9826-0ee40904e731,e16750c4-717c-432b-a04f-f09f675691f5,febbe127-2135-4fc4-a056-f6cd1fb27f6c,7,11
e07e8034-2b4d-42bd-94d0-9376fbcdf5ae,e16750c4-717c-432b-a04f-f09f675691f5,febbe127-2135-4fc4-a056-f6cd1fb27f6c,8,1
360cfaea-9398-4f61-bd66-1e71c1fefd0d,e16750c4-717c-432b-a04f-f09f675691f5,febbe127-2135-4fc4-a056-f6cd1fb27f6c,8,2
4155f1b3-ce44-4d20-9603-ff4620f77b26,e16750c4-717c-432b-a04f-f09f675691f5,0cf4d8de-f712-40b4-bcc8-83abb02ed7e3,8,3
95da12ba-0194-4dd8-a94e-a352887241a0,e16750c4-717c-432b-a04f-f09f675691f5,d26e87e0-0087-41c6-8065-6aad5d978a3e,8,4
4d9ec0c8-a19e-42fb-8434-14111d141d0b,e16750c4-717c-432b-a04f-f09f675691f5,febbe127-2135-4fc4-a056-f6cd1fb27f6c,8,5
49dbfee6-8e0c-4343-b27c-f3f7c2f50cea,e16750c4-717c-432b-a04f-f09f675691f5,0cf4d8de-f712-40b4-bcc8-83abb02ed7e3,8,6
abdfb6f1-947b-427b-af36-a176d748e2c1,e16750c4-717c-432b-a04f-f09f675691f5,d26e87e0-0087-41c6-8065-6aad5d978a3e,8,7
80c1ad3b-feea-479f-8ea0-92e337d3b689,e16750c4-717c-432b-a04f-f09f675691f5,d26e87e0-0087-41c6-8065-6aad5d978a3e,8,8
175ae896-ed95-41e6-b752-ac8173250bb0,e16750c4-717c-432b-a04f-f09f675691f5,d26e87e0-0087-41c6-8065-6aad5d978a3e,8,9
90e38c77-4e0d-4753-9ad2-a8440851ba42,e16750c4-717c-432b-a04f-f09f675691f5,0cf4d8de-f712-40b4-bcc8-83abb02ed7e3,8,10
b424a9ac-d54f-45e0-b983-a7cc21f62d1a,e16750c4-717c-432b-a04f-f09f675691f5,febbe127-2135-4fc4-a056-f6cd1fb27f6c,8,11
b84099c3-1e7f-473d-b013-2124054cb398,e16750c4-717c-432b-a04f-f09f675691f5,0cf4d8de-f712-40b4-bcc8-83abb02ed7e3,9,1
9443c945-dad8-437d-99b1-34b7a55cb78c,e16750c4-717c-432b-a04f-f09f675691f5,febbe127-2135-4fc4-a056-f6cd1fb27f6c,9,2
ef394b69-5dde-4c4d-94fd-97f72bdaafb0,e16750c4-717c-432b-a04f-f09f675691f5,28c21e10-d600-4572-94bb-34a6a64dc5f0,9,3
b23d9d42-325a-4711-afad-e076970361cb,e16750c4-717c-432b-a04f-f09f675691f5,febbe127-2135-4fc4-a056-f6cd1fb27f6c,9,4
ae94c628-1688-4c1d-b8fe-e14d58cbc957,e16750c4-717c-432b-a04f-f09f675691f5,0cf4d8de-f712-40b4-bcc8-83abb02ed7e3,9,5
60776de0-926e-47f6-98ed-e51a749be16f,e16750c4-717c-432b-a04f-f09f675691f5,0cf4d8de-f712-40b4-bcc8-83abb02ed7e3,9,6
0b012d69-dae1-4dc4-91e9-bdf56ec3118b,e16750c4-717c-432b-a04f-f09f675691f5,0cf4d8de-f712-40b4-bcc8-83abb02ed7e3,9,7
34be09ce-7cef-4390-a5e6-47b97a08552c,e16750c4-717c-432b-a04f-f09f675691f5,febbe127-2135-4fc4-a056-f6cd1fb27f6c,9,8
1762c3c4-7aef-473c-9ec4-4b75d4226b89,e16750c4-717c-432b-a04f-f09f675691f5,0cf4d8de-f712-40b4-bcc8-83abb02ed7e3,9,9
34327f91-be4c-44d8-9d1e-34552bf0310b,e16750c4-717c-432b-a04f-f09f675691f5,0cf4d8de-f712-40b4-bcc8-83abb02ed7e3,9,10
830fa7f6-8166-4c8a-b784-cdabd9ae43d7,e16750c4-717c-432b-a04f-f09f675691f5,28c21e10-d600-4572-94bb-34a6a64dc5f0,9,11
77a344f1-3559-4862-8e9d-0d490dc57f87,e16750c4-717c-432b-a04f-f09f675691f5,febbe127-2135-4fc4-a056-f6cd1fb27f6c,10,1
6f172d0d-104b-4f93-8547-71a2ce3e7d2a,e16750c4-717c-432b-a04f-f09f675691f5,febbe127-2135-4fc4-a056-f6cd1fb27f6c,10,2
e4934e36-55fa-44bf-82d6-cc33962fea1c,e16750c4-717c-432b-a04f-f09f675691f5,28c21e10-d600-4572-94bb-34a6a64dc5f0,10,3
acaed4b8-456e-4501-aa45-698d838504fd,e16750c4-717c-432b-a04f-f09f675691f5,0cf4d8de-f712-40b4-bcc8-83abb02ed7e3,10,4
45c0d007-40bb-4245-8a7b-06c2a679e9b5,e16750c4-717c-432b-a04f-f09f675691f5,28c21e10-d600-4572-94bb-34a6a64dc5f0,10,5
869f6ecd-5459-4e24-92da-70dd7e850adb,e16750c4-717c-432b-a04f-f09f675691f5,28c21e10-d600-4572-94bb-34a6a64dc5f0,10,6
f524c057-b6f7-45e7-949b-a7868f13c778,e16750c4-717c-432b-a04f-f09f675691f5,d26e87e0-0087-41c6-8065-6aad5d978a3e,10,7
1549147d-51fb-492e-b6d8-20ce115ee000,e16750c4-717c-432b-a04f-f09f675691f5,0cf4d8de-f712-40b4-bcc8-83abb02ed7e3,10,8
b2de49c7-6534-4b8e-be86-7b457dc579f0,e16750c4-717c-432b-a04f-f09f675691f5,d26e87e0-0087-41c6-8065-6aad5d978a3e,10,9
743f31a7-6a5e-4d41-9e58-bfd2ac2920bb,e16750c4-717c-432b-a04f-f09f675691f5,28c21e10-d600-4572-94bb-34a6a64dc5f0,10,10
73d0cc41-ce00-4d78-926a-df26d751da7e,e16750c4-717c-432b-a04f-f09f675691f5,febbe127-2135-4fc4-a056-f6cd1fb27f6c,10,11
566405ef-7616-4c6f-b513-abfb99f60fa4,e16750c4-717c-432b-a04f-f09f675691f5,febbe127-2135-4fc4-a056-f6cd1fb27f6c,11,1
40a99c85-ebb7-4cde-9d41-4b2b40bfabeb,e16750c4-717c-432b-a04f-f09f675691f5,d26e87e0-0087-41c6-8065-6aad5d978a3e,11,2
c1e1aae7-bd3d-4d45-b1d2-1334560f932d,e16750c4-717c-432b-a04f-f09f675691f5,d26e87e0-0087-41c6-8065-6aad5d978a3e,11,3
beb1c918-edab-41ec-9cf8-51dd5c19d8c5,e16750c4-717c-432b-a04f-f09f675691f5,febbe127-2135-4fc4-a056-f6cd1fb27f6c,11,4
431f7f32-6554-4c9d-b4c5-3c45ca725213,e16750c4-717c-432b-a04f-f09f675691f5,0cf4d8de-f712-40b4-bcc8-83abb02ed7e3,11,5
8d5792d4-f0dc-4234-bc03-73bf60ae8713,e16750c4-717c-432b-a04f-f09f675691f5,0cf4d8de-f712-40b4-bcc8-83abb02ed7e3,11,6
6c661f66-de92-4d0a-bf4c-279503e13c6c,e16750c4-717c-432b-a04f-f09f675691f5,28c21e10-d600-4572-94bb-34a6a64dc5f0,11,7
317478ef-b20a-4afd-908c-760ce5c53ba8,e16750c4-717c-432b-a04f-f09f675691f5,0cf4d8de-f712-40b4-bcc8-83abb02ed7e3,11,8
df10b120-d629-4a8a-8381-c7051e0939b3,e16750c4-717c-432b-a04f-f09f675691f5,d26e87e0-0087-41c6-8065-6aad5d978a3e,11,9
72933586-7f8f-466d-953e-e46a9bcf89b5,e16750c4-717c-432b-a04f-f09f675691f5,febbe127-2135-4fc4-a056-f6cd1fb27f6c,11,10
2850b2d0-7915-4554-9027-4bf3eaed6f94,e16750c4-717c-432b-a04f-f09f675691f5,28c21e10-d600-4572-94bb-34a6a64dc5f0,11,11
8331b7d5-6221-4b10-bede-9809f2adc86a,e16750c4-717c-432b-a04f-f09f675691f5,0cf4d8de-f712-40b4-bcc8-83abb02ed7e3,12,1
3579dd26-091a-4d82-99e8-37b1a97a92c2,e16750c4-717c-432b-a04f-f09f675691f5,febbe127-2135-4fc4-a056-f6cd1fb27f6c,12,2
7f41ba4e-d738-4bbf-bdf0-a733ac399b15,e16750c4-717c-432b-a04f-f09f675691f5,febbe127-2135-4fc4-a056-f6cd1fb27f6c,12,3
21b99092-bca8-4620-863a-4a36b09ee40e,e16750c4-717c-432b-a04f-f09f675691f5,febbe127-2135-4fc4-a056-f6cd1fb27f6c,12,4
74ba17e6-1dc1-4c18-956e-d02ddd07c82a,e16750c4-717c-432b-a04f-f09f675691f5,28c21e10-d600-4572-94bb-34a6a64dc5f0,12,5
69c1c06c-6fbf-4c22-bfd5-8e6904cc1694,e16750c4-717c-432b-a04f-f09f675691f5,28c21e10-d600-4572-94bb-34a6a64dc5f0,12,6
10a7b6a0-7e09-42f4-80d8-a1dedd05d94a,e16750c4-717c-432b-a04f-f09f675691f5,febbe127-2135-4fc4-a056-f6cd1fb27f6c,12,7
b5bd78b8-7ae7-4337-ac30-f0af29a57bd8,e16750c4-717c-432b-a04f-f09f675691f5,febbe127-2135-4fc4-a056-f6cd1fb27f6c,12,8
591d43f0-9ecb-4327-809a-58771947e468,e16750c4-717c-432b-a04f-f09f675691f5,d26e87e0-0087-41c6-8065-6aad5d978a3e,12,9
a497ab42-6cdb-4c0e-b45e-9d955d90f960,e16750c4-717c-432b-a04f-f09f675691f5,28c21e10-d600-4572-94bb-34a6a64dc5f0,12,10
91673b30-29b4-48b4-80e9-630d1eca1932,e16750c4-717c-432b-a04f-f09f675691f5,28c21e10-d600-4572-94bb-34a6a64dc5f0,12,11
ef6c27e8-9172-4323-b5b7-1e26f1f35bdb,5b670ca6-a7e4-4c56-ad9d-3cd266bbfaac,28c21e10-d600-4572-94bb-34a6a64dc5f0,1,1
d6527dea-9462-44f1-b14d-a8870e25bd14,5b670ca6-a7e4-4c56-ad9d-3cd266bbfaac,d26e87e0-0087-41c6-8065-6aad5d978a3e,1,2
d8b96f60-4ee1-4446-9f1f-cc0dba589e97,5b670ca6-a7e4-4c56-ad9d-3cd266bbfaac,0cf4d8de-f712-40b4-bcc8-83abb02ed7e3,1,3
bb1bcb0c-f419-4c31-9908-fc9d50c2b55d,5b670ca6-a7e4-4c56-ad9d-3cd266bbfaac,febbe127-2135-4fc4-a056-f6cd1fb27f6c,1,4
db495269-e589-4d70-a822-40338a2e1a89,5b670ca6-a7e4-4c56-ad9d-3cd266bbfaac,28c21e10-d600-4572-94bb-34a6a64dc5f0,1,5
951b0c45-cc43-4749-bb0c-8ede2feda009,5b670ca6-a7e4-4c56-ad9d-3cd266bbfaac,28c21e10-d600-4572-94bb-34a6a64dc5f0,1,6
a7ce3f83-a1b8-4184-a493-bb8a934c50ea,5b670ca6-a7e4-4c56-ad9d-3cd266bbfaac,0cf4d8de-f712-40b4-bcc8-83abb02ed7e3,1,7
edad7635-524b-443c-adc4-a237eaa45fc0,5b670ca6-a7e4-4c56-ad9d-3cd266bbfaac,28c21e10-d600-4572-94bb-34a6a64dc5f0,2,1
b3fcc895-cba9-42b5-a637-1bc6979dc6db,5b670ca6-a7e4-4c56-ad9d-3cd266bbfaac,d26e87e0-0087-41c6-8065-6aad5d978a3e,2,2
ed0f4a08-333f-46d5-9110-9bab4b3493d1,5b670ca6-a7e4-4c56-ad9d-3cd266bbfaac,febbe127-2135-4fc4-a056-f6cd1fb27f6c,2,3
74d5b119-174d-45d0-a08d-3b6ccbe3f980,5b670ca6-a7e4-4c56-ad9d-3cd266bbfaac,0cf4d8de-f712-40b4-bcc8-83abb02ed7e3,2,4
12571de4-6a39-47b4-8143-5ab14bb6aa3a,5b670ca6-a7e4-4c56-ad9d-3cd266bbfaac,0cf4d8de-f712-40b4-bcc8-83abb02ed7e3,2,5
70003f6c-21f9-4f6a-8f55-d2ae5fd1ddc5,5b670ca6-a7e4-4c56-ad9d-3cd266bbfaac,d26e87e0-0087-41c6-8065-6aad5d978a3e,2,6
fb197494-db82-4911-87a7-4e76cfb25747,5b670ca6-a7e4-4c56-ad9d-3cd266bbfaac,0cf4d8de-f712-40b4-bcc8-83abb02ed7e3,2,7
c65c33be-2fb6-4ae2-aeed-86be38df423b,5b670ca6-a7e4-4c56-ad9d-3cd266bbfaac,d26e87e0-0087-41c6-8065-6aad5d978a3e,3,1
8dea0c73-05a0-4a38-9b6b-bb6edbe51dee,5b670ca6-a7e4-4c56-ad9d-3cd266bbfaac,d26e87e0-0087-41c6-8065-6aad5d978a3e,3,2
4fd42db4-45ef-4df9-8731-0b8fe06866c4,5b670ca6-a7e4-4c56-ad9d-3cd266bbfaac,febbe127-2135-4fc4-a056-f6cd1fb27f6c,3,3
8d24a6bd-bce7-4738-8bbe-7ec16024e7b5,5b670ca6-a7e4-4c56-ad9d-3cd266bbfaac,febbe127-2135-4fc4-a056-f6cd1fb27f6c,3,4
ea3659af-6ef3-4008-9942-73df32dd41e9,5b670ca6-a7e4-4c56-ad9d-3cd266bbfaac,febbe127-2135-4fc4-a056-f6cd1fb27f6c,3,5
82992401-909d-4975-aeb9-00bda204b53b,5b670ca6-a7e4-4c56-ad9d-3cd266bbfaac,28c21e10-d600-4572-94bb-34a6a64dc5f0,3,6
1af85297-5408-48a0-83c7-a8fcbccfe7d3,5b670ca6-a7e4-4c56-ad9d-3cd266bbfaac,d26e87e0-0087-41c6-8065-6aad5d978a3e,3,7
cab160c4-5007-49d4-82c9-8754157ae261,5b670ca6-a7e4-4c56-ad9d-3cd266bbfaac,febbe127-2135-4fc4-a056-f6cd1fb27f6c,4,1
b8be062e-13bd-47d9-be4f-e757ee008b6f,5b670ca6-a7e4-4c56-ad9d-3cd266bbfaac,febbe127-2135-4fc4-a056-f6cd1fb27f6c,4,2
bb2b5e51-a1d6-4e82-9a19-a5dc89e7b209,5b670ca6-a7e4-4c56-ad9d-3cd266bbfaac,0cf4d8de-f712-40b4-bcc8-83abb02ed7e3,4,3
0f5dbbd1-9ebc-4178-b9eb-460259f20196,5b670ca6-a7e4-4c56-ad9d-3cd266bbfaac,0cf4d8de-f712-40b4-bcc8-83abb02ed7e3,4,4
1140589e-4a74-488f-903f-a31b6823aac0,5b670ca6-a7e4-4c56-ad9d-3cd266bbfaac,28c21e10-d600-4572-94bb-34a6a64dc5f0,4,5
1e75ca2a-eed5-4bc6-9203-506e609d618f,5b670ca6-a7e4-4c56-ad9d-3cd266bbfaac,28c21e10-d600-4572-94bb-34a6a64dc5f0,4,6
eb06c58b-c6f0-46ce-b0ae-776336cc0347,5b670ca6-a7e4-4c56-ad9d-3cd266bbfaac,d26e87e0-0087-41c6-8065-6aad5d978a3e,4,7
113c66d5-2c79-4c93-9f15-958b91d0ccbc,5b670ca6-a7e4-4c56-ad9d-3cd266bbfaac,d26e87e0-0087-41c6-8065-6aad5d978a3e,5,1
5d763712-8d7e-4c6e-8e48-ef9a60026259,5b670ca6-a7e4-4c56-ad9d-3cd266bbfaac,0cf4d8de-f712-40b4-bcc8-83abb02ed7e3,5,2
1aca496c-a68b-4e62-95a1-75dfe97eaa1d,5b670ca6-a7e4-4c56-ad9d-3cd266bbfaac,d26e87e0-0087-41c6-8065-6aad5d978a3e,5,3
05500ee1-0193-44b5-9116-92766d41cddb,5b670ca6-a7e4-4c56-ad9d-3cd266bbfaac,28c21e10-d600-4572-94bb-34a6a64dc5f0,5,4
3fcdd3b9-3644-4438-8dae-29c13be77dee,5b670ca6-a7e4-4c56-ad9d-3cd266bbfaac,febbe127-2135-4fc4-a056-f6cd1fb27f6c,5,5
1e02da38-df8c-4cd1-a876-33bb007fc3a2,5b670ca6-a7e4-4c56-ad9d-3cd266bbfaac,28c21e10-d600-4572-94bb-34a6a64dc5f0,5,6
0825052e-c858-494a-a323-829d52280e48,5b670ca6-a7e4-4c56-ad9d-3cd266bbfaac,febbe127-2135-4fc4-a056-f6cd1fb27f6c,5,7
a99dcff3-5d7d-4956-8879-dff81197145c,5b670ca6-a7e4-4c56-ad9d-3cd266bbfaac,0cf4d8de-f712-40b4-bcc8-83abb02ed7e3,6,1
ec926934-6688-4186-8681-fe0c4a368ec9,5b670ca6-a7e4-4c56-ad9d-3cd266bbfaac,0cf4d8de-f712-40b4-bcc8-83abb02ed7e3,6,2
7b99b48a-6f6d-42af-89ca-751fa7b4a27d,5b670ca6-a7e4-4c56-ad9d-3cd266bbfaac,d26e87e0-0087-41c6-8065-6aad5d978a3e,6,3
0b45aa90-c3fe-4b44-b571-6560f0ae7bdb,5b670ca6-a7e4-4c56-ad9d-3cd266bbfaac,febbe127-2135-4fc4-a056-f6cd1fb27f6c,6,4
a17359ce-479e-41b3-a10b-212c49e2c498,5b670ca6-a7e4-4c56-ad9d-3cd266bbfaac,28c21e10-d600-4572-94bb-34a6a64dc5f0,6,5
8b91c138-3349-4f09-af78-4dbcfacf50f9,5b670ca6-a7e4-4c56-ad9d-3cd266bbfaac,28c21e10-d600-4572-94bb-34a6a64dc5f0,6,6
e7fd7198-293c-4732-95b3-1dabb72c6532,5b670ca6-a7e4-4c56-ad9d-3cd266bbfaac,d26e87e0-0087-41c6-8065-6aad5d978a3e,6,7
746f4fc2-7c19-4375-a6eb-becf8afa4a21,5b670ca6-a7e4-4c56-ad9d-3cd266bbfaac,febbe127-2135-4fc4-a056-f6cd1fb27f6c,7,1
b2f5d648-04f8-4083-bc7f-d0d5ce1dac14,5b670ca6-a7e4-4c56-ad9d-3cd266bbfaac,d26e87e0-0087-41c6-8065-6aad5d978a3e,7,2
06ac617a-f71a-44a7-8918-6659685dc62b,5b670ca6-a7e4-4c56-ad9d-3cd266bbfaac,0cf4d8de-f712-40b4-bcc8-83abb02ed7e3,7,3
b82b401c-5a1a-4b44-930f-79de4b7f81cb,5b670ca6-a7e4-4c56-ad9d-3cd266bbfaac,28c21e10-d600-4572-94bb-34a6a64dc5f0,7,4
566bc90b-9b75-4130-9f5c-59e3915b4b7a,5b670ca6-a7e4-4c56-ad9d-3cd266bbfaac,febbe127-2135-4fc4-a056-f6cd1fb27f6c,7,5
4bbc7bca-16e7-4d4f-a28d-56832a27bcee,5b670ca6-a7e4-4c56-ad9d-3cd266bbfaac,d26e87e0-0087-41c6-8065-6aad5d978a3e,7,6
fec7feea-6552-4e40-a103-68fb5ed9b626,5b670ca6-a7e4-4c56-ad9d-3cd266bbfaac,0cf4d8de-f712-40b4-bcc8-83abb02ed7e3,7,7
88a4e604-91af-49ae-8a8d-29ee84c2e9bd,5b670ca6-a7e4-4c56-ad9d-3cd266bbfaac,febbe127-2135-4fc4-a056-f6cd1fb27f6c,8,1
98dcf15e-7512-4663-9455-749b0f179657,5b670ca6-a7e4-4c56-ad9d-3cd266bbfaac,febbe127-2135-4fc4-a056-f6cd1fb27f6c,8,2
b7fd96ba-d541-4cf0-b39f-474724381d2b,5b670ca6-a7e4-4c56-ad9d-3cd266bbfaac,0cf4d8de-f712-40b4-bcc8-83abb02ed7e3,8,3
0eec810e-5257-4346-81d0-f7c5c9815e1d,5b670ca6-a7e4-4c56-ad9d-3cd266bbfaac,d26e87e0-0087-41c6-8065-6aad5d978a3e,8,4
10b86c6f-52b0-4c4d-a22c-69de567e4819,5b670ca6-a7e4-4c56-ad9d-3cd266bbfaac,28c21e10-d600-4572-94bb-34a6a64dc5f0,8,5
f52777f8-77c9-492e-ab5a-e15dd6db04ec,5b670ca6-a7e4-4c56-ad9d-3cd266bbfaac,febbe127-2135-4fc4-a056-f6cd1fb27f6c,8,6
fa2b107f-a0d0-460d-b08e-e9bd2d48f5c5,5b670ca6-a7e4-4c56-ad9d-3cd266bbfaac,febbe127-2135-4fc4-a056-f6cd1fb27f6c,9,1
44fb9301-bd7c-46f9-8fc0-f2edd4304cda,5b670ca6-a7e4-4c56-ad9d-3cd266bbfaac,28c21e10-d600-4572-94bb-34a6a64dc5f0,9,2
950f65b0-1500-4ebb-b314-df40e8e3ce3a,5b670ca6-a7e4-4c56-ad9d-3cd266bbfaac,28c21e10-d600-4572-94bb-34a6a64dc5f0,9,3
fdb075cd-2010-4e31-8e2e-25b30a8e15a2,5b670ca6-a7e4-4c56-ad9d-3cd266bbfaac,d26e87e0-0087-41c6-8065-6aad5d978a3e,9,4
ce9c3afe-699f-4cbb-97ad-b62547f18667,5b670ca6-a7e4-4c56-ad9d-3cd266bbfaac,febbe127-2135-4fc4-a056-f6cd1fb27f6c,9,5
27d8c78d-318e-453e-b1a9-539d8131c2cb,5b670ca6-a7e4-4c56-ad9d-3cd266bbfaac,0cf4d8de-f712-40b4-bcc8-83abb02ed7e3,9,6
8662fafc-1157-462f-92f1-a0f6a2702eb1,5b670ca6-a7e4-4c56-ad9d-3cd266bbfaac,febbe127-2135-4fc4-a056-f6cd1fb27f6c,10,1
c8f23fe7-0adf-4485-b46d-893b58172e91,5b670ca6-a7e4-4c56-ad9d-3cd266bbfaac,0cf4d8de-f712-40b4-bcc8-83abb02ed7e3,10,2
0e0fd764-c7b3-4382-b33e-b96d6c4c42bf,5b670ca6-a7e4-4c56-ad9d-3cd266bbfaac,febbe127-2135-4fc4-a056-f6cd1fb27f6c,10,3
f23e3ada-0c8f-40df-9acd-f71b8b1f49bd,5b670ca6-a7e4-4c56-ad9d-3cd266bbfaac,0cf4d8de-f712-40b4-bcc8-83abb02ed7e3,10,4
dee5d505-bf68-4c2d-8ec1-dd10c83909a3,5b670ca6-a7e4-4c56-ad9d-3cd266bbfaac,d26e87e0-0087-41c6-8065-6aad5d978a3e,10,5
99900097-dca8-41b5-9337-ac1ac411b4d9,5b670ca6-a7e4-4c56-ad9d-3cd266bbfaac,28c21e10-d600-4572-94bb-34a6a64dc5f0,10,6
7b4eaeea-400e-4914-bfc0-9ad8e01f8546,5b670ca6-a7e4-4c56-ad9d-3cd266bbfaac,28c21e10-d600-4572-94bb-34a6a64dc5f0,11,1
e5ec574e-8c10-435c-a4c2-79e7249c1009,5b670ca6-a7e4-4c56-ad9d-3cd266bbfaac,d26e87e0-0087-41c6-8065-6aad5d978a3e,11,2
b57732c7-a69e-42b7-8714-751535afb87f,5b670ca6-a7e4-4c56-ad9d-3cd266bbfaac,0cf4d8de-f712-40b4-bcc8-83abb02ed7e3,11,3
a2e3b529-8aa3-483d-ad93-24629053c7d2,5b670ca6-a7e4-4c56-ad9d-3cd266bbfaac,28c21e10-d600-4572-94bb-34a6a64dc5f0,11,4
532c00e5-0500-48c5-bab1-d3d03b65739f,5b670ca6-a7e4-4c56-ad9d-3cd266bbfaac,28c21e10-d600-4572-94bb-34a6a64dc5f0,11,5
98032959-05dd-4383-bd34-c0ddd567aa79,5b670ca6-a7e4-4c56-ad9d-3cd266bbfaac,28c21e10-d600-4572-94bb-34a6a64dc5f0,11,6
90e3bcd3-f7f3-4fac-a8e8-08c980a2e69e,5b670ca6-a7e4-4c56-ad9d-3cd266bbfaac,0cf4d8de-f712-40b4-bcc8-83abb02ed7e3,12,1
df456628-945d-4ad9-b8fa-464bef545c75,5b670ca6-a7e4-4c56-ad9d-3cd266bbfaac,28c21e10-d600-4572-94bb-34a6a64dc5f0,12,2
0987f611-a6c1-4f12-881e-3e4d3d6d0b1f,5b670ca6-a7e4-4c56-ad9d-3cd266bbfaac,28c21e10-d600-4572-94bb-34a6a64dc5f0,12,3
02682ef1-4efb-4805-ace8-29da0f68228e,5b670ca6-a7e4-4c56-ad9d-3cd266bbfaac,0cf4d8de-f712-40b4-bcc8-83abb02ed7e3,12,4
f304d5d3-ce1b-4d02-a395-e175b2235e6b,5b670ca6-a7e4-4c56-ad9d-3cd266bbfaac,febbe127-2135-4fc4-a056-f6cd1fb27f6c,12,5
815e146a-b2e8-4c19-a6ff-6710d1ce9229,5b670ca6-a7e4-4c56-ad9d-3cd266bbfaac,febbe127-2135-4fc4-a056-f6cd1fb27f6c,12,6
30f879e0-066a-470f-baff-a196c365780b,5b670ca6-a7e4-4c56-ad9d-3cd266bbfaac,0cf4d8de-f712-40b4-bcc8-83abb02ed7e3,13,1
ac934be1-ddd0-452c-abf8-c3245514e1bf,5b670ca6-a7e4-4c56-ad9d-3cd266bbfaac,d26e87e0-0087-41c6-8065-6aad5d978a3e,13,2
9aeff12d-7c13-4f4d-b20e-cf85f8a7a98b,5b670ca6-a7e4-4c56-ad9d-3cd266bbfaac,28c21e10-d600-4572-94bb-34a6a64dc5f0,13,3
920b15df-31fa-4ee8-b5ee-c5a13daba306,5b670ca6-a7e4-4c56-ad9d-3cd266bbfaac,febbe127-2135-4fc4-a056-f6cd1fb27f6c,13,4
11a5f70a-68ee-424e-96bc-b91c05e6aa66,5b670ca6-a7e4-4c56-ad9d-3cd266bbfaac,0cf4d8de-f712-40b4-bcc8-83abb02ed7e3,13,5
5bbff78f-ebdd-4c76-a426-a54359487577,5b670ca6-a7e4-4c56-ad9d-3cd266bbfaac,28c21e10-d600-4572-94bb-34a6a64dc5f0,13,6
abff6bff-4811-465b-9fdd-b2a29d30d550,c545ee76-5ce3-4683-a6f2-7918ea4b9601,0cf4d8de-f712-40b4-bcc8-83abb02ed7e3,1,1
9e00e543-dba3-4139-9c81-f2c6d078ef91,c545ee76-5ce3-4683-a6f2-7918ea4b9601,28c21e10-d600-4572-94bb-34a6a64dc5f0,1,2
6bbe43b0-e5b6-4b9a-bea8-571e2023daf6,c545ee76-5ce3-4683-a6f2-7918ea4b9601,0cf4d8de-f712-40b4-bcc8-83abb02ed7e3,1,3
1dc914c2-ff1f-48f0-8443-4e55bdb2abe6,c545ee76-5ce3-4683-a6f2-7918ea4b9601,febbe127-2135-4fc4-a056-f6cd1fb27f6c,1,4
99887bac-e645-4e8d-baf0-883f9af1576b,c545ee76-5ce3-4683-a6f2-7918ea4b9601,0cf4d8de-f712-40b4-bcc8-83abb02ed7e3,1,5
5a6bb242-2ea0-4aaa-8013-4be466bb2cc5,c545ee76-5ce3-4683-a6f2-7918ea4b9601,28c21e10-d600-4572-94bb-34a6a64dc5f0,1,6
68eb40b3-5c05-4b6b-87ba-30c3db1d078a,c545ee76-5ce3-4683-a6f2-7918ea4b9601,d26e87e0-0087-41c6-8065-6aad5d978a3e,1,7
d361f69d-c884-41d6-8541-9db4cc379ebc,c545ee76-5ce3-4683-a6f2-7918ea4b9601,28c21e10-d600-4572-94bb-34a6a64dc5f0,2,1
44643510-8851-413c-ae3b-0d79666af012,c545ee76-5ce3-4683-a6f2-7918ea4b9601,febbe127-2135-4fc4-a056-f6cd1fb27f6c,2,2
8b834e8c-a14b-4b02-ad93-389d88029814,c545ee76-5ce3-4683-a6f2-7918ea4b9601,febbe127-2135-4fc4-a056-f6cd1fb27f6c,2,3
199f4acc-7022-463c-b822-2eca4b8470ad,c545ee76-5ce3-4683-a6f2-7918ea4b9601,febbe127-2135-4fc4-a056-f6cd1fb27f6c,2,4
c593e06c-9f66-4f8e-87d5-808a3a9de191,c545ee76-5ce3-4683-a6f2-7918ea4b9601,28c21e10-d600-4572-94bb-34a6a64dc5f0,2,5
9ea778aa-5d91-41c3-a3ca-62fafaeb87ee,c545ee76-5ce3-4683-a6f2-7918ea4b9601,0cf4d8de-f712-40b4-bcc8-83abb02ed7e3,2,6
a474decd-c4c3-40b5-bdbb-7d8b6af2be47,c545ee76-5ce3-4683-a6f2-7918ea4b9601,0cf4d8de-f712-40b4-bcc8-83abb02ed7e3,2,7
d09d8d9c-81cf-49a0-9a91-a0df9d35e1b4,c545ee76-5ce3-4683-a6f2-7918ea4b9601,d26e87e0-0087-41c6-8065-6aad5d978a3e,3,1
5dd4e652-0395-4785-ac4f-e9b0f3f6bbf1,c545ee76-5ce3-4683-a6f2-7918ea4b9601,d26e87e0-0087-41c6-8065-6aad5d978a3e,3,2
f0e5248f-5111-4e82-b1e6-9a3f22217f88,c545ee76-5ce3-4683-a6f2-7918ea4b9601,d26e87e0-0087-41c6-8065-6aad5d978a3e,3,3
3316ceab-b353-4249-a5bc-6355c2632358,c545ee76-5ce3-4683-a6f2-7918ea4b9601,d26e87e0-0087-41c6-8065-6aad5d978a3e,3,4
fba3ad95-ff2e-44a0-865f-eff2ce79a452,c545ee76-5ce3-4683-a6f2-7918ea4b9601,0cf4d8de-f712-40b4-bcc8-83abb02ed7e3,3,5
350d46f5-95a8-4e54-8de2-370da8f4839d,c545ee76-5ce3-4683-a6f2-7918ea4b9601,febbe127-2135-4fc4-a056-f6cd1fb27f6c,3,6
9f607488-0636-4239-a64c-6fb5e9a862db,c545ee76-5ce3-4683-a6f2-7918ea4b9601,d26e87e0-0087-41c6-8065-6aad5d978a3e,3,7
490cf89a-fb9b-4b9e-9b10-ad592f3f170e,c545ee76-5ce3-4683-a6f2-7918ea4b9601,28c21e10-d600-4572-94bb-34a6a64dc5f0,4,1
74594049-cd87-4aae-a679-7de158908bba,c545ee76-5ce3-4683-a6f2-7918ea4b9601,0cf4d8de-f712-40b4-bcc8-83abb02ed7e3,4,2
de72482e-e97e-480c-93da-666bef505ba9,c545ee76-5ce3-4683-a6f2-7918ea4b9601,d26e87e0-0087-41c6-8065-6aad5d978a3e,4,3
f0cee360-989a-4a9a-bed6-c88746f38c13,c545ee76-5ce3-4683-a6f2-7918ea4b9601,d26e87e0-0087-41c6-8065-6aad5d978a3e,4,4
c1c9e4e8-ac75-43f4-aef4-926ce9d01c48,c545ee76-5ce3-4683-a6f2-7918ea4b9601,28c21e10-d600-4572-94bb-34a6a64dc5f0,4,5
b33385d0-564a-4902-b743-f4830845d3a1,c545ee76-5ce3-4683-a6f2-7918ea4b9601,28c21e10-d600-4572-94bb-34a6a64dc5f0,4,6
ae8ea8ca-18f6-49f7-b6f3-bee65c18f3c7,c545ee76-5ce3-4683-a6f2-7918ea4b9601,d26e87e0-0087-41c6-8065-6aad5d978a3e,4,7
c1ede38e-de64-4ce5-96e2-edadb015c937,c545ee76-5ce3-4683-a6f2-7918ea4b9601,d26e87e0-0087-41c6-8065-6aad5d978a3e,5,1
b3f03a5c-3c18-4746-a118-5c0c66f1c547,c545ee76-5ce3-4683-a6f2-7918ea4b9601,0cf4d8de-f712-40b4-bcc8-83abb02ed7e3,5,2
c80e85d0-13e0-46b7-a83f-58682308a1f4,c545ee76-5ce3-4683-a6f2-7918ea4b9601,0cf4d8de-f712-40b4-bcc8-83abb02ed7e3,5,3
b3752fd2-71d2-440d-9f75-bddc921688f6,c545ee76-5ce3-4683-a6f2-7918ea4b9601,febbe127-2135-4fc4-a056-f6cd1fb27f6c,5,4
c078f74b-dd16-4c3a-84c3-0936e3fe169f,c545ee76-5ce3-4683-a6f2-7918ea4b9601,0cf4d8de-f712-40b4-bcc8-83abb02ed7e3,5,5
d0c52b95-b111-458c-85a7-044e28071c39,c545ee76-5ce3-4683-a6f2-7918ea4b9601,28c21e10-d600-4572-94bb-34a6a64dc5f0,5,6
f3bd9d1a-a04a-4738-906b-593e57f2516f,c545ee76-5ce3-4683-a6f2-7918ea4b9601,0cf4d8de-f712-40b4-bcc8-83abb02ed7e3,5,7
e7d1b753-b776-48e3-8808-70fd63796ad5,c545ee76-5ce3-4683-a6f2-7918ea4b9601,febbe127-2135-4fc4-a056-f6cd1fb27f6c,6,1
f2ab2daf-f7e7-4110-9c80-44dfbd26256c,c545ee76-5ce3-4683-a6f2-7918ea4b9601,0cf4d8de-f712-40b4-bcc8-83abb02ed7e3,6,2
0674f4c3-5530-409f-a776-99a6fc628253,c545ee76-5ce3-4683-a6f2-7918ea4b9601,d26e87e0-0087-41c6-8065-6aad5d978a3e,6,3
9dbd57e9-7289-4190-9fe2-cd8d6625b42e,c545ee76-5ce3-4683-a6f2-7918ea4b9601,d26e87e0-0087-41c6-8065-6aad5d978a3e,6,4
6b7682a8-2b69-4969-b49c-93d6bece3750,c545ee76-5ce3-4683-a6f2-7918ea4b9601,0cf4d8de-f712-40b4-bcc8-83abb02ed7e3,6,5
2cb7969b-8182-4665-a4b2-979a1061579f,c545ee76-5ce3-4683-a6f2-7918ea4b9601,28c21e10-d600-4572-94bb-34a6a64dc5f0,6,6
fdf511d8-70c7-4014-b574-8c59b8b13f62,c545ee76-5ce3-4683-a6f2-7918ea4b9601,febbe127-2135-4fc4-a056-f6cd1fb27f6c,6,7
c4258ee8-103d-4585-874d-dafb0eb57329,c545ee76-5ce3-4683-a6f2-7918ea4b9601,0cf4d8de-f712-40b4-bcc8-83abb02ed7e3,7,1
dc395716-7c34-4ba8-9bde-3d045bd36441,c545ee76-5ce3-4683-a6f2-7918ea4b9601,febbe127-2135-4fc4-a056-f6cd1fb27f6c,7,2
7f0a1954-4e53-4326-b91b-de70b8d42608,c545ee76-5ce3-4683-a6f2-7918ea4b9601,0cf4d8de-f712-40b4-bcc8-83abb02ed7e3,7,3
7424a0f2-725f-49f8-8d47-b7c2e0c5d8ac,c545ee76-5ce3-4683-a6f2-7918ea4b9601,febbe127-2135-4fc4-a056-f6cd1fb27f6c,7,4
89aeba73-30cc-4698-9969-394c8dceac6e,c545ee76-5ce3-4683-a6f2-7918ea4b9601,0cf4d8de-f712-40b4-bcc8-83abb02ed7e3,7,5
3ec8a4c8-1522-4312-8f90-e9099f65ba77,c545ee76-5ce3-4683-a6f2-7918ea4b9601,febbe127-2135-4fc4-a056-f6cd1fb27f6c,7,6
e8ac9193-8405-4b73-9600-8d5796abfc07,c545ee76-5ce3-4683-a6f2-7918ea4b9601,28c21e10-d600-4572-94bb-34a6a64dc5f0,7,7
f120ec0c-0b25-485d-aa05-9eebec81a8f9,c545ee76-5ce3-4683-a6f2-7918ea4b9601,0cf4d8de-f712-40b4-bcc8-83abb02ed7e3,8,1
a6ff4177-4c82-40f4-bf29-5df013fbecbb,c545ee76-5ce3-4683-a6f2-7918ea4b9601,d26e87e0-0087-41c6-8065-6aad5d978a3e,8,2
33a0ab7e-eede-454b-9669-a42bcd9d3910,c545ee76-5ce3-4683-a6f2-7918ea4b9601,febbe127-2135-4fc4-a056-f6cd1fb27f6c,8,3
ea86675c-a83b-48ed-8bfa-14b30038aeb8,c545ee76-5ce3-4683-a6f2-7918ea4b9601,0cf4d8de-f712-40b4-bcc8-83abb02ed7e3,8,4
30f8357a-f9a9-4155-95b1-c05f1c4b4670,c545ee76-5ce3-4683-a6f2-7918ea4b9601,0cf4d8de-f712-40b4-bcc8-83abb02ed7e3,8,5
deaa085f-65fb-4930-80da-9cdd41f7292b,c545ee76-5ce3-4683-a6f2-7918ea4b9601,d26e87e0-0087-41c6-8065-6aad5d978a3e,8,6
4586469c-3437-41c8-a325-590474c730d6,c545ee76-5ce3-4683-a6f2-7918ea4b9601,28c21e10-d600-4572-94bb-34a6a64dc5f0,8,7
791ba122-7a52-428d-ab71-76bad0d5dea4,c545ee76-5ce3-4683-a6f2-7918ea4b9601,febbe127-2135-4fc4-a056-f6cd1fb27f6c,9,1
ec77fbef-5675-4bd7-9495-02d02ac83ec9,c545ee76-5ce3-4683-a6f2-7918ea4b9601,0cf4d8de-f712-40b4-bcc8-83abb02ed7e3,9,2
36530257-51b4-4188-b302-11db4697403f,c545ee76-5ce3-4683-a6f2-7918ea4b9601,d26e87e0-0087-41c6-8065-6aad5d978a3e,9,3
ce8460b4-b0ca-4791-89a3-0aeccd0e89d1,c545ee76-5ce3-4683-a6f2-7918ea4b9601,0cf4d8de-f712-40b4-bcc8-83abb02ed7e3,9,4
44355c73-dcea-402b-88e8-abfa42ce50c1,c545ee76-5ce3-4683-a6f2-7918ea4b9601,28c21e10-d600-4572-94bb-34a6a64dc5f0,9,5
f7b61c94-0bc9-49c9-82a0-0c604ce6bafc,c545ee76-5ce3-4683-a6f2-7918ea4b9601,0cf4d8de-f712-40b4-bcc8-83abb02ed7e3,9,6
28ba3f34-a745-4723-9ce7-c17b14ab1015,c545ee76-5ce3-4683-a6f2-7918ea4b9601,0cf4d8de-f712-40b4-bcc8-83abb02ed7e3,9,7
ff32b2e8-c49c-4636-9eff-3e6da9ab620d,c545ee76-5ce3-4683-a6f2-7918ea4b9601,0cf4d8de-f712-40b4-bcc8-83abb02ed7e3,10,1
7cf26a1e-6377-49c9-b824-981069ab5b29,c545ee76-5ce3-4683-a6f2-7918ea4b9601,d26e87e0-0087-41c6-8065-6aad5d978a3e,10,2
569c4190-bb6b-428e-9d12-581efcb68cbc,c545ee76-5ce3-4683-a6f2-7918ea4b9601,0cf4d8de-f712-40b4-bcc8-83abb02ed7e3,10,3
45837694-952c-499e-891c-16d9072cb70a,c545ee76-5ce3-4683-a6f2-7918ea4b9601,d26e87e0-0087-41c6-8065-6aad5d978a3e,10,4
80a2e8c5-2f34-41d7-a314-6829328c43d1,c545ee76-5ce3-4683-a6f2-7918ea4b9601,28c21e10-d600-4572-94bb-34a6a64dc5f0,10,5
78f7bfca-9ce1-43d1-939c-3239a7c734be,c545ee76-5ce3-4683-a6f2-7918ea4b9601,0cf4d8de-f712-40b4-bcc8-83abb02ed7e3,10,6
0936fc89-4ac1-4000-9118-e3d3cdca1d26,c545ee76-5ce3-4683-a6f2-7918ea4b9601,0cf4d8de-f712-40b4-bcc8-83abb02ed7e3,10,7
481f5100-bdae-4290-9b53-6ddac52f21e5,c545ee76-5ce3-4683-a6f2-7918ea4b9601,d26e87e0-0087-41c6-8065-6aad5d978a3e,11,1
601198dd-93b3-442b-8c76-ca8b8b6eda8f,c545ee76-5ce3-4683-a6f2-7918ea4b9601,0cf4d8de-f712-40b4-bcc8-83abb02ed7e3,11,2
44ab651b-2bc5-4964-8108-45717acdeea5,c545ee76-5ce3-4683-a6f2-7918ea4b9601,28c21e10-d600-4572-94bb-34a6a64dc5f0,11,3
e6c2aa78-c5d3-494e-b80c-527eba4a4db9,c545ee76-5ce3-4683-a6f2-7918ea4b9601,28c21e10-d600-4572-94bb-34a6a64dc5f0,11,4
0c885abe-33e7-4bc1-85f3-a37010093280,c545ee76-5ce3-4683-a6f2-7918ea4b9601,0cf4d8de-f712-40b4-bcc8-83abb02ed7e3,11,5
660bdb60-12b0-41ec-99f1-61f5fbfb7b62,c545ee76-5ce3-4683-a6f2-7918ea4b9601,28c21e10-d600-4572-94bb-34a6a64dc5f0,11,6
7ce7fbb3-0140-409a-ab0e-51dec8f5dd67,c545ee76-5ce3-4683-a6f2-7918ea4b9601,febbe127-2135-4fc4-a056-f6cd1fb27f6c,11,7
6369d735-4363-4651-a827-b09c2f869351,c545ee76-5ce3-4683-a6f2-7918ea4b9601,febbe127-2135-4fc4-a056-f6cd1fb27f6c,12,1
9971c562-96f4-4b9e-9c27-5a79d3c6e2a6,c545ee76-5ce3-4683-a6f2-7918ea4b9601,28c21e10-d600-4572-94bb-34a6a64dc5f0,12,2
3fea9020-0d5c-49e1-b706-a97d62ad6954,c545ee76-5ce3-4683-a6f2-7918ea4b9601,d26e87e0-0087-41c6-8065-6aad5d978a3e,12,3
7a5afec9-50ac-4bc6-9c5f-320630be25d2,c545ee76-5ce3-4683-a6f2-7918ea4b9601,d26e87e0-0087-41c6-8065-6aad5d978a3e,12,4
3d5c9811-7ee9-4582-8051-1cb29ef235fb,c545ee76-5ce3-4683-a6f2-7918ea4b9601,0cf4d8de-f712-40b4-bcc8-83abb02ed7e3,12,5
e718f98f-34c6-4b84-9769-9045f4e411ac,c545ee76-5ce3-4683-a6f2-7918ea4b9601,0cf4d8de-f712-40b4-bcc8-83abb02ed7e3,12,6
c21cef57-4059-4905-a80d-4362a5e0dc41,c545ee76-5ce3-4683-a6f2-7918ea4b9601,d26e87e0-0087-41c6-8065-6aad5d978a3e,12,7
8375391c-a049-407b-b864-c9036d95a141,c545ee76-5ce3-4683-a6f2-7918ea4b9601,28c21e10-d600-4572-94bb-34a6a64dc5f0,13,1
bcb21f75-c745-4a7e-80dc-4f21e1d78c19,c545ee76-5ce3-4683-a6f2-7918ea4b9601,d26e87e0-0087-41c6-8065-6aad5d978a3e,13,2
9ae708bc-666a-4dcb-aa2a-de0d1aee0851,c545ee76-5ce3-4683-a6f2-7918ea4b9601,d26e87e0-0087-41c6-8065-6aad5d978a3e,13,3
9f622ec1-e588-4d8e-b8d9-e001e4a33520,c545ee76-5ce3-4683-a6f2-7918ea4b9601,d26e87e0-0087-41c6-8065-6aad5d978a3e,13,4
eba79496-81c3-4da7-8487-6c31cf050bed,c545ee76-5ce3-4683-a6f2-7918ea4b9601,0cf4d8de-f712-40b4-bcc8-83abb02ed7e3,13,5
d52feda7-2e71-4ae0-a1f0-3d8ba6886d17,c545ee76-5ce3-4683-a6f2-7918ea4b9601,28c21e10-d600-4572-94bb-34a6a64dc5f0,13,6
515323e3-9c11-47fa-941e-95abbcb841ab,f143c984-3849-40d5-a2b0-6d9ed37bc07e,0cf4d8de-f712-40b4-bcc8-83abb02ed7e3,1,1
70ec2a61-7ea5-4efe-a086-59c019561184,f143c984-3849-40d5-a2b0-6d9ed37bc07e,d26e87e0-0087-41c6-8065-6aad5d978a3e,1,2
946d2c00-0466-4233-9018-2bbc8c266e99,f143c984-3849-40d5-a2b0-6d9ed37bc07e,d26e87e0-0087-41c6-8065-6aad5d978a3e,1,3
0be26580-66f0-413b-8c21-c203548cce61,f143c984-3849-40d5-a2b0-6d9ed37bc07e,28c21e10-d600-4572-94bb-34a6a64dc5f0,1,4
b111c9bc-857d-4a17-ba3a-7dba5d8aca23,f143c984-3849-40d5-a2b0-6d9ed37bc07e,d26e87e0-0087-41c6-8065-6aad5d978a3e,1,5
b6d36f27-c017-4923-b2d1-473e421fce41,f143c984-3849-40d5-a2b0-6d9ed37bc07e,febbe127-2135-4fc4-a056-f6cd1fb27f6c,1,6
160f5651-7a9f-4645-8c93-a71ac32d5ce7,f143c984-3849-40d5-a2b0-6d9ed37bc07e,d26e87e0-0087-41c6-8065-6aad5d978a3e,1,7
14ad7b20-0b0d-4732-9507-4a33f4cf2868,f143c984-3849-40d5-a2b0-6d9ed37bc07e,febbe127-2135-4fc4-a056-f6cd1fb27f6c,1,8
3de9d19c-056a-4617-8896-d59b77dbebfd,f143c984-3849-40d5-a2b0-6d9ed37bc07e,d26e87e0-0087-41c6-8065-6aad5d978a3e,1,9
15dfb833-2f5b-4cf9-93c3-f9d43b7da3aa,f143c984-3849-40d5-a2b0-6d9ed37bc07e,febbe127-2135-4fc4-a056-f6cd1fb27f6c,2,1
54c3c874-55c6-44d9-bc37-0e65110418d7,f143c984-3849-40d5-a2b0-6d9ed37bc07e,febbe127-2135-4fc4-a056-f6cd1fb27f6c,2,2
90ef6afb-4a78-4e3e-8e31-4d4c33b9ad14,f143c984-3849-40d5-a2b0-6d9ed37bc07e,d26e87e0-0087-41c6-8065-6aad5d978a3e,2,3
f515e37e-15ee-4164-8eeb-72f858643f27,f143c984-3849-40d5-a2b0-6d9ed37bc07e,0cf4d8de-f712-40b4-bcc8-83abb02ed7e3,2,4
c9279eba-cb88-489c-bb0b-928b94a89903,f143c984-3849-40d5-a2b0-6d9ed37bc07e,0cf4d8de-f712-40b4-bcc8-83abb02ed7e3,2,5
a3291090-05cc-4379-a5a6-2c2418df9df4,f143c984-3849-40d5-a2b0-6d9ed37bc07e,0cf4d8de-f712-40b4-bcc8-83abb02ed7e3,2,6
5ea255e7-f8fb-419a-980a-76859ed55423,f143c984-3849-40d5-a2b0-6d9ed37bc07e,d26e87e0-0087-41c6-8065-6aad5d978a3e,2,7
40d6d3aa-735d-4c07-af8b-384c54bb1f9b,f143c984-3849-40d5-a2b0-6d9ed37bc07e,28c21e10-d600-4572-94bb-34a6a64dc5f0,2,8
300bd95c-c815-480c-b8fd-07002dfeefc4,f143c984-3849-40d5-a2b0-6d9ed37bc07e,0cf4d8de-f712-40b4-bcc8-83abb02ed7e3,3,1
f7d1f092-846e-4592-ae71-2b0ec28d59d8,f143c984-3849-40d5-a2b0-6d9ed37bc07e,febbe127-2135-4fc4-a056-f6cd1fb27f6c,3,2
4b5f1f02-b8a3-4630-8561-8cf57f4fe0c4,f143c984-3849-40d5-a2b0-6d9ed37bc07e,28c21e10-d600-4572-94bb-34a6a64dc5f0,3,3
3648d879-69ad-433d-a807-a35596ea59b2,f143c984-3849-40d5-a2b0-6d9ed37bc07e,28c21e10-d600-4572-94bb-34a6a64dc5f0,3,4
3c0f3132-d5d6-4e1a-8730-518778dd263a,f143c984-3849-40d5-a2b0-6d9ed37bc07e,d26e87e0-0087-41c6-8065-6aad5d978a3e,3,5
241fa286-1371-4bd4-86c1-7bdff24639dd,f143c984-3849-40d5-a2b0-6d9ed37bc07e,febbe127-2135-4fc4-a056-f6cd1fb27f6c,3,6
359604b7-f582-4089-8bb1-fcc8b71baee8,f143c984-3849-40d5-a2b0-6d9ed37bc07e,febbe127-2135-4fc4-a056-f6cd1fb27f6c,3,7
c88e4f23-5b63-4533-aeaf-72f1265c4a6d,f143c984-3849-40d5-a2b0-6d9ed37bc07e,d26e87e0-0087-41c6-8065-6aad5d978a3e,3,8
534dfe56-f650-475a-8d79-1cb5d6563657,f143c984-3849-40d5-a2b0-6d9ed37bc07e,febbe127-2135-4fc4-a056-f6cd1fb27f6c,4,1
a5299696-4438-4475-9080-08d93dd34554,f143c984-3849-40d5-a2b0-6d9ed37bc07e,d26e87e0-0087-41c6-8065-6aad5d978a3e,4,2
b9dac758-f977-4930-95d5-8a82d5e21a6d,f143c984-3849-40d5-a2b0-6d9ed37bc07e,0cf4d8de-f712-40b4-bcc8-83abb02ed7e3,4,3
820582a6-e48f-4727-b6b0-9c5077e1bbcb,f143c984-3849-40d5-a2b0-6d9ed37bc07e,28c21e10-d600-4572-94bb-34a6a64dc5f0,4,4
ee3be9f2-ef00-4694-8894-666081a2b7c1,f143c984-3849-40d5-a2b0-6d9ed37bc07e,d26e87e0-0087-41c6-8065-6aad5d978a3e,4,5
c4ca1e5e-6504-41e7-b58c-07a2154eb702,f143c984-3849-40d5-a2b0-6d9ed37bc07e,28c21e10-d600-4572-94bb-34a6a64dc5f0,4,6
193df778-93da-4ca0-9696-d5f7b22b6d2d,f143c984-3849-40d5-a2b0-6d9ed37bc07e,febbe127-2135-4fc4-a056-f6cd1fb27f6c,4,7
0c19401e-9203-4b73-9810-d9c8256397eb,f143c984-3849-40d5-a2b0-6d9ed37bc07e,d26e87e0-0087-41c6-8065-6aad5d978a3e,4,8
72ee79e0-b356-40d3-a386-f9f0302c7205,f143c984-3849-40d5-a2b0-6d9ed37bc07e,0cf4d8de-f712-40b4-bcc8-83abb02ed7e3,5,1
82eddfe5-9cc4-4735-929b-9dfce5219e1d,f143c984-3849-40d5-a2b0-6d9ed37bc07e,febbe127-2135-4fc4-a056-f6cd1fb27f6c,5,2
8a12043e-14fc-4661-8faa-fabec708e460,f143c984-3849-40d5-a2b0-6d9ed37bc07e,febbe127-2135-4fc4-a056-f6cd1fb27f6c,5,3
d76df3c0-7cf6-4638-adfe-7eb92b3861cc,f143c984-3849-40d5-a2b0-6d9ed37bc07e,d26e87e0-0087-41c6-8065-6aad5d978a3e,5,4
d1c9477a-6226-44ac-9dbf-2d451b100eed,f143c984-3849-40d5-a2b0-6d9ed37bc07e,28c21e10-d600-4572-94bb-34a6a64dc5f0,5,5
d0539aca-2338-4b1c-97d6-a0c769a27820,f143c984-3849-40d5-a2b0-6d9ed37bc07e,d26e87e0-0087-41c6-8065-6aad5d978a3e,5,6
945a662d-b196-489f-8bf7-54065dbd57de,f143c984-3849-40d5-a2b0-6d9ed37bc07e,0cf4d8de-f712-40b4-bcc8-83abb02ed7e3,5,7
85911f3b-f200-481d-91c3-bf04c08e4c6a,f143c984-3849-40d5-a2b0-6d9ed37bc07e,d26e87e0-0087-41c6-8065-6aad5d978a3e,5,8
cd67e44f-feda-41cd-8666-f91b43d3b097,f143c984-3849-40d5-a2b0-6d9ed37bc07e,febbe127-2135-4fc4-a056-f6cd1fb27f6c,6,1
d7e7af39-9e98-439b-857e-8c1dc86fe24c,f143c984-3849-40d5-a2b0-6d9ed37bc07e,0cf4d8de-f712-40b4-bcc8-83abb02ed7e3,6,2
814d8bef-757e-46a7-8542-f22c767cb439,f143c984-3849-40d5-a2b0-6d9ed37bc07e,28c21e10-d600-4572-94bb-34a6a64dc5f0,6,3
cd0abec6-7721-47c7-8548-541ee151a65c,f143c984-3849-40d5-a2b0-6d9ed37bc07e,febbe127-2135-4fc4-a056-f6cd1fb27f6c,6,4
a21d4322-491d-4838-82ed-0ae9bcea03b8,f143c984-3849-40d5-a2b0-6d9ed37bc07e,28c21e10-d600-4572-94bb-34a6a64dc5f0,6,5
9c2665ae-0b15-4877-b68a-eaba002aacd6,f143c984-3849-40d5-a2b0-6d9ed37bc07e,0cf4d8de-f712-40b4-bcc8-83abb02ed7e3,6,6
29bf67cf-335a-4ccf-8b37-08c3a8dcf980,f143c984-3849-40d5-a2b0-6d9ed37bc07e,28c21e10-d600-4572-94bb-34a6a64dc5f0,6,7
f791d12b-71f8-46a1-ae35-260b82449bc1,f143c984-3849-40d5-a2b0-6d9ed37bc07e,28c21e10-d600-4572-94bb-34a6a64dc5f0,6,8
84ae1a79-bc94-421b-afb2-9d2ac5f94cc1,f143c984-3849-40d5-a2b0-6d9ed37bc07e,d26e87e0-0087-41c6-8065-6aad5d978a3e,7,1
9a55dc7b-3f85-4f30-b626-c70c4e2d5646,f143c984-3849-40d5-a2b0-6d9ed37bc07e,d26e87e0-0087-41c6-8065-6aad5d978a3e,7,2
7afa96e4-0776-45c9-a009-c577cd247a55,f143c984-3849-40d5-a2b0-6d9ed37bc07e,d26e87e0-0087-41c6-8065-6aad5d978a3e,7,3
afd47010-0a65-48f1-a4d8-6bca9273bc7f,f143c984-3849-40d5-a2b0-6d9ed37bc07e,0cf4d8de-f712-40b4-bcc8-83abb02ed7e3,7,4
bfbbbff4-0633-45e2-baf7-bef0cdae35a1,f143c984-3849-40d5-a2b0-6d9ed37bc07e,28c21e10-d600-4572-94bb-34a6a64dc5f0,7,5
ef2e7942-b84d-4566-ade1-6838ccfacca2,f143c984-3849-40d5-a2b0-6d9ed37bc07e,0cf4d8de-f712-40b4-bcc8-83abb02ed7e3,7,6
2dd8f2a3-62bf-4e93-8099-d6476964690b,f143c984-3849-40d5-a2b0-6d9ed37bc07e,0cf4d8de-f712-40b4-bcc8-83abb02ed7e3,7,7
2c8e8032-c6ef-4e94-b544-ad08e5cfc708,f143c984-3849-40d5-a2b0-6d9ed37bc07e,d26e87e0-0087-41c6-8065-6aad5d978a3e,7,8
d18f42b8-68ff-460b-b812-60c3046b0f05,f143c984-3849-40d5-a2b0-6d9ed37bc07e,d26e87e0-0087-41c6-8065-6aad5d978a3e,8,1
f52ac13e-2e52-4095-8b2b-a2d0aef02800,f143c984-3849-40d5-a2b0-6d9ed37bc07e,d26e87e0-0087-41c6-8065-6aad5d978a3e,8,2
c9613e26-7f59-40bf-9c58-de49167f63b1,f143c984-3849-40d5-a2b0-6d9ed37bc07e,0cf4d8de-f712-40b4-bcc8-83abb02ed7e3,8,3
0bff8062-f18e-4dc9-aab1-2607974e0cf7,f143c984-3849-40d5-a2b0-6d9ed37bc07e,0cf4d8de-f712-40b4-bcc8-83abb02ed7e3,8,4
e8003eb9-459e-4f90-89fa-5b113e6ba113,f143c984-3849-40d5-a2b0-6d9ed37bc07e,0cf4d8de-f712-40b4-bcc8-83abb02ed7e3,8,5
199af56a-e55c-4ca3-9ab7-bfdf1b806bd1,f143c984-3849-40d5-a2b0-6d9ed37bc07e,d26e87e0-0087-41c6-8065-6aad5d978a3e,8,6
53d8ca99-43a6-43d1-b9df-44fbe06aa005,f143c984-3849-40d5-a2b0-6d9ed37bc07e,28c21e10-d600-4572-94bb-34a6a64dc5f0,8,7
0f6760f2-e7f6-4e66-9d9d-2b63a802a87f,f143c984-3849-40d5-a2b0-6d9ed37bc07e,d26e87e0-0087-41c6-8065-6aad5d978a3e,8,8
956f35b0-fc5d-45ba-84a5-f31ad43a5393,f143c984-3849-40d5-a2b0-6d9ed37bc07e,28c21e10-d600-4572-94bb-34a6a64dc5f0,9,1
d8bcf194-66b3-4977-8b69-a4dc927a9d61,f143c984-3849-40d5-a2b0-6d9ed37bc07e,28c21e10-d600-4572-94bb-34a6a64dc5f0,9,2
1d4ecc6b-c950-426a-bc34-6ee39a335449,f143c984-3849-40d5-a2b0-6d9ed37bc07e,d26e87e0-0087-41c6-8065-6aad5d978a3e,9,3
2d824428-bdd3-48cb-99a8-7c2af7ec558f,f143c984-3849-40d5-a2b0-6d9ed37bc07e,28c21e10-d600-4572-94bb-34a6a64dc5f0,9,4
fd3e53c5-52bd-4621-a697-76afe0eb02db,f143c984-3849-40d5-a2b0-6d9ed37bc07e,0cf4d8de-f712-40b4-bcc8-83abb02ed7e3,9,5
acc1d20f-64c6-4e15-bbd0-347c3dee609d,f143c984-3849-40d5-a2b0-6d9ed37bc07e,febbe127-2135-4fc4-a056-f6cd1fb27f6c,9,6
229bc669-aba9-4789-9481-c356040ca1d1,f143c984-3849-40d5-a2b0-6d9ed37bc07e,d26e87e0-0087-41c6-8065-6aad5d978a3e,9,7
b0f93ed6-c3c1-4e35-ac73-f3fd34c036e6,f143c984-3849-40d5-a2b0-6d9ed37bc07e,d26e87e0-0087-41c6-8065-6aad5d978a3e,9,8
dd7c123f-7d8d-492d-a306-a161dfa6ae78,f143c984-3849-40d5-a2b0-6d9ed37bc07e,0cf4d8de-f712-40b4-bcc8-83abb02ed7e3,10,1
c47f30bf-2e48-4132-a904-19d7c00ff9bc,f143c984-3849-40d5-a2b0-6d9ed37bc07e,28c21e10-d600-4572-94bb-34a6a64dc5f0,10,2
5837a435-7c7f-4ba0-a842-83b0c1906acd,f143c984-3849-40d5-a2b0-6d9ed37bc07e,0cf4d8de-f712-40b4-bcc8-83abb02ed7e3,10,3
12326984-29d5-49e0-b25b-cb1c244af262,f143c984-3849-40d5-a2b0-6d9ed37bc07e,28c21e10-d600-4572-94bb-34a6a64dc5f0,10,4
86133f6a-57aa-4126-8472-9b22df0803ea,f143c984-3849-40d5-a2b0-6d9ed37bc07e,d26e87e0-0087-41c6-8065-6aad5d978a3e,10,5
d92f2132-6c6d-4527-a3fc-bc89611c9418,f143c984-3849-40d5-a2b0-6d9ed37bc07e,28c21e10-d600-4572-94bb-34a6a64dc5f0,10,6
56b91001-60b8-4b23-8705-87586a7e3339,f143c984-3849-40d5-a2b0-6d9ed37bc07e,0cf4d8de-f712-40b4-bcc8-83abb02ed7e3,10,7
54f5fa46-c30e-4d76-acdb-ee5e2edf9987,f143c984-3849-40d5-a2b0-6d9ed37bc07e,0cf4d8de-f712-40b4-bcc8-83abb02ed7e3,10,8
1362d620-18b2-43df-af06-d92909bc1110,f143c984-3849-40d5-a2b0-6d9ed37bc07e,0cf4d8de-f712-40b4-bcc8-83abb02ed7e3,11,1
634bc283-aced-4bd1-9379-e5b63224fa94,f143c984-3849-40d5-a2b0-6d9ed37bc07e,0cf4d8de-f712-40b4-bcc8-83abb02ed7e3,11,2
3a292aed-3a25-4394-b3b6-73c43ff6da61,f143c984-3849-40d5-a2b0-6d9ed37bc07e,d26e87e0-0087-41c6-8065-6aad5d978a3e,11,3
0d33f9a1-b7b6-464f-85b5-e9e8423cec93,f143c984-3849-40d5-a2b0-6d9ed37bc07e,28c21e10-d600-4572-94bb-34a6a64dc5f0,11,4
04e2d241-3fa9-46f5-a40b-3c9f0a9a9c3f,f143c984-3849-40d5-a2b0-6d9ed37bc07e,d26e87e0-0087-41c6-8065-6aad5d978a3e,11,5
8978ce90-6fa4-47da-ac56-de174e7a8be9,f143c984-3849-40d5-a2b0-6d9ed37bc07e,28c21e10-d600-4572-94bb-34a6a64dc5f0,11,6
e6c4d67f-8d8d-4fa1-b93c-bb60838cc479,f143c984-3849-40d5-a2b0-6d9ed37bc07e,0cf4d8de-f712-40b4-bcc8-83abb02ed7e3,11,7
91d8cbfb-d3e8-47cb-be59-4fea2101aba4,f143c984-3849-40d5-a2b0-6d9ed37bc07e,28c21e10-d600-4572-94bb-34a6a64dc5f0,11,8
9728046a-5753-41f0-84ff-4b60cb83ac88,f143c984-3849-40d5-a2b0-6d9ed37bc07e,febbe127-2135-4fc4-a056-f6cd1fb27f6c,12,1
3c770240-86f1-40f6-8b29-3a8c26f3becc,f143c984-3849-40d5-a2b0-6d9ed37bc07e,febbe127-2135-4fc4-a056-f6cd1fb27f6c,12,2
7b082e4a-ce9d-45d5-816e-0d539a245cbc,f143c984-3849-40d5-a2b0-6d9ed37bc07e,0cf4d8de-f712-40b4-bcc8-83abb02ed7e3,12,3
031eea59-b56e-44fe-9e27-3c59128ad296,f143c984-3849-40d5-a2b0-6d9ed37bc07e,28c21e10-d600-4572-94bb-34a6a64dc5f0,12,4
1b35ba49-1026-4802-96b3-cb6f7bcba369,f143c984-3849-40d5-a2b0-6d9ed37bc07e,28c21e10-d600-4572-94bb-34a6a64dc5f0,12,5
b006a674-9683-47e5-8bbd-e8f3dd02c8d4,f143c984-3849-40d5-a2b0-6d9ed37bc07e,febbe127-2135-4fc4-a056-f6cd1fb27f6c,12,6
0fd74d23-a8ab-4423-9827-0ded4329c943,f143c984-3849-40d5-a2b0-6d9ed37bc07e,febbe127-2135-4fc4-a056-f6cd1fb27f6c,12,7
a41aef7d-49e4-45d5-a557-bb53196665d6,f143c984-3849-40d5-a2b0-6d9ed37bc07e,febbe127-2135-4fc4-a056-f6cd1fb27f6c,12,8
0d3c43fa-7b12-4889-966d-0a146bdf7e23,f143c984-3849-40d5-a2b0-6d9ed37bc07e,0cf4d8de-f712-40b4-bcc8-83abb02ed7e3,13,1
ef4ad5bf-8a7c-4ed6-8c34-fe81ade8651f,f143c984-3849-40d5-a2b0-6d9ed37bc07e,d26e87e0-0087-41c6-8065-6aad5d978a3e,13,2
6f248333-e801-4082-852d-395e06779542,f143c984-3849-40d5-a2b0-6d9ed37bc07e,d26e87e0-0087-41c6-8065-6aad5d978a3e,13,3
861e565f-ef8a-4a90-a4e6-421b62b93dca,f143c984-3849-40d5-a2b0-6d9ed37bc07e,febbe127-2135-4fc4-a056-f6cd1fb27f6c,13,4
5f3f7782-6162-4ba6-81fc-c8e5202e8065,f143c984-3849-40d5-a2b0-6d9ed37bc07e,d26e87e0-0087-41c6-8065-6aad5d978a3e,13,5
801a686e-7919-4e68-b89a-5d24f0e71526,f143c984-3849-40d5-a2b0-6d9ed37bc07e,febbe127-2135-4fc4-a056-f6cd1fb27f6c,13,6
604eb299-b03a-48ae-b060-4b4464d27291,f143c984-3849-40d5-a2b0-6d9ed37bc07e,febbe127-2135-4fc4-a056-f6cd1fb27f6c,13,7
78b420a3-ad35-4bc9-8f0c-10a3d6dad22e,f143c984-3849-40d5-a2b0-6d9ed37bc07e,28c21e10-d600-4572-94bb-34a6a64dc5f0,13,8
baa99885-4916-4618-a17c-5887db4f83ad,f143c984-3849-40d5-a2b0-6d9ed37bc07e,febbe127-2135-4fc4-a056-f6cd1fb27f6c,14,1
8f57cf26-8989-4f25-929a-fe010ec19d55,f143c984-3849-40d5-a2b0-6d9ed37bc07e,d26e87e0-0087-41c6-8065-6aad5d978a3e,14,2
082f1294-1b28-4a02-803b-8f5c3062ed17,f143c984-3849-40d5-a2b0-6d9ed37bc07e,28c21e10-d600-4572-94bb-34a6a64dc5f0,14,3
a2a75c54-7769-43c6-a7f5-88883b9ae1a4,f143c984-3849-40d5-a2b0-6d9ed37bc07e,d26e87e0-0087-41c6-8065-6aad5d978a3e,14,4
cfb3ca62-dcb3-4aed-b209-c9e150d3ce4b,f143c984-3849-40d5-a2b0-6d9ed37bc07e,febbe127-2135-4fc4-a056-f6cd1fb27f6c,14,5
4def7f25-60cf-45b0-8075-63b82d1ca051,f143c984-3849-40d5-a2b0-6d9ed37bc07e,febbe127-2135-4fc4-a056-f6cd1fb27f6c,14,6
22439087-8a13-4d9f-b6d3-d0106dd8bf4a,f143c984-3849-40d5-a2b0-6d9ed37bc07e,28c21e10-d600-4572-94bb-34a6a64dc5f0,14,7
105857e9-1d5d-47f0-af1a-2e1b58e1c258,f143c984-3849-40d5-a2b0-6d9ed37bc07e,28c21e10-d600-4572-94bb-34a6a64dc5f0,14,8
81b158fb-2bff-4a1f-9890-fdc6920386f5,b385ae30-ab5d-4d1d-922b-1baee7f11e02,28c21e10-d600-4572-94bb-34a6a64dc5f0,1,1
56ca3060-d29c-4a20-ae30-b3f8bb7c60d0,b385ae30-ab5d-4d1d-922b-1baee7f11e02,0cf4d8de-f712-40b4-bcc8-83abb02ed7e3,1,2
32348549-7c91-4246-86d9-eba39d453b8c,b385ae30-ab5d-4d1d-922b-1baee7f11e02,d26e87e0-0087-41c6-8065-6aad5d978a3e,1,3
a73345dd-9b20-448f-8ba9-38b420cb6b1e,b385ae30-ab5d-4d1d-922b-1baee7f11e02,febbe127-2135-4fc4-a056-f6cd1fb27f6c,1,4
94803840-7f23-49d3-93c0-fb1100529f13,b385ae30-ab5d-4d1d-922b-1baee7f11e02,28c21e10-d600-4572-94bb-34a6a64dc5f0,1,5
d1c600dc-62a8-4944-b24c-317e0b281064,b385ae30-ab5d-4d1d-922b-1baee7f11e02,d26e87e0-0087-41c6-8065-6aad5d978a3e,1,6
fc4fd8ca-fb4c-4403-bb18-9ce6ebd0883b,b385ae30-ab5d-4d1d-922b-1baee7f11e02,d26e87e0-0087-41c6-8065-6aad5d978a3e,1,7
db1c5897-2c71-4fdb-ab88-c456774cf3e9,b385ae30-ab5d-4d1d-922b-1baee7f11e02,d26e87e0-0087-41c6-8065-6aad5d978a3e,1,8
091c559b-356f-4232-9b2c-3702b5ab4944,b385ae30-ab5d-4d1d-922b-1baee7f11e02,0cf4d8de-f712-40b4-bcc8-83abb02ed7e3,2,1
6f570172-3e63-4486-b368-951b77eb9906,b385ae30-ab5d-4d1d-922b-1baee7f11e02,0cf4d8de-f712-40b4-bcc8-83abb02ed7e3,2,2
89a04306-3771-484a-a9a0-e97eba41098a,b385ae30-ab5d-4d1d-922b-1baee7f11e02,febbe127-2135-4fc4-a056-f6cd1fb27f6c,2,3
3fe44e84-d0cb-40ae-a565-52988330c071,b385ae30-ab5d-4d1d-922b-1baee7f11e02,d26e87e0-0087-41c6-8065-6aad5d978a3e,2,4
ba54c7d1-bc01-4daf-96da-75254bc51243,b385ae30-ab5d-4d1d-922b-1baee7f11e02,0cf4d8de-f712-40b4-bcc8-83abb02ed7e3,2,5
8f6a79eb-f1fa-4dba-993c-cd057d887157,b385ae30-ab5d-4d1d-922b-1baee7f11e02,febbe127-2135-4fc4-a056-f6cd1fb27f6c,2,6
1d4afa6e-7e61-4d42-831a-74726711ef1d,b385ae30-ab5d-4d1d-922b-1baee7f11e02,febbe127-2135-4fc4-a056-f6cd1fb27f6c,2,7
7d80a33b-78e8-4be5-82d0-995d470a73d5,b385ae30-ab5d-4d1d-922b-1baee7f11e02,28c21e10-d600-4572-94bb-34a6a64dc5f0,2,8
97370f0b-e141-4524-823a-00ccd2e5f639,b385ae30-ab5d-4d1d-922b-1baee7f11e02,28c21e10-d600-4572-94bb-34a6a64dc5f0,3,1
c6307a11-f778-40c6-a7d9-8840fd7c2578,b385ae30-ab5d-4d1d-922b-1baee7f11e02,0cf4d8de-f712-40b4-bcc8-83abb02ed7e3,3,2
8b2136e4-fe37-46a2-a160-97dc41fbed37,b385ae30-ab5d-4d1d-922b-1baee7f11e02,0cf4d8de-f712-40b4-bcc8-83abb02ed7e3,3,3
0ebc3a6a-302f-4bfe-bd8f-59730581e09c,b385ae30-ab5d-4d1d-922b-1baee7f11e02,0cf4d8de-f712-40b4-bcc8-83abb02ed7e3,3,4
376b5323-e670-4736-a403-4c56bd099490,b385ae30-ab5d-4d1d-922b-1baee7f11e02,febbe127-2135-4fc4-a056-f6cd1fb27f6c,3,5
166b4ec1-8d9f-4daa-951f-67b362a0ed74,b385ae30-ab5d-4d1d-922b-1baee7f11e02,0cf4d8de-f712-40b4-bcc8-83abb02ed7e3,3,6
ee5635c2-f80d-4874-b19b-b03f73e9703e,b385ae30-ab5d-4d1d-922b-1baee7f11e02,d26e87e0-0087-41c6-8065-6aad5d978a3e,3,7
2587d2c0-4fc3-44dc-8cc9-f70b0d0c5c6d,b385ae30-ab5d-4d1d-922b-1baee7f11e02,d26e87e0-0087-41c6-8065-6aad5d978a3e,3,8
41128aeb-cb1b-400b-844e-1624ac1b548d,b385ae30-ab5d-4d1d-922b-1baee7f11e02,28c21e10-d600-4572-94bb-34a6a64dc5f0,4,1
89eff5db-415c-4b60-b01a-495077287b48,b385ae30-ab5d-4d1d-922b-1baee7f11e02,0cf4d8de-f712-40b4-bcc8-83abb02ed7e3,4,2
9bfa361f-810a-4ca7-9298-3b4689daa266,b385ae30-ab5d-4d1d-922b-1baee7f11e02,28c21e10-d600-4572-94bb-34a6a64dc5f0,4,3
a38b2243-728d-4192-b451-d750342225a6,b385ae30-ab5d-4d1d-922b-1baee7f11e02,d26e87e0-0087-41c6-8065-6aad5d978a3e,4,4
87915477-775a-40b3-b750-cef433b4cd9c,b385ae30-ab5d-4d1d-922b-1baee7f11e02,28c21e10-d600-4572-94bb-34a6a64dc5f0,4,5
527efa14-3f11-436b-a94f-ca3ead5df59b,b385ae30-ab5d-4d1d-922b-1baee7f11e02,0cf4d8de-f712-40b4-bcc8-83abb02ed7e3,4,6
b184df28-dc6a-468d-b73e-fc670af80dda,b385ae30-ab5d-4d1d-922b-1baee7f11e02,28c21e10-d600-4572-94bb-34a6a64dc5f0,4,7
b98958ed-323b-4221-ad45-bcc8d47db4df,b385ae30-ab5d-4d1d-922b-1baee7f11e02,febbe127-2135-4fc4-a056-f6cd1fb27f6c,4,8
e00aefd4-2291-4c4e-ba73-7ae66326736c,b385ae30-ab5d-4d1d-922b-1baee7f11e02,febbe127-2135-4fc4-a056-f6cd1fb27f6c,5,1
ecfd64e7-3526-4763-81f2-6bff72b31c02,b385ae30-ab5d-4d1d-922b-1baee7f11e02,d26e87e0-0087-41c6-8065-6aad5d978a3e,5,2
33d5245b-6e59-4dab-8bac-44f4393850cc,b385ae30-ab5d-4d1d-922b-1baee7f11e02,d26e87e0-0087-41c6-8065-6aad5d978a3e,5,3
0526fc67-afa3-4f83-9bb6-b92c341318d5,b385ae30-ab5d-4d1d-922b-1baee7f11e02,febbe127-2135-4fc4-a056-f6cd1fb27f6c,5,4
c4ad60fc-caf4-46d0-ab03-4f5a3b0d0f9d,b385ae30-ab5d-4d1d-922b-1baee7f11e02,28c21e10-d600-4572-94bb-34a6a64dc5f0,5,5
f0982a78-6f6c-46ae-99b5-a665bfe20cdf,b385ae30-ab5d-4d1d-922b-1baee7f11e02,28c21e10-d600-4572-94bb-34a6a64dc5f0,5,6
c0515cf9-88bb-42b5-9c0b-d36c27684484,b385ae30-ab5d-4d1d-922b-1baee7f11e02,febbe127-2135-4fc4-a056-f6cd1fb27f6c,5,7
4841b166-6faf-41a4-8df1-3abda310ec20,b385ae30-ab5d-4d1d-922b-1baee7f11e02,28c21e10-d600-4572-94bb-34a6a64dc5f0,5,8
e6c34a6d-8b42-4cdd-839e-48b15820b8f1,b385ae30-ab5d-4d1d-922b-1baee7f11e02,28c21e10-d600-4572-94bb-34a6a64dc5f0,6,1
bc185265-cfed-4a21-80d6-0ff6e65a8da1,b385ae30-ab5d-4d1d-922b-1baee7f11e02,0cf4d8de-f712-40b4-bcc8-83abb02ed7e3,6,2
d56dd739-7d88-46cc-8f02-dc896d4c230a,b385ae30-ab5d-4d1d-922b-1baee7f11e02,28c21e10-d600-4572-94bb-34a6a64dc5f0,6,3
21fdd4a9-8ce0-4639-b88c-7e287a467d7d,b385ae30-ab5d-4d1d-922b-1baee7f11e02,febbe127-2135-4fc4-a056-f6cd1fb27f6c,6,4
eecc5f56-dc35-4166-913f-8daf1148ff27,b385ae30-ab5d-4d1d-922b-1baee7f11e02,febbe127-2135-4fc4-a056-f6cd1fb27f6c,6,5
21b271c4-6ce6-4e1f-a4d0-9a67a1ca4b15,b385ae30-ab5d-4d1d-922b-1baee7f11e02,febbe127-2135-4fc4-a056-f6cd1fb27f6c,6,6
e8c3e90b-70d2-477b-abe9-8ab9316861da,b385ae30-ab5d-4d1d-922b-1baee7f11e02,febbe127-2135-4fc4-a056-f6cd1fb27f6c,6,7
d627433b-11ca-4ff2-97b0-db6811d26084,b385ae30-ab5d-4d1d-922b-1baee7f11e02,0cf4d8de-f712-40b4-bcc8-83abb02ed7e3,6,8
a3de686b-982f-4c8c-bcdc-5f5b23be16c0,b385ae30-ab5d-4d1d-922b-1baee7f11e02,d26e87e0-0087-41c6-8065-6aad5d978a3e,7,1
09caf676-1817-4af5-914a-d6e31a7207b9,b385ae30-ab5d-4d1d-922b-1baee7f11e02,febbe127-2135-4fc4-a056-f6cd1fb27f6c,7,2
1992aaaa-bac6-4bb8-8359-57f35e34282c,b385ae30-ab5d-4d1d-922b-1baee7f11e02,febbe127-2135-4fc4-a056-f6cd1fb27f6c,7,3
b6d2c8dc-6ff0-4668-a912-655dcdcd37d4,b385ae30-ab5d-4d1d-922b-1baee7f11e02,28c21e10-d600-4572-94bb-34a6a64dc5f0,7,4
b51035a2-f197-44b0-860c-d8f1f7749e00,b385ae30-ab5d-4d1d-922b-1baee7f11e02,d26e87e0-0087-41c6-8065-6aad5d978a3e,7,5
50bd7ce9-de01-4819-a387-5a96c464797b,b385ae30-ab5d-4d1d-922b-1baee7f11e02,febbe127-2135-4fc4-a056-f6cd1fb27f6c,7,6
3fd676e4-2fb7-40b7-a311-31adaa5aeee1,b385ae30-ab5d-4d1d-922b-1baee7f11e02,febbe127-2135-4fc4-a056-f6cd1fb27f6c,7,7
4bbc8495-b8c8-4ec5-b6fe-4152ec5fbe84,b385ae30-ab5d-4d1d-922b-1baee7f11e02,28c21e10-d600-4572-94bb-34a6a64dc5f0,7,8
dc697c97-5647-42a4-9803-44438d6baf62,b385ae30-ab5d-4d1d-922b-1baee7f11e02,febbe127-2135-4fc4-a056-f6cd1fb27f6c,8,1
12443761-9145-4b85-8ec2-f18c90282323,b385ae30-ab5d-4d1d-922b-1baee7f11e02,febbe127-2135-4fc4-a056-f6cd1fb27f6c,8,2
d5bef7d4-34ff-4f56-a504-0c14d8be01bf,b385ae30-ab5d-4d1d-922b-1baee7f11e02,28c21e10-d600-4572-94bb-34a6a64dc5f0,8,3
3d1357fb-833d-40bc-afad-d01a59937387,b385ae30-ab5d-4d1d-922b-1baee7f11e02,0cf4d8de-f712-40b4-bcc8-83abb02ed7e3,8,4
3f06d71b-560b-4d0d-bc36-b714abf3f6a4,b385ae30-ab5d-4d1d-922b-1baee7f11e02,28c21e10-d600-4572-94bb-34a6a64dc5f0,8,5
268caec4-949f-4d53-9542-a3accf332972,b385ae30-ab5d-4d1d-922b-1baee7f11e02,28c21e10-d600-4572-94bb-34a6a64dc5f0,8,6
1eb28ef2-7fec-48d5-b620-bc5f6723c088,b385ae30-ab5d-4d1d-922b-1baee7f11e02,d26e87e0-0087-41c6-8065-6aad5d978a3e,8,7
fa4124a8-73b3-4a5a-9423-97d4537266d2,b385ae30-ab5d-4d1d-922b-1baee7f11e02,febbe127-2135-4fc4-a056-f6cd1fb27f6c,8,8
db3c7d90-e0c3-44a0-873b-5c8caaa7dbdf,b385ae30-ab5d-4d1d-922b-1baee7f11e02,d26e87e0-0087-41c6-8065-6aad5d978a3e,9,1
ec133c7d-d8b5-43cc-86ed-6cd97b405271,b385ae30-ab5d-4d1d-922b-1baee7f11e02,28c21e10-d600-4572-94bb-34a6a64dc5f0,9,2
305b947e-3758-4d8b-be38-fa9cbe3afaf6,b385ae30-ab5d-4d1d-922b-1baee7f11e02,febbe127-2135-4fc4-a056-f6cd1fb27f6c,9,3
ed7b792a-c263-4658-ba26-bcb652ecd8b3,b385ae30-ab5d-4d1d-922b-1baee7f11e02,0cf4d8de-f712-40b4-bcc8-83abb02ed7e3,9,4
116b3ff7-582b-4b9e-8bf8-91633ffb9e07,b385ae30-ab5d-4d1d-922b-1baee7f11e02,febbe127-2135-4fc4-a056-f6cd1fb27f6c,9,5
c5b603ab-1c59-4003-a463-ed6d15b675ed,b385ae30-ab5d-4d1d-922b-1baee7f11e02,d26e87e0-0087-41c6-8065-6aad5d978a3e,9,6
30c47b73-3dc1-4b0f-9807-9409a0898699,b385ae30-ab5d-4d1d-922b-1baee7f11e02,febbe127-2135-4fc4-a056-f6cd1fb27f6c,9,7
54c31ae2-a14b-43d6-ae9e-f522a2e0571a,b385ae30-ab5d-4d1d-922b-1baee7f11e02,febbe127-2135-4fc4-a056-f6cd1fb27f6c,9,8
2f9fb84f-3702-4fa2-95d9-a767bd8aa81a,b385ae30-ab5d-4d1d-922b-1baee7f11e02,febbe127-2135-4fc4-a056-f6cd1fb27f6c,10,1
4c207475-4997-4932-a800-9b412a9339e4,b385ae30-ab5d-4d1d-922b-1baee7f11e02,d26e87e0-0087-41c6-8065-6aad5d978a3e,10,2
27ae1719-e413-4b76-844e-dbf8dfb382a9,b385ae30-ab5d-4d1d-922b-1baee7f11e02,0cf4d8de-f712-40b4-bcc8-83abb02ed7e3,10,3
7eb64601-6e36-4365-b9f1-a90619f58fa2,b385ae30-ab5d-4d1d-922b-1baee7f11e02,d26e87e0-0087-41c6-8065-6aad5d978a3e,10,4
95d19e85-c4a1-4b41-b05f-11dc8a68c60d,b385ae30-ab5d-4d1d-922b-1baee7f11e02,d26e87e0-0087-41c6-8065-6aad5d978a3e,10,5
c3b03729-3d22-4e19-a75f-f42e248c8f0f,b385ae30-ab5d-4d1d-922b-1baee7f11e02,28c21e10-d600-4572-94bb-34a6a64dc5f0,10,6
aaada9af-1bf6-42fb-8de9-814848318b65,b385ae30-ab5d-4d1d-922b-1baee7f11e02,28c21e10-d600-4572-94bb-34a6a64dc5f0,10,7
801122e9-ed18-4ab4-b809-8ba002ad8761,b385ae30-ab5d-4d1d-922b-1baee7f11e02,d26e87e0-0087-41c6-8065-6aad5d978a3e,10,8
8915d27f-f764-4352-8050-abfc551e88fb,b385ae30-ab5d-4d1d-922b-1baee7f11e02,febbe127-2135-4fc4-a056-f6cd1fb27f6c,11,1
6646104b-9a62-4ecf-a17c-61ffaa31ba52,b385ae30-ab5d-4d1d-922b-1baee7f11e02,0cf4d8de-f712-40b4-bcc8-83abb02ed7e3,11,2
1964cb23-e937-4646-9f84-e1f5083fdacb,b385ae30-ab5d-4d1d-922b-1baee7f11e02,d26e87e0-0087-41c6-8065-6aad5d978a3e,11,3
f9f56e32-77cb-4909-a4d3-281e2d8b2c3e,b385ae30-ab5d-4d1d-922b-1baee7f11e02,28c21e10-d600-4572-94bb-34a6a64dc5f0,11,4
4782db17-36e1-4e7e-bb4e-4eeb339d79d7,b385ae30-ab5d-4d1d-922b-1baee7f11e02,28c21e10-d600-4572-94bb-34a6a64dc5f0,11,5
57a420b3-8764-4fd7-b3ec-42e3b4e41f3c,b385ae30-ab5d-4d1d-922b-1baee7f11e02,28c21e10-d600-4572-94bb-34a6a64dc5f0,11,6
dd253a59-210c-494e-9e84-f3bf9f905304,b385ae30-ab5d-4d1d-922b-1baee7f11e02,28c21e10-d600-4572-94bb-34a6a64dc5f0,11,7
25297e50-00a2-481e-8d61-3b72bf7eb532,b385ae30-ab5d-4d1d-922b-1baee7f11e02,d26e87e0-0087-41c6-8065-6aad5d978a3e,12,1
59bfd141-408c-499f-a452-f916d6d53fb2,b385ae30-ab5d-4d1d-922b-1baee7f11e02,d26e87e0-0087-41c6-8065-6aad5d978a3e,12,2
7c892cb0-ff05-4e26-a712-b330a5bc3d51,b385ae30-ab5d-4d1d-922b-1baee7f11e02,d26e87e0-0087-41c6-8065-6aad5d978a3e,12,3
3df66e0a-d3e3-416a-9f61-1ff4ad05e6d7,b385ae30-ab5d-4d1d-922b-1baee7f11e02,0cf4d8de-f712-40b4-bcc8-83abb02ed7e3,12,4
6449faac-afdf-495c-bf72-e0e7d86b24a1,b385ae30-ab5d-4d1d-922b-1baee7f11e02,febbe127-2135-4fc4-a056-f6cd1fb27f6c,12,5
58d7ca64-d5a7-437c-9afa-4f162b3eceb5,b385ae30-ab5d-4d1d-922b-1baee7f11e02,28c21e10-d600-4572-94bb-34a6a64dc5f0,12,6
8514dcc3-e072-416c-9ac3-e93bce313ffc,b385ae30-ab5d-4d1d-922b-1baee7f11e02,0cf4d8de-f712-40b4-bcc8-83abb02ed7e3,12,7
4ef34c33-e9cb-41fa-a4da-f8c5cd263204,b385ae30-ab5d-4d1d-922b-1baee7f11e02,0cf4d8de-f712-40b4-bcc8-83abb02ed7e3,13,1
32a72804-46be-4f82-b1fa-0ed3b94783ac,b385ae30-ab5d-4d1d-922b-1baee7f11e02,febbe127-2135-4fc4-a056-f6cd1fb27f6c,13,2
5b4b898d-f0ff-49fa-8256-1e3b7d6c3cf2,b385ae30-ab5d-4d1d-922b-1baee7f11e02,0cf4d8de-f712-40b4-bcc8-83abb02ed7e3,13,3
5b60c412-f328-457b-8ebf-120554521ef9,b385ae30-ab5d-4d1d-922b-1baee7f11e02,0cf4d8de-f712-40b4-bcc8-83abb02ed7e3,13,4
8a7f7a48-ca5e-4dd5-a761-ade2db1c829b,b385ae30-ab5d-4d1d-922b-1baee7f11e02,febbe127-2135-4fc4-a056-f6cd1fb27f6c,13,5
f350c091-1fe3-445c-bb44-828a8de4f358,b385ae30-ab5d-4d1d-922b-1baee7f11e02,febbe127-2135-4fc4-a056-f6cd1fb27f6c,13,6
cd67fc04-6130-49c8-a78e-65a5b01a851d,b385ae30-ab5d-4d1d-922b-1baee7f11e02,0cf4d8de-f712-40b4-bcc8-83abb02ed7e3,13,7
