id,user_id,movie_id,rating,review_comment
a9144eec-cd3f-48b6-a2f0-30d1ed8fe426,45884a21-1496-45c7-81a9-dd4837cd3b05,05de5279-613f-4b9e-b38d-1e4203d75c1a,6,
01c3e64b-e9d6-437e-ab1e-589677a08a49,45884a21-1496-45c7-81a9-dd4837cd3b05,a3128f74-4fcf-4cae-b2db-d585516780d1,1,
7e7ab983-f11d-4a39-bc78-fd90214c8162,45884a21-1496-45c7-81a9-dd4837cd3b05,47aa0eb4-151b-4307-b50f-cdd5a44970fd,3,Sample English review 3.
0673217b-bb7f-449c-8d50-56cc7fcde506,45884a21-1496-45c7-81a9-dd4837cd3b05,0eda6729-995b-43a0-9a17-b89035543c47,3,
556a6b37-8080-42dc-b33a-5cd20a48af40,45884a21-1496-45c7-81a9-dd4837cd3b05,81d5edb0-d9b4-4d01-968c-8eda5f5b6a03,7,Sample English review 5.
57e2ab9d-6f79-4ba6-92c7-1bf3ab9a70c5,45884a21-1496-45c7-81a9-dd4837cd3b05,fd530ba8-7ae3-47c6-b384-a6b01df494cb,3,Sample English review 6.
658e5ec5-3b50-4694-832d-98bdb71468b8,45884a21-1496-45c7-81a9-dd4837cd3b05,67021090-97c3-44f2-82ed-cf5f65828f38,2,
e751d845-9d16-4a59-a3ce-bde945edebf7,45884a21-1496-45c7-81a9-dd4837cd3b05,ccda4639-3814-4892-99ea-7aa00cd42d49,5,Sample English review 8.
790ab845-5e2d-4ae4-bfa6-cfd02f1d5c9b,45884a21-1496-45c7-81a9-dd4837cd3b05,c3820118-4994-4049-8719-6d71466870fe,3,Sample English review 9.
83471789-f10b-4e23-be55-15f106f767b7,45884a21-1496-45c7-81a9-dd4837cd3b05,9c0da375-3d5a-4608-b8c7-9e36139d6c33,3,Sample English review 10.
9a492667-bba7-4c64-ac45-855c2cdf4fb9,45884a21-1496-45c7-81a9-dd4837cd3b05,23855b90-cb3b-4533-a756-bab9bb81426e,1,
723c1dc0-7647-494d-86c4-58065c093555,45884a21-1496-45c7-81a9-dd4837cd3b05,d3206088-b25a-455a-9323-1c8d5829b0b0,6,Sample English review 12.
1e2565db-e505-4c3a-bc38-59a112235133,45884a21-1496-45c7-81a9-dd4837cd3b05,7c01f309-b5b4-4962-843f-9698ce3ede17,4,Sample English review 13.
1e84ba78-afa1-4e84-9b35-f6abfbd983aa,45884a21-1496-45c7-81a9-dd4837cd3b05,e994bf32-d050-4e52-b334-5b6074b2a959,7,
d07e8341-5867-44c9-ae34-e2ffee2004b4,45884a21-1496-45c7-81a9-dd4837cd3b05,677a4d7a-ae9b-4bdb-a72f-67f73eba99c7,3,Sample English review 15.
cc41e91c-5907-43f4-bdf6-117b892fd562,45884a21-1496-45c7-81a9-dd4837cd3b05,e52406b3-6af5-42dc-a087-fe3f73c2cb30,10,Sample English review 16.
1db0bf60-496f-4386-bb53-d5f76b7aa3cc,45884a21-1496-45c7-81a9-dd4837cd3b05,d01b25df-fe4a-4617-b8b9-ee0c60db6556,3,Sample English review 17.
c2ffd99a-d5da-419b-bd93-b6ca1de3048e,64ab3621-92ab-4090-8640-da60b8eca9b3,8a99736e-dad6-489d-aa46-0ee02356e5fe,3,Sample English review 18.
6137c503-bca7-4098-8d68-14867edcace3,64ab3621-92ab-4090-8640-da60b8eca9b3,99f8ef2d-c0e8-4290-83a6-b460677b198d,8,Sample English review 19.
d1d332a7-1622-49bb-9f19-f48549e2ea91,64ab3621-92ab-4090-8640-da60b8eca9b3,708f4f48-f883-4f49-97ee-2c0a91c249de,4,Sample English review 20.
7ea13037-6b6c-4f09-ac65-1d4867adcad8,64ab3621-92ab-4090-8640-da60b8eca9b3,d01b25df-fe4a-4617-b8b9-ee0c60db6556,9,Sample English review 21.
fc177056-22e2-411b-8ad7-087339653dda,64ab3621-92ab-4090-8640-da60b8eca9b3,f4fa3e26-130b-42f5-8e08-2d4f884e080d,4,Sample English review 22.
b16f23c8-254a-4181-a6ff-7f06e880b9be,aa1d5937-bf17-40d8-8df1-e37af2415ad7,427354fb-8736-4fd4-9ea1-30b98d1974e7,3,Sample English review 23.
1d072c0b-a262-4b87-b94c-d74f61c28ce3,aa1d5937-bf17-40d8-8df1-e37af2415ad7,62531f1e-00a6-4fce-ab03-320c8c0852e8,2,Sample English review 24.
6d4317cc-c78f-4a23-81d1-e0db48caac01,aa1d5937-bf17-40d8-8df1-e37af2415ad7,47ae8c16-2d72-4c6b-8a12-3dac47db6ed7,9,Sample English review 25.
56d2a4bc-24b7-4ece-bcaa-4b014b22ac9b,4b36e270-35f2-449d-bce3-79f7454c2ca9,37887751-4d47-4e5c-98fd-9fa0dc90314c,10,Sample English review 26.
da31f27a-b164-417f-857a-46e4fd899502,4b36e270-35f2-449d-bce3-79f7454c2ca9,f9a7e8ba-2326-4fd7-b228-98060197c4f6,10,Sample English review 27.
eeb8bbed-0b53-41a4-86c8-1cdc3498ebab,4b36e270-35f2-449d-bce3-79f7454c2ca9,3844a965-19f9-41ec-9515-28393113f8c8,2,
6ec3e512-b666-434d-82f6-71511eabf93f,4b36e270-35f2-449d-bce3-79f7454c2ca9,09dc474c-41e1-47c7-bd11-8bcc61aba3cc,1,Sample English review 29.
325f0c23-f153-4b15-8f7a-29109d7faee0,4b36e270-35f2-449d-bce3-79f7454c2ca9,7338dd63-a1d1-4e74-9759-cd17bae3c0d8,7,
98df0581-7ae6-407b-bd80-8087d8b5b024,4b36e270-35f2-449d-bce3-79f7454c2ca9,e994bf32-d050-4e52-b334-5b6074b2a959,4,
8ba5ab40-d0fb-4348-89bd-2d4f58c1cced,4b36e270-35f2-449d-bce3-79f7454c2ca9,677a4d7a-ae9b-4bdb-a72f-67f73eba99c7,10,Sample English review 32.
dff65358-f967-4ecc-b819-8f85fa0bf25f,4b36e270-35f2-449d-bce3-79f7454c2ca9,cf58157c-eee8-4cb1-af62-820e7aadb847,7,Sample English review 33.
27ea9602-0583-47d1-8618-ae7ee5abe900,4b36e270-35f2-449d-bce3-79f7454c2ca9,2d56957e-9087-4750-8598-9d99f1933845,5,
c7ad1dfb-3728-44e5-8f0a-c0247115b9cd,4b36e270-35f2-449d-bce3-79f7454c2ca9,6dc440b0-7d0d-4e8c-8dfa-aacb16c25536,1,Sample English review 35.
5b2bb078-6fc3-45d2-b6f5-f0a27eaafd18,4b36e270-35f2-449d-bce3-79f7454c2ca9,09901650-fe76-4f18-9bf9-e24256f4909e,10,Sample English review 36.
7df77297-4361-4de0-8b37-266627740e34,4b36e270-35f2-449d-bce3-79f7454c2ca9,979d4dea-2a55-46c2-a9d1-95d1bd7fab87,10,Sample English review 37.
b046056c-dbdc-4e44-a87a-ef298d6772cf,4b36e270-35f2-449d-bce3-79f7454c2ca9,08c2602d-87d3-4851-b7fb-2bad244b5357,5,
f6bbea7b-9a24-475e-8e8f-a4655ef546cf,4b36e270-35f2-449d-bce3-79f7454c2ca9,ccda4639-3814-4892-99ea-7aa00cd42d49,7,Sample English review 39.
d100067b-1b84-48c0-8f72-493769866aa9,4b36e270-35f2-449d-bce3-79f7454c2ca9,e52406b3-6af5-42dc-a087-fe3f73c2cb30,5,Sample English review 40.
bf6ba56e-32f5-454e-a2fc-412842b262b1,4b36e270-35f2-449d-bce3-79f7454c2ca9,4072477a-0e21-47ca-9a86-73f662b98398,6,
7dd4fbaf-87eb-4fbc-8d08-aadcd28b7107,4b36e270-35f2-449d-bce3-79f7454c2ca9,4edba6e8-c8d9-4fe2-a682-124b91f87604,10,Sample English review 42.
84b644cf-13a5-4e7d-b93e-9add349129d0,4b36e270-35f2-449d-bce3-79f7454c2ca9,4ad5c73a-5c99-4e98-9d90-0e03b0986909,6,Sample English review 43.
eac1fbfa-dd98-4407-ab36-28cdd5072837,4b36e270-35f2-449d-bce3-79f7454c2ca9,2752b069-f76a-4957-8807-6237a31f6d2c,2,Sample English review 44.
81c53526-e571-4e76-867d-7b0f7383bf92,d3cf9b5b-2231-4436-a898-73306565dd15,81de516b-9d80-447a-a5f3-7f542dab2e6f,7,Sample English review 45.
29783308-ff2f-4845-b494-6a325a8fd906,d3cf9b5b-2231-4436-a898-73306565dd15,47632200-a702-4992-9f11-020d87c3aaed,4,
cad324b2-b816-4dea-b3ee-a698ed6fadac,d3cf9b5b-2231-4436-a898-73306565dd15,ecab2181-cb9d-42f7-b110-65986cef6204,10,
b4923cb8-1a47-4d83-b427-a2449f3aedec,d3cf9b5b-2231-4436-a898-73306565dd15,ebaef81b-0f73-4e06-bb20-5ef173be29af,2,Sample English review 48.
50ee1eab-b54f-4ede-9c14-543f48dde62f,d3cf9b5b-2231-4436-a898-73306565dd15,d3206088-b25a-455a-9323-1c8d5829b0b0,1,Sample English review 49.
43b5079a-c34a-448f-89c6-d9a4464ad763,d3cf9b5b-2231-4436-a898-73306565dd15,ccda4639-3814-4892-99ea-7aa00cd42d49,3,Sample English review 50.
db15b8ff-0584-48de-a0b3-37905670c611,d3cf9b5b-2231-4436-a898-73306565dd15,d01b25df-fe4a-4617-b8b9-ee0c60db6556,5,Sample English review 51.
b0c95000-8ad3-46b3-aa2a-77b57d611451,d3cf9b5b-2231-4436-a898-73306565dd15,722c5ad2-9175-4d47-9f8a-d10e496d97f8,6,
6e56a4d6-fe29-481f-a3a9-2fc04ef03213,d3cf9b5b-2231-4436-a898-73306565dd15,6dc440b0-7d0d-4e8c-8dfa-aacb16c25536,5,
eab4d751-3646-4b03-a8a2-e3e7382fdabd,d3cf9b5b-2231-4436-a898-73306565dd15,67021090-97c3-44f2-82ed-cf5f65828f38,5,Sample English review 54.
270ac058-9d6c-4062-baec-10329516c6d0,d3cf9b5b-2231-4436-a898-73306565dd15,33875037-f579-42ed-8aba-818a640c90d9,3,Sample English review 55.
f0f47154-613a-46f2-b666-d4c7414e8a4c,d3cf9b5b-2231-4436-a898-73306565dd15,8a99736e-dad6-489d-aa46-0ee02356e5fe,5,Sample English review 56.
28b64ce1-9cd5-496f-8dfc-b57ade9a843f,d3cf9b5b-2231-4436-a898-73306565dd15,7c01f309-b5b4-4962-843f-9698ce3ede17,3,Sample English review 57.
90eab1d0-40a9-4265-8b11-0296fb1e1552,d3cf9b5b-2231-4436-a898-73306565dd15,7c08735f-311c-4060-9637-87bee6bf9673,8,Sample English review 58.
8079a358-eb2e-40ed-a7a7-ce251c3daa71,d3cf9b5b-2231-4436-a898-73306565dd15,62531f1e-00a6-4fce-ab03-320c8c0852e8,3,Sample English review 59.
2615b819-d8dd-43a6-b6df-c49b838143a7,d3cf9b5b-2231-4436-a898-73306565dd15,4edba6e8-c8d9-4fe2-a682-124b91f87604,5,
99621b17-a400-4478-92c7-bc11a794eeab,683e7afe-0d5b-4bbb-829f-3f2d3b2d97fe,08c2602d-87d3-4851-b7fb-2bad244b5357,3,
4a4646a2-787b-4bd0-b41c-8226736b68d3,683e7afe-0d5b-4bbb-829f-3f2d3b2d97fe,138aca2e-a48d-46a6-ac06-c902efe4fd18,9,Sample English review 62.
23a77ee9-6dfd-4bfe-9c7a-374775c82fda,683e7afe-0d5b-4bbb-829f-3f2d3b2d97fe,09901650-fe76-4f18-9bf9-e24256f4909e,2,Sample English review 63.
66358cb5-e306-40d0-b20a-26854e64b97c,683e7afe-0d5b-4bbb-829f-3f2d3b2d97fe,1b7592f5-0e3c-4c80-b5a2-4bd6f1157cba,9,Sample English review 64.
ec187c6f-7ef3-4096-840d-b8c8ec37ba55,683e7afe-0d5b-4bbb-829f-3f2d3b2d97fe,6d0ed363-2c1a-43f7-958a-0e0cb6ea3e49,10,Sample English review 65.
4b2e2137-d846-4745-9d28-ae5a0b1f9e05,b4bf55a2-d8ac-4846-9d78-8a2e99c0ae4c,8a99736e-dad6-489d-aa46-0ee02356e5fe,2,Sample English review 66.
78590834-27ff-469e-aaf7-42565087d613,b4bf55a2-d8ac-4846-9d78-8a2e99c0ae4c,7bd0bc4e-e14f-4f46-8e8b-d015a6b4ebc1,7,Sample English review 67.
4374ab48-f391-4a8e-8848-0eb296cb370f,b4bf55a2-d8ac-4846-9d78-8a2e99c0ae4c,e994bf32-d050-4e52-b334-5b6074b2a959,9,Sample English review 68.
d2ee42eb-f7fa-489c-90c7-c32b4695bd8f,b4bf55a2-d8ac-4846-9d78-8a2e99c0ae4c,5597d267-e508-4a43-8244-f8ec9fdecae4,9,Sample English review 69.
85a5d982-0cad-4e3b-8c0f-f9ee3dc6f7f7,b4bf55a2-d8ac-4846-9d78-8a2e99c0ae4c,0db8d5e2-1888-4d9f-a451-2f6e2a3e0f7d,3,Sample English review 70.
ace04ba7-8d84-4078-bc26-1d8f55ed994d,b4bf55a2-d8ac-4846-9d78-8a2e99c0ae4c,cf58157c-eee8-4cb1-af62-820e7aadb847,2,Sample English review 71.
739c4f7f-fc66-4c5e-9357-4cf8abcd212f,b4bf55a2-d8ac-4846-9d78-8a2e99c0ae4c,e52406b3-6af5-42dc-a087-fe3f73c2cb30,10,Sample English review 72.
1bfda58f-a8d8-4a0c-a580-13a1d4647d17,b4bf55a2-d8ac-4846-9d78-8a2e99c0ae4c,f9a7e8ba-2326-4fd7-b228-98060197c4f6,3,Sample English review 73.
41387b17-62f3-464a-8e4b-d465f012d4b6,b4bf55a2-d8ac-4846-9d78-8a2e99c0ae4c,1b7592f5-0e3c-4c80-b5a2-4bd6f1157cba,2,Sample English review 74.
9f153743-5aec-4235-bd77-b90f7b0e2f79,b4bf55a2-d8ac-4846-9d78-8a2e99c0ae4c,677a4d7a-ae9b-4bdb-a72f-67f73eba99c7,7,Sample English review 75.
8b2d2253-950c-44d4-ad01-9e1664c1509e,fedf7961-6086-49f9-a033-375e9427700b,3e78c42e-79c6-46a5-84ba-afca64de824b,6,Sample English review 76.
871d2aa6-de10-412e-b6ea-264016fc3106,fedf7961-6086-49f9-a033-375e9427700b,74429405-c801-4e71-87cd-1d726e8cd8f7,2,Sample English review 77.
e60ea63b-6813-4ebe-8883-d67d59284d52,fedf7961-6086-49f9-a033-375e9427700b,708f4f48-f883-4f49-97ee-2c0a91c249de,4,Sample English review 78.
3c248c88-13ce-4ac6-9573-49778e0ad8d1,fedf7961-6086-49f9-a033-375e9427700b,138aca2e-a48d-46a6-ac06-c902efe4fd18,8,Sample English review 79.
dd881fea-9180-4bbc-a2e4-0ffb3a192347,fedf7961-6086-49f9-a033-375e9427700b,3c16d474-f898-4cfe-b924-7c38bea20d5c,4,Sample English review 80.
d1aa39a7-c310-4ae7-bf4f-afe033d40b71,fedf7961-6086-49f9-a033-375e9427700b,6c34f6f7-2682-4513-951e-96f325e7eb19,7,Sample English review 81.
e46a3bc8-fcca-4b4f-81b2-9b51feb84b1a,fedf7961-6086-49f9-a033-375e9427700b,9c0da375-3d5a-4608-b8c7-9e36139d6c33,9,Sample English review 82.
eabb3e65-4fb5-4e14-a32e-35f2efaba9b7,fedf7961-6086-49f9-a033-375e9427700b,b51a7d8d-dbc7-426e-9013-dd2124a444bb,10,Sample English review 83.
d71cd36f-f593-4cf2-afd3-38b6c1f8f8c6,fedf7961-6086-49f9-a033-375e9427700b,05de5279-613f-4b9e-b38d-1e4203d75c1a,3,Sample English review 84.
cdc9bdc7-706a-426a-a27f-59b42e1c449e,fedf7961-6086-49f9-a033-375e9427700b,3844a965-19f9-41ec-9515-28393113f8c8,10,Sample English review 85.
88418bb4-0ab9-41dc-b585-57f3ee5fc0af,fedf7961-6086-49f9-a033-375e9427700b,9008a579-51a2-4cde-80db-8e277bfd15c0,5,Sample English review 86.
0b2a5098-a28b-4f31-b0c0-7ed2e70f3bd5,fedf7961-6086-49f9-a033-375e9427700b,afc8c392-95b3-4506-8d6c-719f96692939,9,Sample English review 87.
5a8b57aa-2525-4ea3-bcdd-8608e43e9b8a,fedf7961-6086-49f9-a033-375e9427700b,ccda4639-3814-4892-99ea-7aa00cd42d49,9,Sample English review 88.
b90034bf-7177-4431-9942-bf51c03c6f9b,fedf7961-6086-49f9-a033-375e9427700b,e994bf32-d050-4e52-b334-5b6074b2a959,10,Sample English review 89.
1708d5a5-4f02-4696-b0b4-96eaf75aeb1c,fedf7961-6086-49f9-a033-375e9427700b,d51ce7b5-dd79-4d62-93c4-4a7cff3d22e3,4,Sample English review 90.
c790e75a-ad2d-4bd8-bfcf-78d789eee485,1e7447c1-2150-4bc3-bf53-c4ff4afe7645,9dae46b7-7f1a-4d67-b808-9e9c1b622d6c,7,
76595128-bc23-41d2-a30b-ffe868c0c0fa,d802b97c-3335-4860-859e-c50171c568a6,1b7592f5-0e3c-4c80-b5a2-4bd6f1157cba,7,Sample English review 92.
e504f8d7-e08f-4b19-b9cd-15a8bf15e2ab,d802b97c-3335-4860-859e-c50171c568a6,4ad5c73a-5c99-4e98-9d90-0e03b0986909,9,Sample English review 93.
14517414-2f2c-4fde-b2ac-a15209e52487,d802b97c-3335-4860-859e-c50171c568a6,7c08735f-311c-4060-9637-87bee6bf9673,10,Sample English review 94.
98f5bd9d-8f45-4619-9929-a919dab7a521,d802b97c-3335-4860-859e-c50171c568a6,6d0ed363-2c1a-43f7-958a-0e0cb6ea3e49,8,Sample English review 95.
7bf581d7-1ff9-405c-9833-123b538a7e41,e74e25e8-0973-4562-a0f0-2c603caff5fb,99f8ef2d-c0e8-4290-83a6-b460677b198d,8,Sample English review 96.
55ce745d-eb59-4ee0-8764-0567fcf76c4a,e74e25e8-0973-4562-a0f0-2c603caff5fb,5e77bfad-cca1-40e3-9460-368c94829eed,3,Sample English review 97.
e127a8da-80f5-49a1-a2db-5a1c363c6726,e74e25e8-0973-4562-a0f0-2c603caff5fb,77ae4c44-0946-4323-afdc-9932fc01f4c6,10,
6dd0fbff-a94b-48db-9dcc-ef6f06596d65,e74e25e8-0973-4562-a0f0-2c603caff5fb,5fb1457b-691f-48fd-aeca-0103d0a88833,7,Sample English review 99.
ad76a9bf-e452-40fe-833d-606d553c17b0,e74e25e8-0973-4562-a0f0-2c603caff5fb,1b7592f5-0e3c-4c80-b5a2-4bd6f1157cba,1,
caaa00dc-e937-4923-bd0b-1c53110fa052,e74e25e8-0973-4562-a0f0-2c603caff5fb,7bd0bc4e-e14f-4f46-8e8b-d015a6b4ebc1,7,
4c3186af-671d-4965-9036-61da928a6ced,e74e25e8-0973-4562-a0f0-2c603caff5fb,9b151d62-177e-4736-b8e5-6cf69170f9dc,2,
a219a70f-a611-4020-ae26-8ad67ee61285,e74e25e8-0973-4562-a0f0-2c603caff5fb,24ce7888-3716-43b8-9d28-4239e17abe25,9,Sample English review 103.
5cdb5417-792e-42f1-a925-9b09b6b4836f,e74e25e8-0973-4562-a0f0-2c603caff5fb,b3bb325c-6f93-4946-9d94-ca835b5be056,1,Sample English review 104.
c04a2a51-8ae7-4cc3-9f44-c4834ba1ceec,e74e25e8-0973-4562-a0f0-2c603caff5fb,fd530ba8-7ae3-47c6-b384-a6b01df494cb,8,Sample English review 105.
e091c3cd-9938-4d36-808e-6d1290e4d5ef,e74e25e8-0973-4562-a0f0-2c603caff5fb,99f6f5c3-1cb9-4fe1-ab1a-aa9c1d16dbd0,8,Sample English review 106.
5cfe6aea-5003-46ec-9763-f92b546f1b05,e74e25e8-0973-4562-a0f0-2c603caff5fb,69a62e24-d225-4d89-94b5-ae7f906b57dc,1,Sample English review 107.
a6c3cb78-b1d0-4d34-ad06-45fe2569ebbd,e74e25e8-0973-4562-a0f0-2c603caff5fb,81de516b-9d80-447a-a5f3-7f542dab2e6f,4,
37d1c2e8-b9a6-4187-914c-272963ad3bd0,e74e25e8-0973-4562-a0f0-2c603caff5fb,af3763b7-7954-464c-8287-33c652eaced6,3,Sample English review 109.
b6b8a1fd-1870-43ce-ab96-d0861bbaa1a0,e74e25e8-0973-4562-a0f0-2c603caff5fb,67d8b4ad-4640-43f2-9c53-6b4929f30103,7,Sample English review 110.
86c24327-d787-455e-ad51-d9f0c45108d8,e74e25e8-0973-4562-a0f0-2c603caff5fb,2fd567ca-8efe-4948-bebd-a1a56f976d42,5,
8f479c5a-9bf1-4e2b-b97c-bd43aaf9c339,e74e25e8-0973-4562-a0f0-2c603caff5fb,427354fb-8736-4fd4-9ea1-30b98d1974e7,9,Sample English review 112.
a9bd181b-45aa-4e0c-8078-c3f71d619f68,e74e25e8-0973-4562-a0f0-2c603caff5fb,3c16d474-f898-4cfe-b924-7c38bea20d5c,1,Sample English review 113.
04f172a1-f2e3-48f9-9bca-04435c212739,e74e25e8-0973-4562-a0f0-2c603caff5fb,3844a965-19f9-41ec-9515-28393113f8c8,6,Sample English review 114.
36511032-3fbd-4f19-9a59-7e21b7744bd7,e74e25e8-0973-4562-a0f0-2c603caff5fb,e9774607-8354-4ac8-adcf-f72a1716c51b,5,Sample English review 115.
7114b4fc-5ca0-444c-a07f-40d18ca39e8a,e74e25e8-0973-4562-a0f0-2c603caff5fb,2c417aef-cf61-4d18-ae06-06ba2317f36f,3,Sample English review 116.
ade41550-b419-45e3-9dd9-f2cd136e7e7f,972c7d86-6821-47ea-888e-72100d65eb80,9bc42e46-67c9-447f-be78-4ae50e491d93,4,
4c51c825-f3e6-45d9-874b-9df551e0a1ab,972c7d86-6821-47ea-888e-72100d65eb80,009bae3f-9085-415e-81bf-b86503fa9115,7,
c7403874-e726-4b07-b2d5-9f52747ad975,972c7d86-6821-47ea-888e-72100d65eb80,6d0ed363-2c1a-43f7-958a-0e0cb6ea3e49,1,
9a35d0d9-6808-477a-9fd9-088c1bdfaf06,972c7d86-6821-47ea-888e-72100d65eb80,81d5edb0-d9b4-4d01-968c-8eda5f5b6a03,6,Sample English review 120.
4e16cc8f-8310-44ce-98cd-65df755603f5,972c7d86-6821-47ea-888e-72100d65eb80,9c0da375-3d5a-4608-b8c7-9e36139d6c33,5,Sample English review 121.
514de421-9926-48f8-8750-89d0d8a4191b,972c7d86-6821-47ea-888e-72100d65eb80,34e41375-9db2-4e92-9f7d-76f36353f4e6,3,
a54184b8-dc2a-4647-abf0-37e031ab8e00,972c7d86-6821-47ea-888e-72100d65eb80,4072477a-0e21-47ca-9a86-73f662b98398,2,
223a3d63-30b5-4885-8814-7e14a84daeb7,972c7d86-6821-47ea-888e-72100d65eb80,2752b069-f76a-4957-8807-6237a31f6d2c,10,Sample English review 124.
a16cff39-b6ec-47e2-b9e6-2171d433fa7f,972c7d86-6821-47ea-888e-72100d65eb80,67021090-97c3-44f2-82ed-cf5f65828f38,8,
9096ae8a-ab03-42b6-a6c1-0242ef5e92d5,972c7d86-6821-47ea-888e-72100d65eb80,1444ba20-39ac-43a5-bccc-1cc41c2f03b1,2,
55ee6186-d372-4d49-8585-da14704d3684,6da74ded-f7da-4eee-8079-bba7a837308d,7c01f309-b5b4-4962-843f-9698ce3ede17,4,Sample English review 127.
bf63f270-530b-455f-a051-30d4f0b30585,6da74ded-f7da-4eee-8079-bba7a837308d,722c5ad2-9175-4d47-9f8a-d10e496d97f8,9,Sample English review 128.
7914e6d5-e823-46f5-b471-131d85d3166d,6da74ded-f7da-4eee-8079-bba7a837308d,0eda6729-995b-43a0-9a17-b89035543c47,2,Sample English review 129.
426e3f8b-5086-47d8-b103-2dace7590ba7,6da74ded-f7da-4eee-8079-bba7a837308d,7bd0bc4e-e14f-4f46-8e8b-d015a6b4ebc1,4,Sample English review 130.
7a066a71-86fc-47d7-bd13-0319cbc3ea13,6da74ded-f7da-4eee-8079-bba7a837308d,33875037-f579-42ed-8aba-818a640c90d9,8,
a4c00100-7f50-4f18-82c1-1d90c781d732,6da74ded-f7da-4eee-8079-bba7a837308d,979d4dea-2a55-46c2-a9d1-95d1bd7fab87,6,Sample English review 132.
b6bca61f-b1b7-4716-9202-efa04f416abf,6da74ded-f7da-4eee-8079-bba7a837308d,b3bb325c-6f93-4946-9d94-ca835b5be056,7,
c56f321f-ad86-4a41-bc1a-83f62572dcb2,6da74ded-f7da-4eee-8079-bba7a837308d,34e41375-9db2-4e92-9f7d-76f36353f4e6,6,Sample English review 134.
feae9229-69f1-45a5-b82b-bd0e8246d586,6da74ded-f7da-4eee-8079-bba7a837308d,67d8b4ad-4640-43f2-9c53-6b4929f30103,7,
18491a1f-3e10-425c-ab04-e3a730c02a9f,6da74ded-f7da-4eee-8079-bba7a837308d,3844a965-19f9-41ec-9515-28393113f8c8,6,Sample English review 136.
6b59a418-e059-4612-ba88-d9e21e2ab282,6da74ded-f7da-4eee-8079-bba7a837308d,05de5279-613f-4b9e-b38d-1e4203d75c1a,2,Sample English review 137.
763884b6-c1de-41e5-b5a4-aa656e937d3e,6da74ded-f7da-4eee-8079-bba7a837308d,5e77bfad-cca1-40e3-9460-368c94829eed,9,Sample English review 138.
81f122db-cae7-4aa7-a46a-dc74092feceb,6da74ded-f7da-4eee-8079-bba7a837308d,47632200-a702-4992-9f11-020d87c3aaed,5,Sample English review 139.
6ccc4cee-c626-416f-b0f1-d0d8eaf7c748,6da74ded-f7da-4eee-8079-bba7a837308d,09dc474c-41e1-47c7-bd11-8bcc61aba3cc,6,
8a91ec66-0d17-4a4f-928c-cefcf6ae1b8e,6da74ded-f7da-4eee-8079-bba7a837308d,09876245-335b-4ddd-bdbf-a33e23abc2fb,6,Sample English review 141.
b847ed26-ef49-4cd9-95ef-ec787b4d8779,6da74ded-f7da-4eee-8079-bba7a837308d,8a99736e-dad6-489d-aa46-0ee02356e5fe,6,Sample English review 142.
25b7588c-aba7-4d3d-84a2-c3db33c4a755,6da74ded-f7da-4eee-8079-bba7a837308d,6358f21d-d22d-4f6c-b15e-7a1b7ba90800,6,Sample English review 143.
1d0f6122-a806-41b3-b262-86dbf542b65c,bef55667-bb05-496f-b261-47bb18fb2035,24ce7888-3716-43b8-9d28-4239e17abe25,6,Sample English review 144.
53a797c3-56f1-4b4e-b745-fb37193ecff0,bef55667-bb05-496f-b261-47bb18fb2035,4edba6e8-c8d9-4fe2-a682-124b91f87604,5,
d6f582b5-41c5-4e91-be77-bbd3b79141bb,bef55667-bb05-496f-b261-47bb18fb2035,09876245-335b-4ddd-bdbf-a33e23abc2fb,8,Sample English review 146.
5be1ab56-acbf-45ea-88db-8130d390ef84,bef55667-bb05-496f-b261-47bb18fb2035,47632200-a702-4992-9f11-020d87c3aaed,7,Sample English review 147.
fb356bc9-d14e-4201-a6ce-b4bf6d7f3fd8,48051deb-22a3-4fc7-9a58-168446cb2af1,74429405-c801-4e71-87cd-1d726e8cd8f7,2,
5024e168-d2ed-4ec0-bfbc-f591ec8fdea6,48051deb-22a3-4fc7-9a58-168446cb2af1,2752b069-f76a-4957-8807-6237a31f6d2c,10,Sample English review 149.
4659b56d-b3e4-4749-a7ac-8edb4907106b,48051deb-22a3-4fc7-9a58-168446cb2af1,b51a7d8d-dbc7-426e-9013-dd2124a444bb,6,
264d650b-1f50-434f-aa22-e1997d47ef2e,48051deb-22a3-4fc7-9a58-168446cb2af1,aa451009-5df5-4e3e-bce7-7ad1ac26b289,9,Sample English review 151.
f1d171e3-ee28-4692-a010-1facd681f148,48051deb-22a3-4fc7-9a58-168446cb2af1,af3763b7-7954-464c-8287-33c652eaced6,7,Sample English review 152.
150f2b4e-5cba-41f1-8f2d-2e94f4da3ffe,48051deb-22a3-4fc7-9a58-168446cb2af1,4072477a-0e21-47ca-9a86-73f662b98398,2,Sample English review 153.
ac794820-204f-48b2-9f37-719ddd1025b5,48051deb-22a3-4fc7-9a58-168446cb2af1,3ea805cf-d96a-4098-9682-f85f57267e43,6,Sample English review 154.
c585bcc8-4abf-4bc6-a283-f3347655c7d8,48051deb-22a3-4fc7-9a58-168446cb2af1,f4fa3e26-130b-42f5-8e08-2d4f884e080d,8,
5d4e65c2-5580-46e1-931e-2ba15e3cad9c,48051deb-22a3-4fc7-9a58-168446cb2af1,6d0ed363-2c1a-43f7-958a-0e0cb6ea3e49,1,
c1089c9c-99fa-47d8-8bd4-8dd51549f3ff,48051deb-22a3-4fc7-9a58-168446cb2af1,6358f21d-d22d-4f6c-b15e-7a1b7ba90800,8,
7b84d890-bbaf-404b-85c0-ef3eb663c9d0,48051deb-22a3-4fc7-9a58-168446cb2af1,ac17d6c1-f9a9-42be-9c29-6670939d8d5e,7,
4e1a8bcb-8919-4e85-8e52-df4992b3fdf4,48051deb-22a3-4fc7-9a58-168446cb2af1,99f6f5c3-1cb9-4fe1-ab1a-aa9c1d16dbd0,10,Sample English review 159.
9bb9d4b0-e90e-43a5-9dcf-9b5466591bf5,48051deb-22a3-4fc7-9a58-168446cb2af1,09876245-335b-4ddd-bdbf-a33e23abc2fb,10,Sample English review 160.
3dd0fcc1-1d85-441e-953d-3a0c0307cbb4,48051deb-22a3-4fc7-9a58-168446cb2af1,502dde18-86e1-4b5c-88c2-8010d067ede7,3,
bc258003-8663-4933-a755-358b0e5c729b,48051deb-22a3-4fc7-9a58-168446cb2af1,81d5edb0-d9b4-4d01-968c-8eda5f5b6a03,3,Sample English review 162.
ef6658fb-70d5-474e-9d53-6c5430b21b1f,48051deb-22a3-4fc7-9a58-168446cb2af1,08c2602d-87d3-4851-b7fb-2bad244b5357,5,Sample English review 163.
591b690b-54fc-4fcc-83f2-cae186789e31,48051deb-22a3-4fc7-9a58-168446cb2af1,34e41375-9db2-4e92-9f7d-76f36353f4e6,8,Sample English review 164.
58929354-4d7d-4b3a-b39a-05bd0ffb5932,ff70e2bc-f402-4349-8916-d7fd20ae48ab,2d56957e-9087-4750-8598-9d99f1933845,2,Sample English review 165.
ca0c78c1-ba31-44ae-93d8-6a2d4a72a4ea,ff70e2bc-f402-4349-8916-d7fd20ae48ab,d3206088-b25a-455a-9323-1c8d5829b0b0,2,Sample English review 166.
0e182e93-66ce-494a-aeed-8307cf808aba,ff70e2bc-f402-4349-8916-d7fd20ae48ab,3e78c42e-79c6-46a5-84ba-afca64de824b,2,
c163918b-106c-49f7-86a1-083dc0d12ce8,ff70e2bc-f402-4349-8916-d7fd20ae48ab,af3763b7-7954-464c-8287-33c652eaced6,8,Sample English review 168.
f4c13261-3941-46f4-8eb2-dc03e65b92c6,ff70e2bc-f402-4349-8916-d7fd20ae48ab,7338dd63-a1d1-4e74-9759-cd17bae3c0d8,8,Sample English review 169.
943fdc09-2dcf-43e3-aa3c-6c528d676882,ff70e2bc-f402-4349-8916-d7fd20ae48ab,2c417aef-cf61-4d18-ae06-06ba2317f36f,3,Sample English review 170.
c82e269d-584e-4a40-ad7b-46e23d7f2b97,ff70e2bc-f402-4349-8916-d7fd20ae48ab,7c01f309-b5b4-4962-843f-9698ce3ede17,9,Sample English review 171.
da73e602-52d3-41c5-9290-0db681fba7ad,ff70e2bc-f402-4349-8916-d7fd20ae48ab,3c16d474-f898-4cfe-b924-7c38bea20d5c,10,
473ad62b-0552-4d4f-9ded-6350b18300b3,ff70e2bc-f402-4349-8916-d7fd20ae48ab,722c5ad2-9175-4d47-9f8a-d10e496d97f8,2,Sample English review 173.
cfe77b30-314f-4011-9070-bbd2e7d9b17f,ff70e2bc-f402-4349-8916-d7fd20ae48ab,d9b9480a-a1e4-49d4-b8b5-a28a761924b7,3,Sample English review 174.
a9179f34-c74f-4440-858d-f6b053f41bf5,ff70e2bc-f402-4349-8916-d7fd20ae48ab,979d4dea-2a55-46c2-a9d1-95d1bd7fab87,9,
942dbf1e-c046-464a-8c2f-898a4d405385,ff70e2bc-f402-4349-8916-d7fd20ae48ab,ebaef81b-0f73-4e06-bb20-5ef173be29af,6,Sample English review 176.
521c76b7-83e9-4c27-b046-f94597732590,ff70e2bc-f402-4349-8916-d7fd20ae48ab,009bae3f-9085-415e-81bf-b86503fa9115,6,Sample English review 177.
0efc9939-fb17-46fe-9ef3-69c7e740a2c2,ff70e2bc-f402-4349-8916-d7fd20ae48ab,b3bb325c-6f93-4946-9d94-ca835b5be056,7,
7d619e44-a89a-4732-9c48-0b42907217a4,ff70e2bc-f402-4349-8916-d7fd20ae48ab,09dc474c-41e1-47c7-bd11-8bcc61aba3cc,8,Sample English review 179.
7955e5af-ef78-4c46-b0cd-eab79e4d36f5,ff70e2bc-f402-4349-8916-d7fd20ae48ab,08c2602d-87d3-4851-b7fb-2bad244b5357,6,Sample English review 180.
e8ff4a4b-370f-490d-bc38-9c4236672ac8,ff70e2bc-f402-4349-8916-d7fd20ae48ab,37887751-4d47-4e5c-98fd-9fa0dc90314c,10,
328780fb-3997-458d-af11-4290649e372f,aa971391-aef1-4ea9-9ae1-d60e71c822dc,502dde18-86e1-4b5c-88c2-8010d067ede7,10,Sample English review 182.
1315978a-1eb9-4524-bb51-7b58b8b02779,aa971391-aef1-4ea9-9ae1-d60e71c822dc,34e41375-9db2-4e92-9f7d-76f36353f4e6,3,Sample English review 183.
96d51196-7eed-4240-8ba2-261df9e28c5c,aa971391-aef1-4ea9-9ae1-d60e71c822dc,9bc42e46-67c9-447f-be78-4ae50e491d93,8,
53a02a6d-7b82-4702-acf5-101d460aa4d7,aa971391-aef1-4ea9-9ae1-d60e71c822dc,e52406b3-6af5-42dc-a087-fe3f73c2cb30,9,
8af2e64e-aece-46b7-9d02-c605d15f4825,07df65a3-f999-451e-a391-b93d4bbd1b4d,9b151d62-177e-4736-b8e5-6cf69170f9dc,4,Sample English review 186.
c5ae3a19-86ab-438c-a3a2-6b5e0981312d,07df65a3-f999-451e-a391-b93d4bbd1b4d,9dae46b7-7f1a-4d67-b808-9e9c1b622d6c,7,
bc2735e3-5577-4bbe-aef8-764641864aec,07df65a3-f999-451e-a391-b93d4bbd1b4d,62531f1e-00a6-4fce-ab03-320c8c0852e8,1,Sample English review 188.
1e0c4a5d-8042-4e57-9dc4-0d727455340d,07df65a3-f999-451e-a391-b93d4bbd1b4d,8a99736e-dad6-489d-aa46-0ee02356e5fe,7,Sample English review 189.
401e6b54-e8ba-4123-b3f7-36b62f9c72df,07df65a3-f999-451e-a391-b93d4bbd1b4d,67d8b4ad-4640-43f2-9c53-6b4929f30103,7,Sample English review 190.
48e4455b-0d38-49c7-bf6f-5e98aafe53bc,07df65a3-f999-451e-a391-b93d4bbd1b4d,6c34f6f7-2682-4513-951e-96f325e7eb19,7,Sample English review 191.
5c8dbe64-949c-4530-bd79-f047a1f15011,07df65a3-f999-451e-a391-b93d4bbd1b4d,708f4f48-f883-4f49-97ee-2c0a91c249de,8,
b70c3b9e-d3ee-4319-8a47-5927f206f8e7,07df65a3-f999-451e-a391-b93d4bbd1b4d,99f8ef2d-c0e8-4290-83a6-b460677b198d,9,
0007aef0-183d-4de1-ba8e-fadc819ceaa4,07df65a3-f999-451e-a391-b93d4bbd1b4d,c3820118-4994-4049-8719-6d71466870fe,10,Sample English review 194.
724e0e67-d46f-40bc-a10d-8c06bb0bb8d3,07df65a3-f999-451e-a391-b93d4bbd1b4d,a3128f74-4fcf-4cae-b2db-d585516780d1,1,Sample English review 195.
f294231f-cc94-42d6-8063-ab7d245ebf9f,07df65a3-f999-451e-a391-b93d4bbd1b4d,1b3bae68-e409-4055-a2c3-d5f42604c9b1,7,
78bb4653-e414-421b-ab2c-7dbc7ae19f3c,07df65a3-f999-451e-a391-b93d4bbd1b4d,e994bf32-d050-4e52-b334-5b6074b2a959,9,Sample English review 197.
288c6127-290c-48cd-b565-cd82ea355163,07df65a3-f999-451e-a391-b93d4bbd1b4d,138aca2e-a48d-46a6-ac06-c902efe4fd18,5,Sample English review 198.
6c2a36f5-4199-4255-8584-5155bf81ff8d,3c6da43a-baea-485e-a77a-7f8b583a9090,33875037-f579-42ed-8aba-818a640c90d9,5,Sample English review 199.
2c737cd6-6fd5-45f8-969e-e1f384504e16,3c6da43a-baea-485e-a77a-7f8b583a9090,09901650-fe76-4f18-9bf9-e24256f4909e,7,Sample English review 200.
bc976306-4ae6-43e5-b4e1-bb11ee75de03,3c6da43a-baea-485e-a77a-7f8b583a9090,f58f62f8-c6cd-4d19-adce-d4d1da14b149,7,
4e50bfa8-2899-476d-a625-02d420717087,3c6da43a-baea-485e-a77a-7f8b583a9090,d9b9480a-a1e4-49d4-b8b5-a28a761924b7,7,Sample English review 202.
3133dcc7-c2bc-4378-8a9a-7ba76c368442,c5e88a29-b887-4b4f-81e1-746fbee6a0cc,21bf0f34-fea3-4cb9-b9a7-94e72ffacc8a,8,Sample English review 203.
ded0e4be-f619-4725-a1c3-56ad2a872989,c5e88a29-b887-4b4f-81e1-746fbee6a0cc,979d4dea-2a55-46c2-a9d1-95d1bd7fab87,7,
ad219410-29c2-4b18-93eb-9c904a68aa8f,c5e88a29-b887-4b4f-81e1-746fbee6a0cc,34e41375-9db2-4e92-9f7d-76f36353f4e6,10,Sample English review 205.
9e1798af-5d08-4fed-a1af-81a0939e87e5,c5e88a29-b887-4b4f-81e1-746fbee6a0cc,009bae3f-9085-415e-81bf-b86503fa9115,9,
dcd62179-8e94-423e-8436-f19ff46f6e49,c5e88a29-b887-4b4f-81e1-746fbee6a0cc,d9b9480a-a1e4-49d4-b8b5-a28a761924b7,3,
2425cb2a-b7ea-460e-9f1f-ad83bf86b21b,c5e88a29-b887-4b4f-81e1-746fbee6a0cc,62531f1e-00a6-4fce-ab03-320c8c0852e8,4,Sample English review 208.
a4b782ac-dec9-408c-811a-6f6d0834e6f8,c5e88a29-b887-4b4f-81e1-746fbee6a0cc,425035ef-0093-422c-a760-2740c95f4457,3,Sample English review 209.
3afe50c2-138e-4c69-97c2-6816e0b1bfe7,c5e88a29-b887-4b4f-81e1-746fbee6a0cc,f58f62f8-c6cd-4d19-adce-d4d1da14b149,6,Sample English review 210.
bda1200c-f2d8-4703-8215-53d63dede0e4,4c078253-a463-47b9-bb4a-7d129db7e062,9008a579-51a2-4cde-80db-8e277bfd15c0,7,
7d1bf136-6a7a-4e4d-bef5-1464503657cc,4c078253-a463-47b9-bb4a-7d129db7e062,f58f62f8-c6cd-4d19-adce-d4d1da14b149,2,Sample English review 212.
a28050d1-6758-4155-a2be-4d905e74c7ab,4c078253-a463-47b9-bb4a-7d129db7e062,69a62e24-d225-4d89-94b5-ae7f906b57dc,10,Sample English review 213.
b3b94400-d8a7-4f8a-a1ef-41c993a0e82e,4c078253-a463-47b9-bb4a-7d129db7e062,5fb1457b-691f-48fd-aeca-0103d0a88833,4,
8ff274bb-22f0-454f-b7db-52336bc23f58,4c078253-a463-47b9-bb4a-7d129db7e062,afc8c392-95b3-4506-8d6c-719f96692939,9,Sample English review 215.
011050db-1a9a-4d7d-88e8-608479dfaaad,4c078253-a463-47b9-bb4a-7d129db7e062,009bae3f-9085-415e-81bf-b86503fa9115,2,Sample English review 216.
223985af-d25a-4622-8682-974e4ffff28c,4c078253-a463-47b9-bb4a-7d129db7e062,f9a7e8ba-2326-4fd7-b228-98060197c4f6,3,Sample English review 217.
bb70ed6a-40c6-42f9-9b5d-8bedda234357,4c078253-a463-47b9-bb4a-7d129db7e062,427354fb-8736-4fd4-9ea1-30b98d1974e7,6,Sample English review 218.
87ed066a-9258-4f0d-b33e-807a64a85629,4c078253-a463-47b9-bb4a-7d129db7e062,9dae46b7-7f1a-4d67-b808-9e9c1b622d6c,6,Sample English review 219.
e20407e7-77a0-4e1f-9a5d-51ed74767579,4c078253-a463-47b9-bb4a-7d129db7e062,d3206088-b25a-455a-9323-1c8d5829b0b0,1,
1105ce67-fcbc-4e92-9768-6e6b39cb483d,4c078253-a463-47b9-bb4a-7d129db7e062,9bc42e46-67c9-447f-be78-4ae50e491d93,4,
0af1a43e-9945-4633-a706-98eb9278f489,4c078253-a463-47b9-bb4a-7d129db7e062,f4fa3e26-130b-42f5-8e08-2d4f884e080d,6,Sample English review 222.
f9e3a8a1-98d5-45fe-84f4-478d2cafb005,4c078253-a463-47b9-bb4a-7d129db7e062,6d0ed363-2c1a-43f7-958a-0e0cb6ea3e49,5,Sample English review 223.
03b997a5-d8b6-4c74-9f72-3c4fd114d23a,4c078253-a463-47b9-bb4a-7d129db7e062,7c01f309-b5b4-4962-843f-9698ce3ede17,6,Sample English review 224.
7087452a-7cd7-4723-ad7a-12a064da1821,4c078253-a463-47b9-bb4a-7d129db7e062,dac8e4dd-9f17-46ef-9865-5e025b74bf9a,1,
44e7fabc-9770-4245-97cd-4d4bc2c14e66,4c078253-a463-47b9-bb4a-7d129db7e062,e52406b3-6af5-42dc-a087-fe3f73c2cb30,6,
20775a24-3439-4dfb-a12e-a5c2b7c24426,4c078253-a463-47b9-bb4a-7d129db7e062,0c6967ae-a4d8-4920-9d51-c7d95b61d752,4,Sample English review 227.
91c2442c-82d0-461b-a5e5-4d81580c4653,4c078253-a463-47b9-bb4a-7d129db7e062,21bf0f34-fea3-4cb9-b9a7-94e72ffacc8a,7,Sample English review 228.
3cb362b1-6143-490a-a77e-67b6bc18d0a1,4e8888d8-cb09-4beb-a040-ff550f7353f3,9bc42e46-67c9-447f-be78-4ae50e491d93,5,Sample English review 229.
d2448096-e3f4-4108-9ef4-6e342e59347a,4e8888d8-cb09-4beb-a040-ff550f7353f3,5597d267-e508-4a43-8244-f8ec9fdecae4,8,Sample English review 230.
d897439f-5b89-44da-9759-5447dec18d48,4e8888d8-cb09-4beb-a040-ff550f7353f3,677a4d7a-ae9b-4bdb-a72f-67f73eba99c7,1,Sample English review 231.
ad702cb4-feb4-49e4-bc5b-173b0a1e80ec,4e8888d8-cb09-4beb-a040-ff550f7353f3,7c01f309-b5b4-4962-843f-9698ce3ede17,5,Sample English review 232.
174641a1-b023-4bdf-bfa2-b50d18af9821,4e8888d8-cb09-4beb-a040-ff550f7353f3,6d0ed363-2c1a-43f7-958a-0e0cb6ea3e49,2,Sample English review 233.
c4481f91-aeff-412b-b689-136a9a900384,4e8888d8-cb09-4beb-a040-ff550f7353f3,47ae8c16-2d72-4c6b-8a12-3dac47db6ed7,10,
9f3b8116-da00-409e-af8d-f034e1425adf,4e8888d8-cb09-4beb-a040-ff550f7353f3,81d5edb0-d9b4-4d01-968c-8eda5f5b6a03,9,
34f6a014-e6e2-4a3c-87dd-ac08c010a1a2,4e8888d8-cb09-4beb-a040-ff550f7353f3,05de5279-613f-4b9e-b38d-1e4203d75c1a,1,
aa3d716b-27a1-421b-9839-f124acff020b,4e8888d8-cb09-4beb-a040-ff550f7353f3,3c16d474-f898-4cfe-b924-7c38bea20d5c,10,Sample English review 237.
107b6266-3bd9-4859-8a58-41e9bbb96d25,4e8888d8-cb09-4beb-a040-ff550f7353f3,77ae4c44-0946-4323-afdc-9932fc01f4c6,7,Sample English review 238.
5ee457c6-c3f6-4b9d-881e-bde9d856923a,4e8888d8-cb09-4beb-a040-ff550f7353f3,d01b25df-fe4a-4617-b8b9-ee0c60db6556,1,
e40625a3-493b-4cd6-b6b3-f27f7d5467c5,4e8888d8-cb09-4beb-a040-ff550f7353f3,6dc440b0-7d0d-4e8c-8dfa-aacb16c25536,2,Sample English review 240.
e21718a3-9ede-45d0-98c3-84d7e00eccdf,4e8888d8-cb09-4beb-a040-ff550f7353f3,a3128f74-4fcf-4cae-b2db-d585516780d1,2,Sample English review 241.
1d15f0c0-c845-43c6-9a92-390e4e2d6cb7,4e8888d8-cb09-4beb-a040-ff550f7353f3,74429405-c801-4e71-87cd-1d726e8cd8f7,3,
e650ddc2-5291-47d7-ad56-6c04d7d2eadc,4e8888d8-cb09-4beb-a040-ff550f7353f3,7bd0bc4e-e14f-4f46-8e8b-d015a6b4ebc1,8,Sample English review 243.
f5b2fe84-bc04-4713-8087-f3ebfbf89781,4e8888d8-cb09-4beb-a040-ff550f7353f3,99f8ef2d-c0e8-4290-83a6-b460677b198d,9,Sample English review 244.
86bcbc10-8697-485a-938e-e1a7d8113f7b,4e8888d8-cb09-4beb-a040-ff550f7353f3,24ce7888-3716-43b8-9d28-4239e17abe25,3,Sample English review 245.
e70944d5-86a3-49dc-82b3-0c961eac10db,4e8888d8-cb09-4beb-a040-ff550f7353f3,9008a579-51a2-4cde-80db-8e277bfd15c0,3,
637cef9d-a1a8-44c9-a206-a15cf0ce61ea,4e8888d8-cb09-4beb-a040-ff550f7353f3,cb55c939-b208-4183-9cac-dc086cdad4ea,5,Sample English review 247.
12e55431-999b-474e-9532-75ba9fe7ab06,4e8888d8-cb09-4beb-a040-ff550f7353f3,1b7592f5-0e3c-4c80-b5a2-4bd6f1157cba,9,
5a7737c9-8dca-4f73-bc9a-e73fc4136deb,4e8888d8-cb09-4beb-a040-ff550f7353f3,009bae3f-9085-415e-81bf-b86503fa9115,6,
30d50031-7ac0-413c-8692-66c5f856ee2b,4e8888d8-cb09-4beb-a040-ff550f7353f3,6c34f6f7-2682-4513-951e-96f325e7eb19,6,
3d2185e0-45a5-4995-968b-25e9b194c79c,6fa2b983-d76d-4216-965a-ce4373a0e27e,33875037-f579-42ed-8aba-818a640c90d9,8,
5e185c93-f714-4533-91f7-1e4cfa509aee,6fa2b983-d76d-4216-965a-ce4373a0e27e,cf58157c-eee8-4cb1-af62-820e7aadb847,1,Sample English review 252.
bd876002-659f-4566-9046-1f2fb15c52cb,6fa2b983-d76d-4216-965a-ce4373a0e27e,138aca2e-a48d-46a6-ac06-c902efe4fd18,2,Sample English review 253.
84827f13-679a-41c9-9913-3a1ccd1857b4,6fa2b983-d76d-4216-965a-ce4373a0e27e,f58f62f8-c6cd-4d19-adce-d4d1da14b149,6,
1b4df57b-e0cb-4127-abf5-cfc4e9509d6a,6fa2b983-d76d-4216-965a-ce4373a0e27e,ac17d6c1-f9a9-42be-9c29-6670939d8d5e,7,
61cecd16-08af-4e8e-872c-74da89ceea11,6fa2b983-d76d-4216-965a-ce4373a0e27e,b3bb325c-6f93-4946-9d94-ca835b5be056,7,Sample English review 256.
0e82c64c-f5f9-48f7-9768-3fbaf995161b,6fa2b983-d76d-4216-965a-ce4373a0e27e,8ff07004-cedb-4c53-a5dd-a034c6073f8e,3,Sample English review 257.
0258fdec-2a88-4442-8a16-8a5b95172108,6fa2b983-d76d-4216-965a-ce4373a0e27e,d01b25df-fe4a-4617-b8b9-ee0c60db6556,4,Sample English review 258.
8235cb39-498d-4ecb-89c2-e3acfddf5b21,6fa2b983-d76d-4216-965a-ce4373a0e27e,9c0da375-3d5a-4608-b8c7-9e36139d6c33,7,Sample English review 259.
ab3dbf8b-d890-4ed5-aa1a-d18a6fc36329,30acdef1-9c35-42f9-884a-391510db96e2,33b5c78e-cad2-4331-b9b9-a38ef8954dec,7,
1eec29c4-0d8d-4724-8652-1a363476771a,30acdef1-9c35-42f9-884a-391510db96e2,37887751-4d47-4e5c-98fd-9fa0dc90314c,10,Sample English review 261.
09f6dbfe-c044-4d0d-b7f0-08f78ea4e5b7,30acdef1-9c35-42f9-884a-391510db96e2,9bc42e46-67c9-447f-be78-4ae50e491d93,2,Sample English review 262.
6cd13614-92fa-4361-b0e9-62c9264f2dc3,30acdef1-9c35-42f9-884a-391510db96e2,47aa0eb4-151b-4307-b50f-cdd5a44970fd,1,
1d855923-9ab4-454e-9db4-b497f2a5ce8e,30acdef1-9c35-42f9-884a-391510db96e2,6d0ed363-2c1a-43f7-958a-0e0cb6ea3e49,8,
ea8fb653-808b-466b-ae91-d26051ad17da,30acdef1-9c35-42f9-884a-391510db96e2,ac17d6c1-f9a9-42be-9c29-6670939d8d5e,7,
6d86204f-5a62-4728-a96a-ac0244f8cccc,30acdef1-9c35-42f9-884a-391510db96e2,f58f62f8-c6cd-4d19-adce-d4d1da14b149,7,Sample English review 266.
fe731092-af04-419a-930f-04c3fd81629a,30acdef1-9c35-42f9-884a-391510db96e2,cf58157c-eee8-4cb1-af62-820e7aadb847,5,Sample English review 267.
f87c206d-4a36-4dd0-9f7a-fd007070387e,30acdef1-9c35-42f9-884a-391510db96e2,009bae3f-9085-415e-81bf-b86503fa9115,3,
05988342-ad2b-4dd6-b6e2-b24dac674538,30acdef1-9c35-42f9-884a-391510db96e2,d51ce7b5-dd79-4d62-93c4-4a7cff3d22e3,7,
7c314407-d6a2-42d5-8b0b-cfd9524037c9,30acdef1-9c35-42f9-884a-391510db96e2,77ae4c44-0946-4323-afdc-9932fc01f4c6,10,Sample English review 270.
9585fb8d-5908-47bf-9850-8309027e3990,30acdef1-9c35-42f9-884a-391510db96e2,138aca2e-a48d-46a6-ac06-c902efe4fd18,5,Sample English review 271.
6a169816-1b5f-493e-baab-bf7ba7fbb02d,30acdef1-9c35-42f9-884a-391510db96e2,ecdbf5f6-ea6e-48ad-8cf1-165f8682b135,5,Sample English review 272.
5fd6ecb6-ceae-4a59-8af2-f99f30b8f571,30acdef1-9c35-42f9-884a-391510db96e2,f4fa3e26-130b-42f5-8e08-2d4f884e080d,10,Sample English review 273.
0eabd528-a22c-462d-a6ea-ea07f45872ab,30acdef1-9c35-42f9-884a-391510db96e2,05de5279-613f-4b9e-b38d-1e4203d75c1a,4,Sample English review 274.
40ebab8b-65ca-470c-8e66-29f24304e652,ca6b5730-da76-468e-a236-082b76c663d9,677a4d7a-ae9b-4bdb-a72f-67f73eba99c7,7,
ab5a1f5f-1593-4a5f-bc59-366547d6df72,ca6b5730-da76-468e-a236-082b76c663d9,67d8b4ad-4640-43f2-9c53-6b4929f30103,1,Sample English review 276.
f12c5bbc-ea0f-4fc7-bd46-acd403503813,ca6b5730-da76-468e-a236-082b76c663d9,4ad5c73a-5c99-4e98-9d90-0e03b0986909,10,Sample English review 277.
72592d79-e4ef-4905-8b45-678fd97325ae,ca6b5730-da76-468e-a236-082b76c663d9,ebaef81b-0f73-4e06-bb20-5ef173be29af,3,
788d734e-4174-4980-aab9-e34d81d6cbee,ca6b5730-da76-468e-a236-082b76c663d9,6dc440b0-7d0d-4e8c-8dfa-aacb16c25536,2,Sample English review 279.
8df4351d-344f-4306-93c5-ea6bac8c1616,ca6b5730-da76-468e-a236-082b76c663d9,2c417aef-cf61-4d18-ae06-06ba2317f36f,3,Sample English review 280.
e56b5a9f-659d-4c48-8d49-423ea02a0c30,ca6b5730-da76-468e-a236-082b76c663d9,e994bf32-d050-4e52-b334-5b6074b2a959,7,Sample English review 281.
be1ff436-878d-49d4-b773-6abbf092f9ab,169690a4-5162-4519-be11-0745850c8348,3844a965-19f9-41ec-9515-28393113f8c8,8,
817b7083-2305-42ea-b182-06e2432bdc9a,169690a4-5162-4519-be11-0745850c8348,99f8ef2d-c0e8-4290-83a6-b460677b198d,4,
e1d4c8c6-303e-498d-a7f8-72441b5f3fd5,169690a4-5162-4519-be11-0745850c8348,2d56957e-9087-4750-8598-9d99f1933845,4,Sample English review 284.
989a0b88-0aa6-46f8-afec-5dc4735fd58f,169690a4-5162-4519-be11-0745850c8348,5e77bfad-cca1-40e3-9460-368c94829eed,8,Sample English review 285.
d0344d64-90a8-48ec-8dfa-07631c228210,169690a4-5162-4519-be11-0745850c8348,425035ef-0093-422c-a760-2740c95f4457,9,Sample English review 286.
e25606d5-b709-49ba-8074-eb1aa66e753d,169690a4-5162-4519-be11-0745850c8348,8a99736e-dad6-489d-aa46-0ee02356e5fe,2,Sample English review 287.
490d91be-b85d-489e-9ff8-4d19c1ad18ee,169690a4-5162-4519-be11-0745850c8348,4072477a-0e21-47ca-9a86-73f662b98398,4,Sample English review 288.
9ebcb022-e3e1-4fcf-905b-b3b047c0ffd5,169690a4-5162-4519-be11-0745850c8348,09dc474c-41e1-47c7-bd11-8bcc61aba3cc,8,Sample English review 289.
b189fb4f-420b-4a5b-9dbe-6b4f6d32fa99,169690a4-5162-4519-be11-0745850c8348,ecab2181-cb9d-42f7-b110-65986cef6204,3,
95878780-0f0b-475b-9937-dcc45b81ac8b,169690a4-5162-4519-be11-0745850c8348,722c5ad2-9175-4d47-9f8a-d10e496d97f8,4,Sample English review 291.
b0cbc3f4-f6f1-49ae-8f46-c3656e68ee96,169690a4-5162-4519-be11-0745850c8348,4edba6e8-c8d9-4fe2-a682-124b91f87604,8,Sample English review 292.
610b1f0d-5724-4693-a71d-3510c161377f,169690a4-5162-4519-be11-0745850c8348,6c34f6f7-2682-4513-951e-96f325e7eb19,1,
52335274-c9e4-4ec2-910f-b8998e4cd779,169690a4-5162-4519-be11-0745850c8348,81de516b-9d80-447a-a5f3-7f542dab2e6f,6,Sample English review 294.
9c6bdd0b-a024-438a-90c7-a41149513315,169690a4-5162-4519-be11-0745850c8348,d3206088-b25a-455a-9323-1c8d5829b0b0,1,Sample English review 295.
4e996a10-4151-4e53-be32-b0bdf677abbd,169690a4-5162-4519-be11-0745850c8348,7bd0bc4e-e14f-4f46-8e8b-d015a6b4ebc1,1,
83d5ded5-dff1-49be-9431-41fc94ce2650,169690a4-5162-4519-be11-0745850c8348,ecdbf5f6-ea6e-48ad-8cf1-165f8682b135,5,Sample English review 297.
d655cb02-03cb-416c-bb0f-204338ffedc4,169690a4-5162-4519-be11-0745850c8348,0eda6729-995b-43a0-9a17-b89035543c47,1,Sample English review 298.
881e6e7f-c678-4e7a-b1c8-0d9cd6076093,169690a4-5162-4519-be11-0745850c8348,677a4d7a-ae9b-4bdb-a72f-67f73eba99c7,6,Sample English review 299.
3f7b49d2-261a-46d3-aa75-e54c771e44e9,07fcbe58-9b47-48af-b7fb-97e9ede7c969,34e41375-9db2-4e92-9f7d-76f36353f4e6,4,Sample English review 300.
7e43f369-6425-47a9-aa1d-c891d487df8c,07fcbe58-9b47-48af-b7fb-97e9ede7c969,e9774607-8354-4ac8-adcf-f72a1716c51b,2,Sample English review 301.
da39a1cb-375e-4179-84e0-1b02b667b221,07fcbe58-9b47-48af-b7fb-97e9ede7c969,67021090-97c3-44f2-82ed-cf5f65828f38,9,Sample English review 302.
6bab9610-3cf8-4d5a-ac63-850f7df6bbb8,3fd81828-f003-46e4-be5d-801e8a78c56d,cf58157c-eee8-4cb1-af62-820e7aadb847,6,Sample English review 303.
87a5610d-d383-4db0-a63e-ca3933c5436a,3fd81828-f003-46e4-be5d-801e8a78c56d,6d0ed363-2c1a-43f7-958a-0e0cb6ea3e49,1,
3b4f3cc2-b8f7-4df9-b5e5-529101fbbaa8,3fd81828-f003-46e4-be5d-801e8a78c56d,b3bb325c-6f93-4946-9d94-ca835b5be056,7,Sample English review 305.
d5234449-9e20-486e-a63c-ac622cb01490,3fd81828-f003-46e4-be5d-801e8a78c56d,05de5279-613f-4b9e-b38d-1e4203d75c1a,8,Sample English review 306.
f3fc7176-f0b2-482f-9c77-c51aeb504e7d,3fd81828-f003-46e4-be5d-801e8a78c56d,0c6967ae-a4d8-4920-9d51-c7d95b61d752,7,Sample English review 307.
adb1c5a6-ff33-4cb6-aebe-3a4b9395a70f,23cab130-a05e-4c7b-899a-9738dd52ee5a,cb55c939-b208-4183-9cac-dc086cdad4ea,4,Sample English review 308.
c5998074-721d-4f5a-b7c8-22a8a686f43b,23cab130-a05e-4c7b-899a-9738dd52ee5a,77ae4c44-0946-4323-afdc-9932fc01f4c6,2,Sample English review 309.
bde23e41-6324-47af-84f6-30c44a3444d4,23cab130-a05e-4c7b-899a-9738dd52ee5a,3844a965-19f9-41ec-9515-28393113f8c8,4,Sample English review 310.
082c3a0f-d762-4e9b-afea-3f119b08c0b4,23cab130-a05e-4c7b-899a-9738dd52ee5a,4ad5c73a-5c99-4e98-9d90-0e03b0986909,4,
caee25d0-5509-4560-831a-79586003248d,23cab130-a05e-4c7b-899a-9738dd52ee5a,08c2602d-87d3-4851-b7fb-2bad244b5357,8,Sample English review 312.
533865cd-005a-42ca-8aa9-ea5d3dea1a81,23cab130-a05e-4c7b-899a-9738dd52ee5a,138aca2e-a48d-46a6-ac06-c902efe4fd18,3,Sample English review 313.
6c35f49f-8042-48d5-a74e-c88c6b152006,23cab130-a05e-4c7b-899a-9738dd52ee5a,09901650-fe76-4f18-9bf9-e24256f4909e,3,Sample English review 314.
d67a9e93-af84-497f-9eeb-52f100105334,23cab130-a05e-4c7b-899a-9738dd52ee5a,8ff07004-cedb-4c53-a5dd-a034c6073f8e,10,
0be95972-e814-48b1-b5be-3448220df2a1,23cab130-a05e-4c7b-899a-9738dd52ee5a,425035ef-0093-422c-a760-2740c95f4457,10,Sample English review 316.
b2cdc757-5291-4e24-8270-fe1f76842f5b,23cab130-a05e-4c7b-899a-9738dd52ee5a,09876245-335b-4ddd-bdbf-a33e23abc2fb,7,
1847e049-8600-4649-8016-0fd3644cc814,23cab130-a05e-4c7b-899a-9738dd52ee5a,21bf0f34-fea3-4cb9-b9a7-94e72ffacc8a,8,Sample English review 318.
e3a23eec-8e6c-418f-b2f3-04b961cbbe24,23cab130-a05e-4c7b-899a-9738dd52ee5a,47aa0eb4-151b-4307-b50f-cdd5a44970fd,9,Sample English review 319.
89feca7e-0aa2-4d44-bf3a-07114bb6448a,23cab130-a05e-4c7b-899a-9738dd52ee5a,1444ba20-39ac-43a5-bccc-1cc41c2f03b1,6,
1e08e636-a2c9-432c-b521-894200466ca6,23cab130-a05e-4c7b-899a-9738dd52ee5a,9dae46b7-7f1a-4d67-b808-9e9c1b622d6c,6,
2e38a6a8-e352-43e9-89b9-7b4cdb325648,23cab130-a05e-4c7b-899a-9738dd52ee5a,24ce7888-3716-43b8-9d28-4239e17abe25,4,Sample English review 322.
799b39cd-5fb6-4766-b344-08bf2de25903,26be2663-577f-4479-bb6f-c8be426be6c8,77ae4c44-0946-4323-afdc-9932fc01f4c6,8,
c3d0546f-c246-4687-b503-ce0f5438743c,26be2663-577f-4479-bb6f-c8be426be6c8,9bc42e46-67c9-447f-be78-4ae50e491d93,2,Sample English review 324.
9eec55c1-5b24-461f-962d-3e25b2c32941,26be2663-577f-4479-bb6f-c8be426be6c8,af3763b7-7954-464c-8287-33c652eaced6,3,
fb0716a8-7b4c-4a0a-a34e-fe56fb04eee5,26be2663-577f-4479-bb6f-c8be426be6c8,4ad5c73a-5c99-4e98-9d90-0e03b0986909,7,Sample English review 326.
27698db3-e9f8-44f6-8ba0-ec881a96d1a5,26be2663-577f-4479-bb6f-c8be426be6c8,1f2f5550-69ee-4ec3-82d2-d6cf2d0fc05c,2,
d258a117-ea87-45e2-ad2d-3afc0ebe5c19,8d5abf37-8141-4645-befa-fdf867ba8974,6358f21d-d22d-4f6c-b15e-7a1b7ba90800,7,Sample English review 328.
ab813aaf-ffd5-45df-b347-71f2a859e063,8d5abf37-8141-4645-befa-fdf867ba8974,425035ef-0093-422c-a760-2740c95f4457,2,
8e704119-7423-4ab5-b5b7-895a95d32f8c,8d5abf37-8141-4645-befa-fdf867ba8974,b3bb325c-6f93-4946-9d94-ca835b5be056,8,
a8f44411-e544-4aaa-b643-b9cd57e93df7,8d5abf37-8141-4645-befa-fdf867ba8974,afc8c392-95b3-4506-8d6c-719f96692939,9,Sample English review 331.
1f09efc5-0895-44e9-b716-b3a3b7d866ea,8d5abf37-8141-4645-befa-fdf867ba8974,ecab2181-cb9d-42f7-b110-65986cef6204,5,Sample English review 332.
921d3d4c-9649-45de-a625-a362bd7c1654,8d5abf37-8141-4645-befa-fdf867ba8974,3844a965-19f9-41ec-9515-28393113f8c8,4,Sample English review 333.
52b899f2-ed4e-4ca7-a304-7363ffbbbc2e,8d5abf37-8141-4645-befa-fdf867ba8974,d51ce7b5-dd79-4d62-93c4-4a7cff3d22e3,1,
646ac68d-9f9f-4d39-b40d-7ff41d35d5fd,8d5abf37-8141-4645-befa-fdf867ba8974,09876245-335b-4ddd-bdbf-a33e23abc2fb,10,Sample English review 335.
1cb1fbb7-7997-47fd-b7c3-0d90d1872f38,8d5abf37-8141-4645-befa-fdf867ba8974,21bf0f34-fea3-4cb9-b9a7-94e72ffacc8a,9,Sample English review 336.
9ea8aa58-b816-4fbe-9aca-2db8d9887273,8d5abf37-8141-4645-befa-fdf867ba8974,09901650-fe76-4f18-9bf9-e24256f4909e,8,Sample English review 337.
31a79ce9-8987-4557-8dd5-5f8010230750,8d5abf37-8141-4645-befa-fdf867ba8974,ecdbf5f6-ea6e-48ad-8cf1-165f8682b135,9,
fe8a15bf-63b6-48fe-869e-fea648e8900a,e98da5eb-f968-4e5f-a1b6-3f7ac42a629f,722c5ad2-9175-4d47-9f8a-d10e496d97f8,4,
7ec005f1-7491-4141-b92c-d16f5de76a5c,e98da5eb-f968-4e5f-a1b6-3f7ac42a629f,8ff07004-cedb-4c53-a5dd-a034c6073f8e,9,Sample English review 340.
95e4e2b4-dd68-4425-b2c8-f43b3744ac31,e98da5eb-f968-4e5f-a1b6-3f7ac42a629f,0c6967ae-a4d8-4920-9d51-c7d95b61d752,3,Sample English review 341.
e163ca6b-17e1-4515-92ce-c0e6b4f8ce57,e98da5eb-f968-4e5f-a1b6-3f7ac42a629f,77ae4c44-0946-4323-afdc-9932fc01f4c6,8,
ee4477cb-0c22-4eff-81d6-6dd8e1a68506,e98da5eb-f968-4e5f-a1b6-3f7ac42a629f,09901650-fe76-4f18-9bf9-e24256f4909e,5,Sample English review 343.
87fda3bd-dc5b-486e-a690-80a8a5e1f947,e98da5eb-f968-4e5f-a1b6-3f7ac42a629f,afc8c392-95b3-4506-8d6c-719f96692939,1,
c07df7cd-f38f-4815-8a0f-a0356a081549,e98da5eb-f968-4e5f-a1b6-3f7ac42a629f,cf58157c-eee8-4cb1-af62-820e7aadb847,7,Sample English review 345.
1b682c90-e87c-4fd5-b04a-8b31686aff6a,e98da5eb-f968-4e5f-a1b6-3f7ac42a629f,e52406b3-6af5-42dc-a087-fe3f73c2cb30,1,Sample English review 346.
e795be8a-c152-4320-940b-c6fd839b0f2e,e98da5eb-f968-4e5f-a1b6-3f7ac42a629f,af3763b7-7954-464c-8287-33c652eaced6,4,Sample English review 347.
fee9ca56-6cce-4764-8cc4-56db9ee30128,e98da5eb-f968-4e5f-a1b6-3f7ac42a629f,09876245-335b-4ddd-bdbf-a33e23abc2fb,9,Sample English review 348.
cd206625-3c12-49bb-acc0-b502c57b7f1e,e98da5eb-f968-4e5f-a1b6-3f7ac42a629f,6358f21d-d22d-4f6c-b15e-7a1b7ba90800,5,
76951c06-9f4b-4804-b150-ba32ac9f0272,e98da5eb-f968-4e5f-a1b6-3f7ac42a629f,c3820118-4994-4049-8719-6d71466870fe,10,Sample English review 350.
798e1a64-8788-4389-b2b7-bc5d59aeb834,e98da5eb-f968-4e5f-a1b6-3f7ac42a629f,fd530ba8-7ae3-47c6-b384-a6b01df494cb,1,Sample English review 351.
4a92ff9e-cc67-442f-bd5e-f9bdcffa3e70,e98da5eb-f968-4e5f-a1b6-3f7ac42a629f,9dae46b7-7f1a-4d67-b808-9e9c1b622d6c,1,Sample English review 352.
c347ff15-7049-475a-b547-038c8ce75da9,e98da5eb-f968-4e5f-a1b6-3f7ac42a629f,4edba6e8-c8d9-4fe2-a682-124b91f87604,1,Sample English review 353.
f424f3cb-291b-4ae1-8874-b8cb0f5ba7ac,38ab1548-3cc0-43c8-a54b-88ea3928a654,e9774607-8354-4ac8-adcf-f72a1716c51b,2,Sample English review 354.
9308886d-9d78-42ba-9bbd-2e505258036f,38ab1548-3cc0-43c8-a54b-88ea3928a654,f4fa3e26-130b-42f5-8e08-2d4f884e080d,5,Sample English review 355.
1f16a172-f22d-4dcc-a2de-74792aa4b914,38ab1548-3cc0-43c8-a54b-88ea3928a654,6dc440b0-7d0d-4e8c-8dfa-aacb16c25536,6,Sample English review 356.
538f9c2d-5e86-4312-b1b9-24080d7d539b,38ab1548-3cc0-43c8-a54b-88ea3928a654,c3820118-4994-4049-8719-6d71466870fe,3,Sample English review 357.
98abd861-edf7-433e-80c3-f91c077c3067,38ab1548-3cc0-43c8-a54b-88ea3928a654,81d5edb0-d9b4-4d01-968c-8eda5f5b6a03,2,
d966f343-deca-4521-b279-6eb72e75a57a,38ab1548-3cc0-43c8-a54b-88ea3928a654,2fd567ca-8efe-4948-bebd-a1a56f976d42,7,Sample English review 359.
97d1d06b-4e7f-4e94-b2c4-a15f9cc91d40,38ab1548-3cc0-43c8-a54b-88ea3928a654,62531f1e-00a6-4fce-ab03-320c8c0852e8,1,
338890f6-d809-4244-ab7c-7a0d501035f5,38ab1548-3cc0-43c8-a54b-88ea3928a654,4072477a-0e21-47ca-9a86-73f662b98398,2,Sample English review 361.
55e00b75-b07a-4d27-8944-162254ada389,38ab1548-3cc0-43c8-a54b-88ea3928a654,69a62e24-d225-4d89-94b5-ae7f906b57dc,7,
b315e589-8b15-4dda-b824-9b354a80a1de,38ab1548-3cc0-43c8-a54b-88ea3928a654,23855b90-cb3b-4533-a756-bab9bb81426e,2,Sample English review 363.
1cfc9d0b-2930-4bde-a715-4821339ed5f6,38ab1548-3cc0-43c8-a54b-88ea3928a654,7bd0bc4e-e14f-4f46-8e8b-d015a6b4ebc1,10,Sample English review 364.
90a979a5-ea4a-4981-b0ff-3b0e0da3469d,38ab1548-3cc0-43c8-a54b-88ea3928a654,b3bb325c-6f93-4946-9d94-ca835b5be056,2,
194ed937-c594-4a76-ab65-8def72c76995,38ab1548-3cc0-43c8-a54b-88ea3928a654,cb55c939-b208-4183-9cac-dc086cdad4ea,5,Sample English review 366.
5b455276-f1e5-4870-b627-1d627f4708eb,38ab1548-3cc0-43c8-a54b-88ea3928a654,85bbf311-5929-482a-a259-21f783c36c59,10,Sample English review 367.
ee027cc6-010c-4b78-ad34-d6d43875fe90,38ab1548-3cc0-43c8-a54b-88ea3928a654,ecab2181-cb9d-42f7-b110-65986cef6204,1,
47cb3ef7-52c3-4b19-b572-0b4845bcfd2d,38ab1548-3cc0-43c8-a54b-88ea3928a654,9dae46b7-7f1a-4d67-b808-9e9c1b622d6c,7,Sample English review 369.
cf925fbc-c16e-4e6c-863f-c35fac36ce38,0ee017be-f8ec-4e4f-9a21-3554145515d6,09dc474c-41e1-47c7-bd11-8bcc61aba3cc,6,Sample English review 370.
e511a43f-302d-49ef-ac27-d60c1dc540ca,0ee017be-f8ec-4e4f-9a21-3554145515d6,8a99736e-dad6-489d-aa46-0ee02356e5fe,8,Sample English review 371.
c0256359-26a0-4e83-aa22-b17c5c2935de,0ee017be-f8ec-4e4f-9a21-3554145515d6,b3bb325c-6f93-4946-9d94-ca835b5be056,10,Sample English review 372.
cd5d0b8b-79ff-4db3-868b-7a7ae4519805,0ee017be-f8ec-4e4f-9a21-3554145515d6,6d0ed363-2c1a-43f7-958a-0e0cb6ea3e49,2,
f3c9c60c-0f00-4ccd-9133-c6f0563ffc14,0ee017be-f8ec-4e4f-9a21-3554145515d6,7bd0bc4e-e14f-4f46-8e8b-d015a6b4ebc1,7,
916c577d-e471-4803-b5de-57790bd89249,0ee017be-f8ec-4e4f-9a21-3554145515d6,2c417aef-cf61-4d18-ae06-06ba2317f36f,5,
117f7232-af97-445b-9d78-eb089fb7688f,0ee017be-f8ec-4e4f-9a21-3554145515d6,009bae3f-9085-415e-81bf-b86503fa9115,9,Sample English review 376.
c8112344-08d0-42ec-ad5d-c980511013b3,0ee017be-f8ec-4e4f-9a21-3554145515d6,ebaef81b-0f73-4e06-bb20-5ef173be29af,8,Sample English review 377.
d9025f5c-8608-49ef-a77f-c31fa3de769f,0ee017be-f8ec-4e4f-9a21-3554145515d6,2fd567ca-8efe-4948-bebd-a1a56f976d42,9,Sample English review 378.
205416cc-ee74-45dc-89b7-d2e905cf7b16,0ee017be-f8ec-4e4f-9a21-3554145515d6,6dc440b0-7d0d-4e8c-8dfa-aacb16c25536,1,Sample English review 379.
176785f9-2088-46ad-bbe2-b284d8fabd5c,0ee017be-f8ec-4e4f-9a21-3554145515d6,722c5ad2-9175-4d47-9f8a-d10e496d97f8,3,Sample English review 380.
6228fffe-9429-4623-b828-e497709ea85e,0ee017be-f8ec-4e4f-9a21-3554145515d6,5e77bfad-cca1-40e3-9460-368c94829eed,1,Sample English review 381.
d4e3bf02-f076-47e4-a43a-d930b89a5fbd,0ee017be-f8ec-4e4f-9a21-3554145515d6,47ae8c16-2d72-4c6b-8a12-3dac47db6ed7,9,
dab866c1-4426-4756-9019-a27c703150d8,0ee017be-f8ec-4e4f-9a21-3554145515d6,0c6967ae-a4d8-4920-9d51-c7d95b61d752,1,
601aae62-3411-40d0-9c6d-81c65315091b,710fd783-21bc-4e8f-bd96-eb8b731b33d6,1444ba20-39ac-43a5-bccc-1cc41c2f03b1,10,Sample English review 384.
37a35556-15a1-4f0b-b420-5591dc45fb06,710fd783-21bc-4e8f-bd96-eb8b731b33d6,cf58157c-eee8-4cb1-af62-820e7aadb847,2,Sample English review 385.
9157fbff-fd2c-4f0c-8882-3e6e937a38e6,710fd783-21bc-4e8f-bd96-eb8b731b33d6,37887751-4d47-4e5c-98fd-9fa0dc90314c,4,Sample English review 386.
655e9bfd-3c2b-4b07-9a6e-371bb3ad45ff,710fd783-21bc-4e8f-bd96-eb8b731b33d6,6dc440b0-7d0d-4e8c-8dfa-aacb16c25536,5,
8681e06e-24b2-4179-97d8-26b5587a84f9,710fd783-21bc-4e8f-bd96-eb8b731b33d6,722c5ad2-9175-4d47-9f8a-d10e496d97f8,7,Sample English review 388.
41ceb2de-6304-41f8-8553-908111153145,710fd783-21bc-4e8f-bd96-eb8b731b33d6,77ae4c44-0946-4323-afdc-9932fc01f4c6,9,
c62e41f8-ce1d-4d05-84f6-0f62ebec56de,710fd783-21bc-4e8f-bd96-eb8b731b33d6,85bbf311-5929-482a-a259-21f783c36c59,7,Sample English review 390.
ee9f237d-c8c3-467c-8a6c-68c5b9d10192,710fd783-21bc-4e8f-bd96-eb8b731b33d6,08c2602d-87d3-4851-b7fb-2bad244b5357,2,
bfb65d13-e942-4b47-8ef4-35269cd7b244,710fd783-21bc-4e8f-bd96-eb8b731b33d6,9b151d62-177e-4736-b8e5-6cf69170f9dc,9,
190eb4b2-bb75-4553-adf8-904d4828ca8c,710fd783-21bc-4e8f-bd96-eb8b731b33d6,67021090-97c3-44f2-82ed-cf5f65828f38,8,Sample English review 393.
938e5ed0-c940-49e0-8e7a-f032800ec444,710fd783-21bc-4e8f-bd96-eb8b731b33d6,ac17d6c1-f9a9-42be-9c29-6670939d8d5e,3,Sample English review 394.
bd4635d4-40fa-482e-a190-c98005ec0bde,44da91d0-e818-493a-bf08-f246293544a2,8a99736e-dad6-489d-aa46-0ee02356e5fe,2,Sample English review 395.
c7d226c7-78fb-44d4-bbe5-8b0c075c37ec,44da91d0-e818-493a-bf08-f246293544a2,2fd567ca-8efe-4948-bebd-a1a56f976d42,9,Sample English review 396.
c370d4da-b88f-407e-8fab-74bb84500c35,44da91d0-e818-493a-bf08-f246293544a2,5e77bfad-cca1-40e3-9460-368c94829eed,6,Sample English review 397.
42897f75-d6b0-4410-8e54-db5221cdb0be,44da91d0-e818-493a-bf08-f246293544a2,3ea805cf-d96a-4098-9682-f85f57267e43,5,Sample English review 398.
875e4f48-c71b-4f56-b68e-8d560c68dedc,44da91d0-e818-493a-bf08-f246293544a2,afc8c392-95b3-4506-8d6c-719f96692939,8,Sample English review 399.
4a3ec320-637c-4a7d-8deb-10ed5eef9970,44da91d0-e818-493a-bf08-f246293544a2,67d8b4ad-4640-43f2-9c53-6b4929f30103,7,Sample English review 400.
b8c7d3d6-e83b-4ea5-8ca8-7090ccfaa56f,44da91d0-e818-493a-bf08-f246293544a2,09901650-fe76-4f18-9bf9-e24256f4909e,6,
b9b17c08-d50c-4756-8c97-fcdb880b8cba,44da91d0-e818-493a-bf08-f246293544a2,dac8e4dd-9f17-46ef-9865-5e025b74bf9a,7,
1b4a15c2-568e-4606-94c1-fe88e966e798,44da91d0-e818-493a-bf08-f246293544a2,47632200-a702-4992-9f11-020d87c3aaed,3,Sample English review 403.
acc67299-9442-48dc-b37c-1570f45108bf,44da91d0-e818-493a-bf08-f246293544a2,7c01f309-b5b4-4962-843f-9698ce3ede17,7,Sample English review 404.
9947dc9e-0af3-4f81-967a-41f56295897d,44da91d0-e818-493a-bf08-f246293544a2,99f8ef2d-c0e8-4290-83a6-b460677b198d,3,
d81a21ac-a03d-49f6-b833-4c5159f0e1b5,44da91d0-e818-493a-bf08-f246293544a2,9bc42e46-67c9-447f-be78-4ae50e491d93,1,Sample English review 406.
f683f4c9-a95f-4d63-987b-ef2d9ebd6b35,44da91d0-e818-493a-bf08-f246293544a2,502dde18-86e1-4b5c-88c2-8010d067ede7,5,Sample English review 407.
28caba83-e01d-4680-be06-0f80c3d2ed00,07aec9a1-ad2b-4064-94a7-d81b6c2bc414,74429405-c801-4e71-87cd-1d726e8cd8f7,10,Sample English review 408.
e9e4eeee-4b65-4792-81ff-637e14d19ba7,07aec9a1-ad2b-4064-94a7-d81b6c2bc414,9c0da375-3d5a-4608-b8c7-9e36139d6c33,5,
e38459a6-6df2-4bb3-b327-8519f965f735,07aec9a1-ad2b-4064-94a7-d81b6c2bc414,ecab2181-cb9d-42f7-b110-65986cef6204,7,
7efa5370-a1be-4161-98f4-220649879f2c,c1262ea9-a4e3-491e-8af7-83a2042f6d2e,cb55c939-b208-4183-9cac-dc086cdad4ea,1,Sample English review 411.
7a2a3325-b9d0-4681-a424-e88350379082,c1262ea9-a4e3-491e-8af7-83a2042f6d2e,9dae46b7-7f1a-4d67-b808-9e9c1b622d6c,5,Sample English review 412.
ee861769-e4ac-47b5-b323-4a7aede4a90e,c1262ea9-a4e3-491e-8af7-83a2042f6d2e,0c6967ae-a4d8-4920-9d51-c7d95b61d752,6,Sample English review 413.
6d0f6f26-d6c4-4d1d-aa21-0ab3ad79e8c9,c1262ea9-a4e3-491e-8af7-83a2042f6d2e,67d8b4ad-4640-43f2-9c53-6b4929f30103,8,
3907ebe9-53bf-442d-96c6-bca823b39935,c1262ea9-a4e3-491e-8af7-83a2042f6d2e,f9a7e8ba-2326-4fd7-b228-98060197c4f6,7,Sample English review 415.
f75626c1-726b-4cb4-b13f-9752acf3691d,c1262ea9-a4e3-491e-8af7-83a2042f6d2e,aa451009-5df5-4e3e-bce7-7ad1ac26b289,4,Sample English review 416.
c3827c23-6d2f-44ba-93a6-caef39887ee1,c1262ea9-a4e3-491e-8af7-83a2042f6d2e,f58f62f8-c6cd-4d19-adce-d4d1da14b149,5,
8cfd4f93-254c-46cb-af6d-f9e9e3c7b198,c1262ea9-a4e3-491e-8af7-83a2042f6d2e,ebaef81b-0f73-4e06-bb20-5ef173be29af,10,Sample English review 418.
ef1c37bb-22a3-434e-9ffa-eae62dfcd1e5,c1262ea9-a4e3-491e-8af7-83a2042f6d2e,85bbf311-5929-482a-a259-21f783c36c59,3,
511b2283-6539-4cc7-9bf6-bd963e722db9,c1262ea9-a4e3-491e-8af7-83a2042f6d2e,3c16d474-f898-4cfe-b924-7c38bea20d5c,8,Sample English review 420.
74154108-da4f-4f91-8c67-e155b0991fd0,c1262ea9-a4e3-491e-8af7-83a2042f6d2e,0eda6729-995b-43a0-9a17-b89035543c47,1,
b418f58b-352f-49de-bdd0-d49b2e59bf2d,c1262ea9-a4e3-491e-8af7-83a2042f6d2e,a3128f74-4fcf-4cae-b2db-d585516780d1,5,Sample English review 422.
5374e76d-776c-490b-b3de-3ecd339822ed,c1262ea9-a4e3-491e-8af7-83a2042f6d2e,7bd0bc4e-e14f-4f46-8e8b-d015a6b4ebc1,2,Sample English review 423.
33b11274-3cc1-40e0-a00a-b3b1ed8ba7fc,c1262ea9-a4e3-491e-8af7-83a2042f6d2e,502dde18-86e1-4b5c-88c2-8010d067ede7,1,Sample English review 424.
eadd6796-f284-4f5d-b095-041d1549c90b,c1262ea9-a4e3-491e-8af7-83a2042f6d2e,47632200-a702-4992-9f11-020d87c3aaed,10,Sample English review 425.
89cf4088-ca95-4e2f-ad60-7f03458d289e,c1262ea9-a4e3-491e-8af7-83a2042f6d2e,2752b069-f76a-4957-8807-6237a31f6d2c,7,Sample English review 426.
490a5eef-d1ab-4799-b360-b2b186f767b3,c1262ea9-a4e3-491e-8af7-83a2042f6d2e,4ad5c73a-5c99-4e98-9d90-0e03b0986909,3,Sample English review 427.
f22e6965-4c5b-4fe1-a95b-e6ded75851de,c1262ea9-a4e3-491e-8af7-83a2042f6d2e,ac393398-9266-4f9c-8a2d-d14ae2aa114e,9,Sample English review 428.
f6b1e040-8bfa-4d8e-a35d-262501953d88,c1262ea9-a4e3-491e-8af7-83a2042f6d2e,74429405-c801-4e71-87cd-1d726e8cd8f7,8,Sample English review 429.
4a5cc4df-bcdb-4808-aac7-13f78e8ea07b,c1262ea9-a4e3-491e-8af7-83a2042f6d2e,09901650-fe76-4f18-9bf9-e24256f4909e,5,Sample English review 430.
1432b873-b4c2-4932-bccd-a8dc631b79ba,c1262ea9-a4e3-491e-8af7-83a2042f6d2e,6c34f6f7-2682-4513-951e-96f325e7eb19,2,
1687830a-aa04-49e3-bd46-3e281cbd71f0,c1262ea9-a4e3-491e-8af7-83a2042f6d2e,d51ce7b5-dd79-4d62-93c4-4a7cff3d22e3,2,Sample English review 432.
2fb8753f-b161-4255-b79c-dc00ee0df8a5,c1262ea9-a4e3-491e-8af7-83a2042f6d2e,5597d267-e508-4a43-8244-f8ec9fdecae4,3,Sample English review 433.
7c727c3a-2909-4594-8a33-e39d5a573687,23cf6e3a-e4f7-4ed5-97d1-b7d2f751ac37,09901650-fe76-4f18-9bf9-e24256f4909e,9,Sample English review 434.
4fb6f58e-4098-4680-be4a-303441015285,23cf6e3a-e4f7-4ed5-97d1-b7d2f751ac37,47ae8c16-2d72-4c6b-8a12-3dac47db6ed7,3,Sample English review 435.
a5d9b833-357f-48e1-80c8-75d0feb9c77a,23cf6e3a-e4f7-4ed5-97d1-b7d2f751ac37,ac17d6c1-f9a9-42be-9c29-6670939d8d5e,2,
236b6cb9-3f14-4fba-8241-89231596af2b,122488ce-e1cc-49da-bf48-ab37377b64b0,ac393398-9266-4f9c-8a2d-d14ae2aa114e,1,Sample English review 437.
55ea844a-1537-476e-879b-0cd22fe4658c,122488ce-e1cc-49da-bf48-ab37377b64b0,6c34f6f7-2682-4513-951e-96f325e7eb19,5,Sample English review 438.
456fb17b-708a-44ae-a3ae-a336a144f6c9,122488ce-e1cc-49da-bf48-ab37377b64b0,722c5ad2-9175-4d47-9f8a-d10e496d97f8,2,Sample English review 439.
8c538990-2157-4edb-94a7-64fd05b4c4a2,122488ce-e1cc-49da-bf48-ab37377b64b0,7c08735f-311c-4060-9637-87bee6bf9673,7,Sample English review 440.
1d87ca7f-6004-4f0a-b6db-d37d6e52e6a2,e753fb8b-648b-4237-a990-274cea3ca5c0,33b5c78e-cad2-4331-b9b9-a38ef8954dec,9,Sample English review 441.
6d12f52b-53b8-4f6e-9a5b-3406cde26ae5,e753fb8b-648b-4237-a990-274cea3ca5c0,1f2f5550-69ee-4ec3-82d2-d6cf2d0fc05c,1,Sample English review 442.
674c1cc9-4f27-4e1c-b8ce-fffe9e96f316,e753fb8b-648b-4237-a990-274cea3ca5c0,d01b25df-fe4a-4617-b8b9-ee0c60db6556,4,Sample English review 443.
04f772d6-bb40-41e0-84e0-4667f063e27f,e753fb8b-648b-4237-a990-274cea3ca5c0,81d5edb0-d9b4-4d01-968c-8eda5f5b6a03,1,
913eecb6-a644-4bd2-ac7e-af85632ca31c,e753fb8b-648b-4237-a990-274cea3ca5c0,34e41375-9db2-4e92-9f7d-76f36353f4e6,3,Sample English review 445.
8f18b6fd-7088-44b6-bdbf-c74ac434d5ae,e753fb8b-648b-4237-a990-274cea3ca5c0,ac17d6c1-f9a9-42be-9c29-6670939d8d5e,1,Sample English review 446.
f82fce54-7db9-4255-9d11-9b0d6d32195c,e753fb8b-648b-4237-a990-274cea3ca5c0,6358f21d-d22d-4f6c-b15e-7a1b7ba90800,9,Sample English review 447.
fce85798-bef0-4a9d-9b04-b8c23b08e829,e753fb8b-648b-4237-a990-274cea3ca5c0,9dae46b7-7f1a-4d67-b808-9e9c1b622d6c,5,
479a3437-103f-4f05-b6cb-3bf2126690ee,e753fb8b-648b-4237-a990-274cea3ca5c0,8a99736e-dad6-489d-aa46-0ee02356e5fe,6,Sample English review 449.
e0cb2a07-eb63-4b5c-949a-895c284e4173,e753fb8b-648b-4237-a990-274cea3ca5c0,f9a7e8ba-2326-4fd7-b228-98060197c4f6,3,Sample English review 450.
5bb9a42d-16de-45fe-b872-23992c52dd6a,e753fb8b-648b-4237-a990-274cea3ca5c0,f4fa3e26-130b-42f5-8e08-2d4f884e080d,6,Sample English review 451.
260376e0-7fde-479a-b70f-f90458177079,d65e800e-f907-46e1-85a8-4609ea227d52,77ae4c44-0946-4323-afdc-9932fc01f4c6,8,
bb9dc931-90ed-4fcb-83da-063e1be2f262,d65e800e-f907-46e1-85a8-4609ea227d52,d3206088-b25a-455a-9323-1c8d5829b0b0,5,
2772cf69-e332-481b-9d2f-b62c33678e2e,d65e800e-f907-46e1-85a8-4609ea227d52,9dae46b7-7f1a-4d67-b808-9e9c1b622d6c,1,Sample English review 454.
bb9f2657-6605-4f69-9b66-337d5c14c15d,d65e800e-f907-46e1-85a8-4609ea227d52,af3763b7-7954-464c-8287-33c652eaced6,9,
45cae837-ada7-47a7-b007-5914b9d2a786,d65e800e-f907-46e1-85a8-4609ea227d52,47632200-a702-4992-9f11-020d87c3aaed,10,Sample English review 456.
918787d3-c40f-444c-9f8c-cc01fbb8fad7,d65e800e-f907-46e1-85a8-4609ea227d52,e9774607-8354-4ac8-adcf-f72a1716c51b,1,
713c6ccf-c734-43c5-a5f4-53612509d8fb,d65e800e-f907-46e1-85a8-4609ea227d52,6d0ed363-2c1a-43f7-958a-0e0cb6ea3e49,2,Sample English review 458.
fd88a462-967d-44ca-a4bf-a5a6fe417c89,d65e800e-f907-46e1-85a8-4609ea227d52,1afd4484-49c1-4870-b60c-c754c4ce04d0,1,
6bb29132-20a4-4aac-977a-c17bb980aa55,d65e800e-f907-46e1-85a8-4609ea227d52,3ea805cf-d96a-4098-9682-f85f57267e43,1,
69d43e8f-39fa-4d96-80a9-67c4198fe65f,d65e800e-f907-46e1-85a8-4609ea227d52,ecab2181-cb9d-42f7-b110-65986cef6204,7,Sample English review 461.
49ac7a9c-81e6-4550-b574-7490ffa6ebbf,d65e800e-f907-46e1-85a8-4609ea227d52,81de516b-9d80-447a-a5f3-7f542dab2e6f,3,Sample English review 462.
286b38aa-eb9e-4e55-b871-e9b382da2b7b,d65e800e-f907-46e1-85a8-4609ea227d52,47ae8c16-2d72-4c6b-8a12-3dac47db6ed7,1,
90d4543b-49b8-4372-95d6-98bab5e55ad3,d65e800e-f907-46e1-85a8-4609ea227d52,d51ce7b5-dd79-4d62-93c4-4a7cff3d22e3,8,Sample English review 464.
478d6f34-edbd-424f-aeb8-34411e3b0d8d,d65e800e-f907-46e1-85a8-4609ea227d52,0eda6729-995b-43a0-9a17-b89035543c47,9,
6af492ae-d170-4186-81f9-899fca57bdc9,a01c1e00-f6d9-4809-981e-08151d6a9daa,9bc42e46-67c9-447f-be78-4ae50e491d93,10,
68dd1045-e2b6-4ae8-b1fc-6e83717d8c90,a01c1e00-f6d9-4809-981e-08151d6a9daa,c3820118-4994-4049-8719-6d71466870fe,9,Sample English review 467.
adba76a4-8431-4e12-b84b-8782507e5916,a01c1e00-f6d9-4809-981e-08151d6a9daa,7bd0bc4e-e14f-4f46-8e8b-d015a6b4ebc1,9,Sample English review 468.
58bce589-0af9-4c63-adf6-7f6ca3ef1dba,a01c1e00-f6d9-4809-981e-08151d6a9daa,677a4d7a-ae9b-4bdb-a72f-67f73eba99c7,9,Sample English review 469.
a2edc481-0cef-4043-a3a0-66339eb2e15c,a01c1e00-f6d9-4809-981e-08151d6a9daa,ebaef81b-0f73-4e06-bb20-5ef173be29af,3,Sample English review 470.
9fdf8c16-798f-4058-9cac-31b818391c06,a01c1e00-f6d9-4809-981e-08151d6a9daa,1444ba20-39ac-43a5-bccc-1cc41c2f03b1,6,Sample English review 471.
7daec23b-6e01-4b7b-817d-f98a7d6a63e9,a01c1e00-f6d9-4809-981e-08151d6a9daa,b51a7d8d-dbc7-426e-9013-dd2124a444bb,1,Sample English review 472.
ba20edd0-f5cd-4fe9-be10-df3f7fe09453,a01c1e00-f6d9-4809-981e-08151d6a9daa,afc8c392-95b3-4506-8d6c-719f96692939,8,
939dc388-92ef-46d2-b2e6-7c85659e976b,a01c1e00-f6d9-4809-981e-08151d6a9daa,f4fa3e26-130b-42f5-8e08-2d4f884e080d,6,
4229aafc-41fa-4ca7-9dfe-0da41394fb77,a01c1e00-f6d9-4809-981e-08151d6a9daa,138aca2e-a48d-46a6-ac06-c902efe4fd18,4,
6515d682-1ba1-4527-a738-31b8602c128b,a01c1e00-f6d9-4809-981e-08151d6a9daa,6c34f6f7-2682-4513-951e-96f325e7eb19,9,Sample English review 476.
0b41fa18-4730-49e7-b59c-5f67047c3c50,a01c1e00-f6d9-4809-981e-08151d6a9daa,4edba6e8-c8d9-4fe2-a682-124b91f87604,5,Sample English review 477.
1110b383-7eab-4c27-8c36-ab7ccbb61112,a01c1e00-f6d9-4809-981e-08151d6a9daa,d51ce7b5-dd79-4d62-93c4-4a7cff3d22e3,8,
fbdf58af-c481-4ec6-a398-b8073fb95d1f,a01c1e00-f6d9-4809-981e-08151d6a9daa,67d8b4ad-4640-43f2-9c53-6b4929f30103,4,Sample English review 479.
3997c42e-81a9-4ac5-8fb4-0238afe4384d,a01c1e00-f6d9-4809-981e-08151d6a9daa,1aa28ea9-5df1-4ce1-a2db-7524bfcfd4ee,10,Sample English review 480.
acee7ebe-b030-46ad-974d-56167f08071a,a01c1e00-f6d9-4809-981e-08151d6a9daa,6d0ed363-2c1a-43f7-958a-0e0cb6ea3e49,7,Sample English review 481.
6bacf157-491b-43f8-a215-97a89a575130,a01c1e00-f6d9-4809-981e-08151d6a9daa,cf58157c-eee8-4cb1-af62-820e7aadb847,4,Sample English review 482.
72a28ba1-b9a5-407b-9c43-a3607cc18b8d,a01c1e00-f6d9-4809-981e-08151d6a9daa,2d56957e-9087-4750-8598-9d99f1933845,3,Sample English review 483.
457f4a1d-e576-45c3-86c7-c3df675ad66f,a01c1e00-f6d9-4809-981e-08151d6a9daa,427354fb-8736-4fd4-9ea1-30b98d1974e7,3,Sample English review 484.
c340630b-b31d-4868-b9b0-7252617f6752,a37d5759-54cd-409d-8e03-b8b2cd572555,b3bb325c-6f93-4946-9d94-ca835b5be056,9,Sample English review 485.
458ab395-fd12-4a2a-9d12-b33fab5b2bfc,a37d5759-54cd-409d-8e03-b8b2cd572555,99f6f5c3-1cb9-4fe1-ab1a-aa9c1d16dbd0,5,Sample English review 486.
bd1977ee-2a06-43d1-8472-62695227440b,a37d5759-54cd-409d-8e03-b8b2cd572555,d51ce7b5-dd79-4d62-93c4-4a7cff3d22e3,5,Sample English review 487.
b0183bb0-7a6f-48ca-9f7b-0b76306215d2,a37d5759-54cd-409d-8e03-b8b2cd572555,ebaef81b-0f73-4e06-bb20-5ef173be29af,4,Sample English review 488.
589d69b5-ee47-4734-bad6-899bea0d22d4,a37d5759-54cd-409d-8e03-b8b2cd572555,ac17d6c1-f9a9-42be-9c29-6670939d8d5e,5,Sample English review 489.
bdc52b02-a163-4a6b-9fa6-7c89b340065a,a37d5759-54cd-409d-8e03-b8b2cd572555,1aa28ea9-5df1-4ce1-a2db-7524bfcfd4ee,7,Sample English review 490.
1ffdf742-1279-43b2-99ff-695424e92454,a37d5759-54cd-409d-8e03-b8b2cd572555,ac393398-9266-4f9c-8a2d-d14ae2aa114e,9,Sample English review 491.
6f181c23-33d4-40d0-96a3-9536797ac480,a37d5759-54cd-409d-8e03-b8b2cd572555,24ce7888-3716-43b8-9d28-4239e17abe25,9,
00ab9836-70de-441c-83fa-e6e1d4a2486d,a37d5759-54cd-409d-8e03-b8b2cd572555,cf58157c-eee8-4cb1-af62-820e7aadb847,8,Sample English review 493.
90d9507c-4e24-41f8-bbb6-8fef09729f10,a37d5759-54cd-409d-8e03-b8b2cd572555,8a99736e-dad6-489d-aa46-0ee02356e5fe,5,Sample English review 494.
8221a1e5-8f75-431c-8b68-e833f95004fb,a37d5759-54cd-409d-8e03-b8b2cd572555,33b5c78e-cad2-4331-b9b9-a38ef8954dec,8,
46ec4c88-3547-48c1-a725-782ee26598a2,a37d5759-54cd-409d-8e03-b8b2cd572555,ccda4639-3814-4892-99ea-7aa00cd42d49,4,
e886050e-0c3c-4155-8af6-90d5e419f408,a37d5759-54cd-409d-8e03-b8b2cd572555,ecdbf5f6-ea6e-48ad-8cf1-165f8682b135,9,Sample English review 497.
541b118a-a072-463c-b828-57f03956b0fa,a37d5759-54cd-409d-8e03-b8b2cd572555,2fd567ca-8efe-4948-bebd-a1a56f976d42,9,Sample English review 498.
63e6255e-32f9-4787-b826-492a11d831de,a37d5759-54cd-409d-8e03-b8b2cd572555,f4fa3e26-130b-42f5-8e08-2d4f884e080d,9,
81b7f997-1c6d-412f-9261-8ae1e82c98a0,a37d5759-54cd-409d-8e03-b8b2cd572555,9bc42e46-67c9-447f-be78-4ae50e491d93,8,Sample English review 500.
bf3bd1fe-3004-45d7-bb50-d508184d0f57,a37d5759-54cd-409d-8e03-b8b2cd572555,81d5edb0-d9b4-4d01-968c-8eda5f5b6a03,4,Sample English review 501.
270da83e-d338-4aff-9f31-e49ff830761b,a37d5759-54cd-409d-8e03-b8b2cd572555,e9774607-8354-4ac8-adcf-f72a1716c51b,1,
071576d0-e5c5-4a41-beef-2219373c8af0,e24232fd-67cf-48ed-b581-3ffb35fa0206,009bae3f-9085-415e-81bf-b86503fa9115,7,Sample English review 503.
acd5df4b-6aaf-4f17-be4b-0f629251cbd3,264f2709-8efe-459f-b86c-10da054e3d1d,ac17d6c1-f9a9-42be-9c29-6670939d8d5e,7,
4d747da4-ee42-4afb-bb05-792e7ef17cce,264f2709-8efe-459f-b86c-10da054e3d1d,6dc440b0-7d0d-4e8c-8dfa-aacb16c25536,10,Sample English review 505.
737e44f4-f33b-42cb-b128-9d6ad2baa0f2,ad3afa03-f63c-4394-a8fc-9e4f827b992f,dac8e4dd-9f17-46ef-9865-5e025b74bf9a,6,Sample English review 506.
799bc569-9b92-4a85-9869-a162981320e3,ad3afa03-f63c-4394-a8fc-9e4f827b992f,3e78c42e-79c6-46a5-84ba-afca64de824b,6,
b27846ff-283e-4f3c-bd98-d0f5ab53b2a4,ad3afa03-f63c-4394-a8fc-9e4f827b992f,7c01f309-b5b4-4962-843f-9698ce3ede17,8,
b1cae848-334c-4bca-8ed4-f909560b4956,ad3afa03-f63c-4394-a8fc-9e4f827b992f,1444ba20-39ac-43a5-bccc-1cc41c2f03b1,10,Sample English review 509.
13398697-4bf3-4403-a8e3-79920473e4f8,ad3afa03-f63c-4394-a8fc-9e4f827b992f,f4fa3e26-130b-42f5-8e08-2d4f884e080d,5,Sample English review 510.
7cd2d266-8ed7-4e8a-b387-990defe52bcc,ad3afa03-f63c-4394-a8fc-9e4f827b992f,af3763b7-7954-464c-8287-33c652eaced6,10,Sample English review 511.
3c43cbb0-b1d6-4d5c-b3f5-dbb1e132c85c,ad3afa03-f63c-4394-a8fc-9e4f827b992f,34e41375-9db2-4e92-9f7d-76f36353f4e6,4,
4d17f941-cabd-48e4-8c9b-a75dd1c7fd41,ad3afa03-f63c-4394-a8fc-9e4f827b992f,502dde18-86e1-4b5c-88c2-8010d067ede7,7,Sample English review 513.
5e7824d5-5018-4a79-9195-156318e95c5e,ad3afa03-f63c-4394-a8fc-9e4f827b992f,b3bb325c-6f93-4946-9d94-ca835b5be056,6,Sample English review 514.
b4f09f46-55ef-429c-9cb5-66fe4803ec3f,ad3afa03-f63c-4394-a8fc-9e4f827b992f,138aca2e-a48d-46a6-ac06-c902efe4fd18,9,Sample English review 515.
7a9005ed-ac7a-4478-958c-05ee82758cc3,ad3afa03-f63c-4394-a8fc-9e4f827b992f,b51a7d8d-dbc7-426e-9013-dd2124a444bb,6,Sample English review 516.
8442d4d0-91b3-4724-8b73-ee6fd79d809e,f0bbd66c-71e0-405d-a8af-1375dbb13562,d51ce7b5-dd79-4d62-93c4-4a7cff3d22e3,4,
501b09ac-541a-4a85-a3ed-2618f66394d0,f0bbd66c-71e0-405d-a8af-1375dbb13562,fd530ba8-7ae3-47c6-b384-a6b01df494cb,8,
ce30ecea-46b5-4b17-8132-60dd5ddcdd7b,f0bbd66c-71e0-405d-a8af-1375dbb13562,d9b9480a-a1e4-49d4-b8b5-a28a761924b7,7,
2407aa20-342d-45a5-b7ed-c8e5607fd224,f0bbd66c-71e0-405d-a8af-1375dbb13562,afc8c392-95b3-4506-8d6c-719f96692939,2,Sample English review 520.
2276cc21-418a-4901-be62-a48867074348,f0bbd66c-71e0-405d-a8af-1375dbb13562,8a99736e-dad6-489d-aa46-0ee02356e5fe,2,Sample English review 521.
5c592131-925b-40e0-a278-ea006fdfbd66,f0bbd66c-71e0-405d-a8af-1375dbb13562,aa451009-5df5-4e3e-bce7-7ad1ac26b289,8,Sample English review 522.
9bf641fc-e745-4bd5-a434-c9dfde3b6f3c,f0bbd66c-71e0-405d-a8af-1375dbb13562,ac17d6c1-f9a9-42be-9c29-6670939d8d5e,3,Sample English review 523.
18bb61a4-b5f6-4b9d-b46f-aadf4b0a4c1d,f0bbd66c-71e0-405d-a8af-1375dbb13562,77ae4c44-0946-4323-afdc-9932fc01f4c6,2,
38bff040-4f58-490c-8c75-d692c87f530e,f0bbd66c-71e0-405d-a8af-1375dbb13562,4edba6e8-c8d9-4fe2-a682-124b91f87604,4,Sample English review 525.
9bc50936-4ca0-414e-a482-4a9679c94c45,f0bbd66c-71e0-405d-a8af-1375dbb13562,1aa28ea9-5df1-4ce1-a2db-7524bfcfd4ee,10,Sample English review 526.
4dbf81db-e57c-484d-a92b-ed7d8058cc17,f0bbd66c-71e0-405d-a8af-1375dbb13562,1b7592f5-0e3c-4c80-b5a2-4bd6f1157cba,2,Sample English review 527.
5f9fd6c3-a164-4efd-ae9a-367048de7f5e,f0bbd66c-71e0-405d-a8af-1375dbb13562,dac8e4dd-9f17-46ef-9865-5e025b74bf9a,10,Sample English review 528.
f77db05e-d258-47bb-b474-b48a86d7a5b5,f0bbd66c-71e0-405d-a8af-1375dbb13562,9b151d62-177e-4736-b8e5-6cf69170f9dc,5,Sample English review 529.
90070513-6f9d-4dae-9ae4-1d2943c69ae1,82d094d5-b3eb-4cb0-b3cf-e20bb251790e,f9a7e8ba-2326-4fd7-b228-98060197c4f6,3,Sample English review 530.
8a1da37f-ad05-482d-ac69-81c92dac9fb6,82d094d5-b3eb-4cb0-b3cf-e20bb251790e,ecab2181-cb9d-42f7-b110-65986cef6204,9,Sample English review 531.
1edcca80-fd59-49f7-a4c2-602ad5020c30,82d094d5-b3eb-4cb0-b3cf-e20bb251790e,99f6f5c3-1cb9-4fe1-ab1a-aa9c1d16dbd0,10,Sample English review 532.
f9e15a14-9799-434a-8a97-ec9f66184d12,82d094d5-b3eb-4cb0-b3cf-e20bb251790e,502dde18-86e1-4b5c-88c2-8010d067ede7,4,Sample English review 533.
1454ed24-17e1-4ee4-9bda-776284da468f,82d094d5-b3eb-4cb0-b3cf-e20bb251790e,24ce7888-3716-43b8-9d28-4239e17abe25,4,Sample English review 534.
87aaabab-11d7-4001-9e7b-6c20b749bf22,82d094d5-b3eb-4cb0-b3cf-e20bb251790e,4072477a-0e21-47ca-9a86-73f662b98398,1,Sample English review 535.
e463f094-faf9-4f5d-b242-bf7d40379075,82d094d5-b3eb-4cb0-b3cf-e20bb251790e,1444ba20-39ac-43a5-bccc-1cc41c2f03b1,9,
90f9ccf7-7b1c-4d42-8ad3-8dae582f4ca1,82d094d5-b3eb-4cb0-b3cf-e20bb251790e,ebaef81b-0f73-4e06-bb20-5ef173be29af,9,Sample English review 537.
ff0193d0-ebef-47dd-8a1e-450528f8f5c7,82d094d5-b3eb-4cb0-b3cf-e20bb251790e,9008a579-51a2-4cde-80db-8e277bfd15c0,8,Sample English review 538.
3a4d4644-15b6-4bea-834f-f7a7d1c359c5,82d094d5-b3eb-4cb0-b3cf-e20bb251790e,708f4f48-f883-4f49-97ee-2c0a91c249de,2,
110b70ac-a90c-4d6c-82f0-ce3d74fe032f,82d094d5-b3eb-4cb0-b3cf-e20bb251790e,09901650-fe76-4f18-9bf9-e24256f4909e,9,Sample English review 540.
8dbaccce-54ce-4699-9bee-c8ba5f12ea76,82d094d5-b3eb-4cb0-b3cf-e20bb251790e,9b151d62-177e-4736-b8e5-6cf69170f9dc,2,Sample English review 541.
bda0b19b-1844-4b91-aa1a-b89900cd4499,82d094d5-b3eb-4cb0-b3cf-e20bb251790e,979d4dea-2a55-46c2-a9d1-95d1bd7fab87,10,Sample English review 542.
ed6953e1-8220-448b-a45f-7f3b8afabd2d,82d094d5-b3eb-4cb0-b3cf-e20bb251790e,af3763b7-7954-464c-8287-33c652eaced6,2,Sample English review 543.
1ec1635c-18ba-4066-825d-2dcc417f6d39,82d094d5-b3eb-4cb0-b3cf-e20bb251790e,2fd567ca-8efe-4948-bebd-a1a56f976d42,6,
75ad1ddd-961e-49cd-a216-b2591b6f82e7,82d094d5-b3eb-4cb0-b3cf-e20bb251790e,85bbf311-5929-482a-a259-21f783c36c59,5,Sample English review 545.
73d1dabe-860f-48ee-8f32-38ca359d9b9d,82d094d5-b3eb-4cb0-b3cf-e20bb251790e,677a4d7a-ae9b-4bdb-a72f-67f73eba99c7,7,
91893e0f-9f68-4246-b6cf-9e8259931050,82d094d5-b3eb-4cb0-b3cf-e20bb251790e,81de516b-9d80-447a-a5f3-7f542dab2e6f,6,Sample English review 547.
3d8b236e-3466-4274-8098-65f3f4a263a0,82d094d5-b3eb-4cb0-b3cf-e20bb251790e,3844a965-19f9-41ec-9515-28393113f8c8,6,Sample English review 548.
549194ba-4c74-499c-a2ed-7274425ac4bb,82d094d5-b3eb-4cb0-b3cf-e20bb251790e,33b5c78e-cad2-4331-b9b9-a38ef8954dec,10,
79cc97a5-1349-4b6f-8938-94fb68a45ce4,82d094d5-b3eb-4cb0-b3cf-e20bb251790e,dac8e4dd-9f17-46ef-9865-5e025b74bf9a,1,Sample English review 550.
0c466f96-a640-4381-af36-8fa1b190f806,d4416ae5-469b-4d82-8bb4-cb95f33ec098,d3206088-b25a-455a-9323-1c8d5829b0b0,6,Sample English review 551.
05d3c74e-9f19-425c-946e-06757f5d56f7,d4416ae5-469b-4d82-8bb4-cb95f33ec098,722c5ad2-9175-4d47-9f8a-d10e496d97f8,4,Sample English review 552.
6c2c1245-6d88-4b06-a96b-ed76dfd77938,d4416ae5-469b-4d82-8bb4-cb95f33ec098,ccda4639-3814-4892-99ea-7aa00cd42d49,4,Sample English review 553.
ac58227b-92e6-4e7e-ba93-29508aef5185,d4416ae5-469b-4d82-8bb4-cb95f33ec098,4ad5c73a-5c99-4e98-9d90-0e03b0986909,7,Sample English review 554.
6b89d8f2-a4ac-42de-b342-1f3a6f769146,6e7b8d9e-abce-4be9-9b04-ec7b82bfe234,8ff07004-cedb-4c53-a5dd-a034c6073f8e,8,
3244a1b1-f2c3-430d-a606-7d911e5ad091,6e7b8d9e-abce-4be9-9b04-ec7b82bfe234,009bae3f-9085-415e-81bf-b86503fa9115,7,Sample English review 556.
cfcd4b5a-2d9b-4ea4-a672-9ee0921ca081,6e7b8d9e-abce-4be9-9b04-ec7b82bfe234,3e78c42e-79c6-46a5-84ba-afca64de824b,7,Sample English review 557.
ebf71d2d-b463-4302-897c-6b533b10d1fd,6e7b8d9e-abce-4be9-9b04-ec7b82bfe234,1afd4484-49c1-4870-b60c-c754c4ce04d0,1,Sample English review 558.
d84581e3-f047-4284-bee5-f5e119dc52dc,6e7b8d9e-abce-4be9-9b04-ec7b82bfe234,b3bb325c-6f93-4946-9d94-ca835b5be056,10,Sample English review 559.
d01792f2-9dfd-4728-8c8c-35930299eef4,6e7b8d9e-abce-4be9-9b04-ec7b82bfe234,5fb1457b-691f-48fd-aeca-0103d0a88833,10,Sample English review 560.
b3570d9e-3c66-497f-a827-69a13e1ea466,6e7b8d9e-abce-4be9-9b04-ec7b82bfe234,a3128f74-4fcf-4cae-b2db-d585516780d1,4,
1d2505b7-be3e-4cb6-a978-a61caa13be60,6e7b8d9e-abce-4be9-9b04-ec7b82bfe234,8a99736e-dad6-489d-aa46-0ee02356e5fe,10,Sample English review 562.
67f0d219-e995-4f1e-9aaa-694f39fb9760,6e7b8d9e-abce-4be9-9b04-ec7b82bfe234,2c417aef-cf61-4d18-ae06-06ba2317f36f,1,Sample English review 563.
652e69a2-6156-403d-97b3-1252b5594ae7,6e7b8d9e-abce-4be9-9b04-ec7b82bfe234,05de5279-613f-4b9e-b38d-1e4203d75c1a,3,Sample English review 564.
192bbe43-7718-42b5-989d-7d21edfb7877,6e7b8d9e-abce-4be9-9b04-ec7b82bfe234,1444ba20-39ac-43a5-bccc-1cc41c2f03b1,9,
b2a3e1e0-6518-4ffb-b2df-8404b4ac9c54,6e7b8d9e-abce-4be9-9b04-ec7b82bfe234,33875037-f579-42ed-8aba-818a640c90d9,8,Sample English review 566.
6d636f3c-f7a6-4f92-9b42-7ca63cd723a6,6e7b8d9e-abce-4be9-9b04-ec7b82bfe234,1b3bae68-e409-4055-a2c3-d5f42604c9b1,2,Sample English review 567.
5eae754f-5919-4b8f-8cfd-e4832081ec9f,6e7b8d9e-abce-4be9-9b04-ec7b82bfe234,3844a965-19f9-41ec-9515-28393113f8c8,10,Sample English review 568.
f6225f3c-dc0c-47f7-9d7d-fb2228b1581e,6e7b8d9e-abce-4be9-9b04-ec7b82bfe234,1aa28ea9-5df1-4ce1-a2db-7524bfcfd4ee,10,
897e8856-68c9-4c0a-950f-54beb8483e56,6e7b8d9e-abce-4be9-9b04-ec7b82bfe234,23855b90-cb3b-4533-a756-bab9bb81426e,6,Sample English review 570.
258cad7e-a8bb-4b31-8072-8273af975401,6e7b8d9e-abce-4be9-9b04-ec7b82bfe234,4072477a-0e21-47ca-9a86-73f662b98398,9,Sample English review 571.
a707200c-8a38-40ca-b59b-fe717af43192,6e7b8d9e-abce-4be9-9b04-ec7b82bfe234,7338dd63-a1d1-4e74-9759-cd17bae3c0d8,9,Sample English review 572.
4edeb655-50d1-4c99-8f37-65e6a6219716,6e7b8d9e-abce-4be9-9b04-ec7b82bfe234,9bc42e46-67c9-447f-be78-4ae50e491d93,9,Sample English review 573.
253b1a7d-6ce0-4d6d-84fd-ad04b6887a59,6e7b8d9e-abce-4be9-9b04-ec7b82bfe234,6358f21d-d22d-4f6c-b15e-7a1b7ba90800,3,Sample English review 574.
bbf98620-35a5-4aa7-9e6e-9b427552b048,6e7b8d9e-abce-4be9-9b04-ec7b82bfe234,fd530ba8-7ae3-47c6-b384-a6b01df494cb,9,
d39de949-8001-4ecd-8b1a-4a4f31471b6c,4e464b4c-b11d-4d7a-9938-47d17ec5dd16,99f6f5c3-1cb9-4fe1-ab1a-aa9c1d16dbd0,4,
e568f77a-b0c8-4b4a-9cd5-f437841a18c5,4e464b4c-b11d-4d7a-9938-47d17ec5dd16,6c34f6f7-2682-4513-951e-96f325e7eb19,3,Sample English review 577.
fd340dec-2bed-4349-80fd-d86644a3374a,4e464b4c-b11d-4d7a-9938-47d17ec5dd16,f58f62f8-c6cd-4d19-adce-d4d1da14b149,2,
a46dc8c6-4570-4037-820c-e6f4e80cb963,4e464b4c-b11d-4d7a-9938-47d17ec5dd16,47632200-a702-4992-9f11-020d87c3aaed,2,Sample English review 579.
4b8a5d26-3d24-4b12-8546-35ffc1c5a44c,4e464b4c-b11d-4d7a-9938-47d17ec5dd16,99f8ef2d-c0e8-4290-83a6-b460677b198d,3,Sample English review 580.
5a220425-755e-470c-92eb-2eedcdec6fae,4e464b4c-b11d-4d7a-9938-47d17ec5dd16,81d5edb0-d9b4-4d01-968c-8eda5f5b6a03,9,Sample English review 581.
2dd9ab48-ffc2-4391-ae50-5ac11e34a15a,4e464b4c-b11d-4d7a-9938-47d17ec5dd16,7c01f309-b5b4-4962-843f-9698ce3ede17,5,Sample English review 582.
87531e69-da18-4b46-982d-a5ac0eb9fa31,4e464b4c-b11d-4d7a-9938-47d17ec5dd16,ac393398-9266-4f9c-8a2d-d14ae2aa114e,5,Sample English review 583.
a7016d6c-7d73-4197-94ee-5b7efafc0625,4e464b4c-b11d-4d7a-9938-47d17ec5dd16,ecab2181-cb9d-42f7-b110-65986cef6204,4,
2d416775-18d8-4556-b3ef-247a0f441080,4e464b4c-b11d-4d7a-9938-47d17ec5dd16,677a4d7a-ae9b-4bdb-a72f-67f73eba99c7,10,Sample English review 585.
c030a9bc-0dff-413c-a2aa-ef23e0343f00,4e464b4c-b11d-4d7a-9938-47d17ec5dd16,f4fa3e26-130b-42f5-8e08-2d4f884e080d,9,Sample English review 586.
2f5a45e5-138b-4e7b-aeca-8fd24d301152,4e464b4c-b11d-4d7a-9938-47d17ec5dd16,8a99736e-dad6-489d-aa46-0ee02356e5fe,8,Sample English review 587.
66aaaf84-3151-42a8-8856-d57d1bbcc52d,4e464b4c-b11d-4d7a-9938-47d17ec5dd16,5e77bfad-cca1-40e3-9460-368c94829eed,1,Sample English review 588.
b89fff3f-b29b-419f-8d49-cf46c82c4713,4e464b4c-b11d-4d7a-9938-47d17ec5dd16,77ae4c44-0946-4323-afdc-9932fc01f4c6,7,Sample English review 589.
ba86fa8f-495f-4bfd-bf72-679d2e6ca5ec,4e464b4c-b11d-4d7a-9938-47d17ec5dd16,81de516b-9d80-447a-a5f3-7f542dab2e6f,8,
c8b5fc49-cd41-43a7-bf29-06700ed93e60,4e464b4c-b11d-4d7a-9938-47d17ec5dd16,b3bb325c-6f93-4946-9d94-ca835b5be056,3,Sample English review 591.
1c4644dd-29d0-4737-933b-15eee2ee8d74,4e464b4c-b11d-4d7a-9938-47d17ec5dd16,05de5279-613f-4b9e-b38d-1e4203d75c1a,3,
fa44a763-8dac-4688-aa09-b3e07a79a014,4e464b4c-b11d-4d7a-9938-47d17ec5dd16,4072477a-0e21-47ca-9a86-73f662b98398,3,Sample English review 593.
5f0a4cf4-2fae-46a7-8b91-47009834a197,4e464b4c-b11d-4d7a-9938-47d17ec5dd16,6dc440b0-7d0d-4e8c-8dfa-aacb16c25536,7,
a027d8e1-4fe8-41e7-84c1-4be9619242e7,4e464b4c-b11d-4d7a-9938-47d17ec5dd16,cb55c939-b208-4183-9cac-dc086cdad4ea,8,Sample English review 595.
4b681fe0-8a1b-4f2d-ab21-b4def66370b7,1583d04c-2de9-42a0-9402-982b6fea7f37,f4fa3e26-130b-42f5-8e08-2d4f884e080d,5,
24ab0803-acb6-4867-9f21-bc600b0a3140,1583d04c-2de9-42a0-9402-982b6fea7f37,1b7592f5-0e3c-4c80-b5a2-4bd6f1157cba,9,Sample English review 597.
45ef367a-65f0-469e-8d49-ac389e93d13f,1583d04c-2de9-42a0-9402-982b6fea7f37,1f2f5550-69ee-4ec3-82d2-d6cf2d0fc05c,3,Sample English review 598.
35907aa9-2998-4274-bfc6-07f6d20ff402,1583d04c-2de9-42a0-9402-982b6fea7f37,a3128f74-4fcf-4cae-b2db-d585516780d1,3,
121980a2-d3e2-4265-8aa8-0e96b879935b,1583d04c-2de9-42a0-9402-982b6fea7f37,9c0da375-3d5a-4608-b8c7-9e36139d6c33,4,
69540b9c-b440-4b5e-bf02-b7f6e75d0e0f,1583d04c-2de9-42a0-9402-982b6fea7f37,3e78c42e-79c6-46a5-84ba-afca64de824b,7,Sample English review 601.
b5bef7d0-40ca-4587-bcfc-5cc0c1cb861a,1583d04c-2de9-42a0-9402-982b6fea7f37,2fd567ca-8efe-4948-bebd-a1a56f976d42,8,Sample English review 602.
1f17fed4-a84e-4238-94fa-d1fa22f058a6,1583d04c-2de9-42a0-9402-982b6fea7f37,ecab2181-cb9d-42f7-b110-65986cef6204,8,Sample English review 603.
a007fc5c-10c1-451b-9ead-4ee51fc013a8,3b3d9ebf-1734-41bc-8afb-caa1ad779338,47ae8c16-2d72-4c6b-8a12-3dac47db6ed7,6,Sample English review 604.
d9362377-9d4f-4adf-8430-a8747f5ef61d,560c6019-5bff-450c-85df-466edaa8172c,3e78c42e-79c6-46a5-84ba-afca64de824b,9,Sample English review 605.
f53ea57a-f906-4057-aa24-e93abc5cae7d,560c6019-5bff-450c-85df-466edaa8172c,138aca2e-a48d-46a6-ac06-c902efe4fd18,1,Sample English review 606.
7b57063d-2f72-4e77-8a28-0fbc9de00009,560c6019-5bff-450c-85df-466edaa8172c,677a4d7a-ae9b-4bdb-a72f-67f73eba99c7,5,
f9fc8586-091e-492b-b86b-da4f3aec75e3,560c6019-5bff-450c-85df-466edaa8172c,2c417aef-cf61-4d18-ae06-06ba2317f36f,1,
959ea643-6983-4f37-bfe0-4c31cab2b6aa,560c6019-5bff-450c-85df-466edaa8172c,67d8b4ad-4640-43f2-9c53-6b4929f30103,10,Sample English review 609.
be086bf4-75f7-4172-8caf-fbe65a4cbf43,560c6019-5bff-450c-85df-466edaa8172c,33b5c78e-cad2-4331-b9b9-a38ef8954dec,3,Sample English review 610.
e5bff5d2-04da-4422-8e7b-3064fb963b2b,560c6019-5bff-450c-85df-466edaa8172c,b3bb325c-6f93-4946-9d94-ca835b5be056,10,
0f834d47-3302-40d5-8040-609a4d292854,560c6019-5bff-450c-85df-466edaa8172c,dac8e4dd-9f17-46ef-9865-5e025b74bf9a,7,Sample English review 612.
553167fd-5ba7-424d-81ce-47cebaace660,560c6019-5bff-450c-85df-466edaa8172c,4072477a-0e21-47ca-9a86-73f662b98398,7,Sample English review 613.
d7a542d1-b4ed-463a-9cf7-aae2e1107f06,560c6019-5bff-450c-85df-466edaa8172c,9dae46b7-7f1a-4d67-b808-9e9c1b622d6c,8,Sample English review 614.
fe27c342-69ac-48d3-9042-940e6131ef8f,560c6019-5bff-450c-85df-466edaa8172c,9b151d62-177e-4736-b8e5-6cf69170f9dc,4,Sample English review 615.
7712ca42-8796-4192-918f-6c4c87b58b52,560c6019-5bff-450c-85df-466edaa8172c,d9b9480a-a1e4-49d4-b8b5-a28a761924b7,10,
fc7cd46f-9b39-4029-9693-0945e243dd33,560c6019-5bff-450c-85df-466edaa8172c,08c2602d-87d3-4851-b7fb-2bad244b5357,8,Sample English review 617.
3207ce6e-2252-4341-93d0-6ff239ccf4b2,a9ea220b-4934-41a8-b450-63e961cfea9f,0eda6729-995b-43a0-9a17-b89035543c47,4,Sample English review 618.
540c85a1-f2f1-459e-8995-a9cadbb57dd2,a9ea220b-4934-41a8-b450-63e961cfea9f,47ae8c16-2d72-4c6b-8a12-3dac47db6ed7,7,
43e24c23-9152-4cb3-a8e5-e5a64f54fa1b,a9ea220b-4934-41a8-b450-63e961cfea9f,ac393398-9266-4f9c-8a2d-d14ae2aa114e,6,Sample English review 620.
9832ee0e-654c-49f4-8b10-835c2052de79,a9ea220b-4934-41a8-b450-63e961cfea9f,ecdbf5f6-ea6e-48ad-8cf1-165f8682b135,3,Sample English review 621.
290a599b-ed45-40f3-a119-d282e5ff3449,a9ea220b-4934-41a8-b450-63e961cfea9f,2c417aef-cf61-4d18-ae06-06ba2317f36f,7,Sample English review 622.
a404c914-5ba8-462f-97ee-ac105ce62524,a9ea220b-4934-41a8-b450-63e961cfea9f,f9a7e8ba-2326-4fd7-b228-98060197c4f6,10,
c06036ff-57fd-4c6d-9dd2-92401d9fd951,a9ea220b-4934-41a8-b450-63e961cfea9f,6c34f6f7-2682-4513-951e-96f325e7eb19,4,Sample English review 624.
64c608a9-c721-4111-a311-0a1b9a73f0aa,a9ea220b-4934-41a8-b450-63e961cfea9f,ebaef81b-0f73-4e06-bb20-5ef173be29af,4,Sample English review 625.
bbf979a5-2413-4f84-b2a9-493baa63d634,a9ea220b-4934-41a8-b450-63e961cfea9f,99f8ef2d-c0e8-4290-83a6-b460677b198d,9,Sample English review 626.
f7566233-0d92-4281-a77d-97cfdaa900d0,a9ea220b-4934-41a8-b450-63e961cfea9f,08c2602d-87d3-4851-b7fb-2bad244b5357,7,Sample English review 627.
6c70e2af-766e-4714-a544-21bdee5816e0,a9ea220b-4934-41a8-b450-63e961cfea9f,2fd567ca-8efe-4948-bebd-a1a56f976d42,5,Sample English review 628.
3edb04ae-18c7-4071-99b1-80f52c9fb30f,a9ea220b-4934-41a8-b450-63e961cfea9f,7bd0bc4e-e14f-4f46-8e8b-d015a6b4ebc1,1,Sample English review 629.
afba22f3-dd9e-42de-be50-bb810e9afc20,a9ea220b-4934-41a8-b450-63e961cfea9f,09901650-fe76-4f18-9bf9-e24256f4909e,10,
fb664de8-ff91-441f-ad07-41ca72c67a03,a9ea220b-4934-41a8-b450-63e961cfea9f,f4fa3e26-130b-42f5-8e08-2d4f884e080d,6,
ef0cb7c6-beb9-47b7-aebf-664e608a76cd,a9ea220b-4934-41a8-b450-63e961cfea9f,427354fb-8736-4fd4-9ea1-30b98d1974e7,9,
7c68e52a-c90f-4047-99a5-18cd5cc430d7,a9ea220b-4934-41a8-b450-63e961cfea9f,8ff07004-cedb-4c53-a5dd-a034c6073f8e,6,
d56bdd13-5206-46f4-9053-0667561f2971,a9ea220b-4934-41a8-b450-63e961cfea9f,4ad5c73a-5c99-4e98-9d90-0e03b0986909,8,Sample English review 634.
1a8d300a-13b6-4a92-be7c-b1d7106737eb,a9ea220b-4934-41a8-b450-63e961cfea9f,d9b9480a-a1e4-49d4-b8b5-a28a761924b7,7,Sample English review 635.
0eeaeb5f-a1ae-4882-958e-81f4acd00480,a9ea220b-4934-41a8-b450-63e961cfea9f,7c01f309-b5b4-4962-843f-9698ce3ede17,5,Sample English review 636.
6698a1dd-e5ce-460d-921d-5143acd1e71e,a9ea220b-4934-41a8-b450-63e961cfea9f,69a62e24-d225-4d89-94b5-ae7f906b57dc,9,Sample English review 637.
278b853f-f057-4269-9341-2c9e0ff47336,a9ea220b-4934-41a8-b450-63e961cfea9f,0c6967ae-a4d8-4920-9d51-c7d95b61d752,7,Sample English review 638.
7b60810a-e561-4ca4-a9f6-a43e8b81cf85,a9ea220b-4934-41a8-b450-63e961cfea9f,1b7592f5-0e3c-4c80-b5a2-4bd6f1157cba,1,
b9b9dad7-41e1-4a52-bd4f-611369b3fcb6,cb929310-4995-42bc-85a8-a951869c3494,2fd567ca-8efe-4948-bebd-a1a56f976d42,10,
1509d11e-16c6-4bce-9bdf-fce2b67169ab,05e6c57c-1a0e-41b1-bc20-dbffb1c251da,09901650-fe76-4f18-9bf9-e24256f4909e,3,Sample English review 641.
6814aa56-40ad-4842-afa2-fa0c5898ec39,05e6c57c-1a0e-41b1-bc20-dbffb1c251da,3c16d474-f898-4cfe-b924-7c38bea20d5c,9,
4468451f-becd-4eef-94b4-5f27b7232d83,d151e5a4-08dd-44b3-9918-db5fed8afd04,ac17d6c1-f9a9-42be-9c29-6670939d8d5e,5,
195a298e-6250-4ee5-86b1-13c81a14b9fb,d151e5a4-08dd-44b3-9918-db5fed8afd04,74429405-c801-4e71-87cd-1d726e8cd8f7,2,Sample English review 644.
6c320560-f0ef-40ec-aedb-276d1619bdb5,d151e5a4-08dd-44b3-9918-db5fed8afd04,ebaef81b-0f73-4e06-bb20-5ef173be29af,5,Sample English review 645.
58170b6e-bb6d-4188-b420-7f829660c6d0,d151e5a4-08dd-44b3-9918-db5fed8afd04,09901650-fe76-4f18-9bf9-e24256f4909e,9,Sample English review 646.
31a06bd0-6bdf-46b7-8780-2cec86d4a9bf,d151e5a4-08dd-44b3-9918-db5fed8afd04,08c2602d-87d3-4851-b7fb-2bad244b5357,9,
b4d78b2b-12ca-4ec8-85a1-c7de9b14d883,d151e5a4-08dd-44b3-9918-db5fed8afd04,23855b90-cb3b-4533-a756-bab9bb81426e,7,Sample English review 648.
95bd2f61-4091-451d-a4bd-622093e25fdb,d151e5a4-08dd-44b3-9918-db5fed8afd04,e52406b3-6af5-42dc-a087-fe3f73c2cb30,6,
355150e6-9dc1-479f-b3e4-4a9fd05d2d5b,d151e5a4-08dd-44b3-9918-db5fed8afd04,3844a965-19f9-41ec-9515-28393113f8c8,8,Sample English review 650.
ea308b2e-b1c2-4e5d-b103-f63b92c52fea,d151e5a4-08dd-44b3-9918-db5fed8afd04,4ad5c73a-5c99-4e98-9d90-0e03b0986909,5,
61d4dcdf-df5b-43f9-8488-06afefd90959,d151e5a4-08dd-44b3-9918-db5fed8afd04,b3bb325c-6f93-4946-9d94-ca835b5be056,4,
6b5c05f1-2180-43a9-b527-f32e773c25ff,d151e5a4-08dd-44b3-9918-db5fed8afd04,47ae8c16-2d72-4c6b-8a12-3dac47db6ed7,10,Sample English review 653.
5c8f4db3-41c8-42d3-81ae-1d35bd31b63a,d151e5a4-08dd-44b3-9918-db5fed8afd04,37887751-4d47-4e5c-98fd-9fa0dc90314c,10,Sample English review 654.
176740e2-787f-4a9b-91b4-f83fc6afec58,d151e5a4-08dd-44b3-9918-db5fed8afd04,e9774607-8354-4ac8-adcf-f72a1716c51b,3,
14ccce83-cf42-4bd8-a176-473860cadecc,d151e5a4-08dd-44b3-9918-db5fed8afd04,138aca2e-a48d-46a6-ac06-c902efe4fd18,8,Sample English review 656.
6b0d1f4a-acf3-4230-a30f-3209cdd251e8,d151e5a4-08dd-44b3-9918-db5fed8afd04,8ff07004-cedb-4c53-a5dd-a034c6073f8e,8,Sample English review 657.
58035d3d-a06c-4853-836c-3ef2aed6a771,d151e5a4-08dd-44b3-9918-db5fed8afd04,d51ce7b5-dd79-4d62-93c4-4a7cff3d22e3,1,Sample English review 658.
852ad1aa-ba7a-4cc0-a3b4-b853580b4387,d151e5a4-08dd-44b3-9918-db5fed8afd04,6c34f6f7-2682-4513-951e-96f325e7eb19,1,
69a82e5d-dfa7-4698-b29f-cd8bfc7494c7,d151e5a4-08dd-44b3-9918-db5fed8afd04,67021090-97c3-44f2-82ed-cf5f65828f38,4,Sample English review 660.
423d8e82-3d7c-4abb-b255-726b76ff43cf,d151e5a4-08dd-44b3-9918-db5fed8afd04,afc8c392-95b3-4506-8d6c-719f96692939,9,Sample English review 661.
8c255f2c-37e1-465b-b7b9-ba47f25ae911,d151e5a4-08dd-44b3-9918-db5fed8afd04,ac393398-9266-4f9c-8a2d-d14ae2aa114e,1,Sample English review 662.
d2bfd786-71b3-49d4-a8a0-cbe564ee20cd,b5450a1d-3fba-41aa-b776-a1a1f8f60dcf,c3820118-4994-4049-8719-6d71466870fe,3,Sample English review 663.
5f91e77c-09e4-4afb-ba60-99af4d0824c6,b5450a1d-3fba-41aa-b776-a1a1f8f60dcf,5597d267-e508-4a43-8244-f8ec9fdecae4,4,Sample English review 664.
844f5dcc-0c3c-4780-936e-c7772b4a27cc,b5450a1d-3fba-41aa-b776-a1a1f8f60dcf,427354fb-8736-4fd4-9ea1-30b98d1974e7,1,Sample English review 665.
2686fb96-f45d-4ce9-ac15-53cb8e92ca23,b5450a1d-3fba-41aa-b776-a1a1f8f60dcf,9c0da375-3d5a-4608-b8c7-9e36139d6c33,10,Sample English review 666.
e9777639-eb70-4403-8a2d-e05c76dbcb67,b5450a1d-3fba-41aa-b776-a1a1f8f60dcf,21bf0f34-fea3-4cb9-b9a7-94e72ffacc8a,1,
67b1b68a-dbc6-4b7f-aba4-641b6aabc603,b5450a1d-3fba-41aa-b776-a1a1f8f60dcf,dac8e4dd-9f17-46ef-9865-5e025b74bf9a,6,
6935fc70-2bf0-4321-b1ef-0fe93321e6ab,b5450a1d-3fba-41aa-b776-a1a1f8f60dcf,77ae4c44-0946-4323-afdc-9932fc01f4c6,10,Sample English review 669.
8068dce6-940f-4d1f-bcad-a2d1a366d4ef,b5450a1d-3fba-41aa-b776-a1a1f8f60dcf,fd530ba8-7ae3-47c6-b384-a6b01df494cb,2,Sample English review 670.
b26f18da-7d4b-40e3-8e88-fa45732adc51,b5450a1d-3fba-41aa-b776-a1a1f8f60dcf,8a99736e-dad6-489d-aa46-0ee02356e5fe,10,
6646e178-e691-454c-ac8d-c4f17c8d2d8e,b5450a1d-3fba-41aa-b776-a1a1f8f60dcf,af3763b7-7954-464c-8287-33c652eaced6,8,Sample English review 672.
65358469-7b72-4a88-adf0-a2a7989028ce,e47907b9-6ab2-44d7-b951-fa5863104881,cb55c939-b208-4183-9cac-dc086cdad4ea,8,Sample English review 673.
cff36ad3-4fef-4e3f-8591-ad6ade6425bd,e47907b9-6ab2-44d7-b951-fa5863104881,7bd0bc4e-e14f-4f46-8e8b-d015a6b4ebc1,10,Sample English review 674.
3e635247-ae81-4291-a97d-feda9ce04516,4ea0d1df-fef7-40aa-af51-22ae70304c36,1b3bae68-e409-4055-a2c3-d5f42604c9b1,3,
f336e1e2-e287-4e10-bf9a-96608b247b78,4ea0d1df-fef7-40aa-af51-22ae70304c36,ccda4639-3814-4892-99ea-7aa00cd42d49,3,Sample English review 676.
b0582133-3867-4007-9d07-fdc9a1950a68,6d16ef26-b5eb-43cb-b2de-821d74f87f14,425035ef-0093-422c-a760-2740c95f4457,7,Sample English review 677.
99c7ed8a-ed3e-4ce5-be94-3745075c7cbc,6d16ef26-b5eb-43cb-b2de-821d74f87f14,ecdbf5f6-ea6e-48ad-8cf1-165f8682b135,6,Sample English review 678.
40eed25b-b781-407f-9fec-01eca776e086,6d16ef26-b5eb-43cb-b2de-821d74f87f14,33875037-f579-42ed-8aba-818a640c90d9,2,Sample English review 679.
ff0b7dc3-0e6e-4010-9dd2-85c6e4467d0d,6d16ef26-b5eb-43cb-b2de-821d74f87f14,6dc440b0-7d0d-4e8c-8dfa-aacb16c25536,1,Sample English review 680.
437e6785-b17e-435e-aae8-063953984362,6d16ef26-b5eb-43cb-b2de-821d74f87f14,2752b069-f76a-4957-8807-6237a31f6d2c,5,
87a6e017-3140-4dad-a4c1-6bdad2d20082,6d16ef26-b5eb-43cb-b2de-821d74f87f14,7c01f309-b5b4-4962-843f-9698ce3ede17,3,Sample English review 682.
e7bab948-a115-4e1a-b0a9-40fc8732d443,6d16ef26-b5eb-43cb-b2de-821d74f87f14,81de516b-9d80-447a-a5f3-7f542dab2e6f,4,
5c4481c1-2600-4314-abd4-7abce7118409,6d16ef26-b5eb-43cb-b2de-821d74f87f14,3ea805cf-d96a-4098-9682-f85f57267e43,1,Sample English review 684.
6aab7167-f13a-47e9-a0ff-c11bcf675480,6d16ef26-b5eb-43cb-b2de-821d74f87f14,2d56957e-9087-4750-8598-9d99f1933845,8,Sample English review 685.
94278094-7045-4648-a3d4-acc31b0fc9a7,6d16ef26-b5eb-43cb-b2de-821d74f87f14,f4fa3e26-130b-42f5-8e08-2d4f884e080d,2,
ef991eb6-a34f-420e-b983-a9fe10a3bc7d,6d16ef26-b5eb-43cb-b2de-821d74f87f14,6d0ed363-2c1a-43f7-958a-0e0cb6ea3e49,8,
af59e8dd-0a4b-4c07-b422-2ad7f8f03343,6d16ef26-b5eb-43cb-b2de-821d74f87f14,0db8d5e2-1888-4d9f-a451-2f6e2a3e0f7d,2,
90219831-d19c-4a17-b504-1af509e64940,6d16ef26-b5eb-43cb-b2de-821d74f87f14,e9774607-8354-4ac8-adcf-f72a1716c51b,9,Sample English review 689.
3480b8b6-7ce1-4ac6-872e-c3d43276daea,6d16ef26-b5eb-43cb-b2de-821d74f87f14,ac393398-9266-4f9c-8a2d-d14ae2aa114e,7,
9e5227a9-7382-473d-8b76-8bb189c0b474,6d16ef26-b5eb-43cb-b2de-821d74f87f14,f58f62f8-c6cd-4d19-adce-d4d1da14b149,4,Sample English review 691.
c167a4fb-b84a-47d7-98df-94c09b046b1b,6d16ef26-b5eb-43cb-b2de-821d74f87f14,09901650-fe76-4f18-9bf9-e24256f4909e,6,
21b3e69c-6757-4a77-a8e3-fe6978efdf04,6d16ef26-b5eb-43cb-b2de-821d74f87f14,138aca2e-a48d-46a6-ac06-c902efe4fd18,6,Sample English review 693.
62df90f8-453a-414f-83a0-0b39d8247f90,6d16ef26-b5eb-43cb-b2de-821d74f87f14,ac17d6c1-f9a9-42be-9c29-6670939d8d5e,6,
d527c93c-bc02-4260-a4a6-2dd1c86ad867,6d16ef26-b5eb-43cb-b2de-821d74f87f14,ebaef81b-0f73-4e06-bb20-5ef173be29af,6,Sample English review 695.
0fd4bda9-c643-451a-a43e-b7ef5bf9e93d,d032b405-b116-494d-a1ff-7abcffa36fc7,502dde18-86e1-4b5c-88c2-8010d067ede7,1,Sample English review 696.
6b65ece5-3410-4652-9def-7a719ece4dd6,d032b405-b116-494d-a1ff-7abcffa36fc7,ebaef81b-0f73-4e06-bb20-5ef173be29af,9,
b1b30bae-b674-4394-9024-208d174acfd3,d032b405-b116-494d-a1ff-7abcffa36fc7,37887751-4d47-4e5c-98fd-9fa0dc90314c,3,Sample English review 698.
7fc896f4-83bc-44f6-b1b6-e6b88dae36bd,d032b405-b116-494d-a1ff-7abcffa36fc7,ccda4639-3814-4892-99ea-7aa00cd42d49,9,
e44bc9fd-9d49-46d6-aa22-9ad7e7bc9bca,d032b405-b116-494d-a1ff-7abcffa36fc7,b3bb325c-6f93-4946-9d94-ca835b5be056,6,Sample English review 700.
52f6467d-e01c-4903-a3d1-401768a402c4,d032b405-b116-494d-a1ff-7abcffa36fc7,d51ce7b5-dd79-4d62-93c4-4a7cff3d22e3,5,
1c758a00-aeac-4534-b98b-664f40b4e23a,d032b405-b116-494d-a1ff-7abcffa36fc7,0c6967ae-a4d8-4920-9d51-c7d95b61d752,7,Sample English review 702.
0c2cd244-9d0b-4b5c-ad7c-8793524af894,d032b405-b116-494d-a1ff-7abcffa36fc7,7338dd63-a1d1-4e74-9759-cd17bae3c0d8,6,
6acf32f8-e306-43b8-a98c-f3bbfa3b2d69,d032b405-b116-494d-a1ff-7abcffa36fc7,a3128f74-4fcf-4cae-b2db-d585516780d1,3,Sample English review 704.
3f6ea336-cce2-484d-87f4-6ce4985a3536,d032b405-b116-494d-a1ff-7abcffa36fc7,74429405-c801-4e71-87cd-1d726e8cd8f7,5,Sample English review 705.
99fd9844-afd0-4131-8316-8bc12b27124e,d032b405-b116-494d-a1ff-7abcffa36fc7,fd530ba8-7ae3-47c6-b384-a6b01df494cb,7,Sample English review 706.
485a304d-3ee2-4574-89af-fe99c57b7fae,d032b405-b116-494d-a1ff-7abcffa36fc7,99f8ef2d-c0e8-4290-83a6-b460677b198d,7,
e01b645c-ee79-443b-9e55-01e00fb541d9,d032b405-b116-494d-a1ff-7abcffa36fc7,62531f1e-00a6-4fce-ab03-320c8c0852e8,8,
a027fe71-7484-4345-bca0-30d0191ce57b,d032b405-b116-494d-a1ff-7abcffa36fc7,2752b069-f76a-4957-8807-6237a31f6d2c,2,Sample English review 709.
7b40a58a-a00c-473b-bdef-159f013c3367,d032b405-b116-494d-a1ff-7abcffa36fc7,85bbf311-5929-482a-a259-21f783c36c59,2,Sample English review 710.
9eddb7b8-b329-486d-8fba-1c06bfb6b0bc,d032b405-b116-494d-a1ff-7abcffa36fc7,d3206088-b25a-455a-9323-1c8d5829b0b0,9,
5adf2a75-fea8-41bb-b1ef-ed03cd449e5a,d032b405-b116-494d-a1ff-7abcffa36fc7,08c2602d-87d3-4851-b7fb-2bad244b5357,7,Sample English review 712.
c7ec96c0-12d8-4123-ad79-9d51a84c9736,72bf45e5-f722-48ae-8a83-927b5ce22c5f,47aa0eb4-151b-4307-b50f-cdd5a44970fd,9,Sample English review 713.
6ded88ef-0a9d-4c68-b903-8d89c61caa31,3f3f2295-d8e4-4b13-b55b-6a05212bc5a4,67d8b4ad-4640-43f2-9c53-6b4929f30103,10,Sample English review 714.
1ee24fdb-ffb4-4427-8b53-0f68f0fa3774,3f3f2295-d8e4-4b13-b55b-6a05212bc5a4,ac17d6c1-f9a9-42be-9c29-6670939d8d5e,1,Sample English review 715.
453d4f7f-9bbf-4a6d-980f-638a34d789d0,3f3f2295-d8e4-4b13-b55b-6a05212bc5a4,afc8c392-95b3-4506-8d6c-719f96692939,6,Sample English review 716.
79df3712-9e92-407e-bc52-42ba00a763eb,3f3f2295-d8e4-4b13-b55b-6a05212bc5a4,9008a579-51a2-4cde-80db-8e277bfd15c0,8,Sample English review 717.
3784cb20-5b3a-40e4-a7f5-b4b08eccc17d,3f3f2295-d8e4-4b13-b55b-6a05212bc5a4,9c0da375-3d5a-4608-b8c7-9e36139d6c33,8,Sample English review 718.
4bf1d7ad-66a5-4811-ab40-37306addbc74,3f3f2295-d8e4-4b13-b55b-6a05212bc5a4,6c34f6f7-2682-4513-951e-96f325e7eb19,1,Sample English review 719.
396831e7-0908-4451-abc0-1824925c8272,3f3f2295-d8e4-4b13-b55b-6a05212bc5a4,1afd4484-49c1-4870-b60c-c754c4ce04d0,8,Sample English review 720.
1f8e1b9f-d5ab-4047-a4d3-ab3ca893413f,3f3f2295-d8e4-4b13-b55b-6a05212bc5a4,009bae3f-9085-415e-81bf-b86503fa9115,1,Sample English review 721.
9035fff6-652e-4f45-b096-e46666b70abe,3f3f2295-d8e4-4b13-b55b-6a05212bc5a4,af3763b7-7954-464c-8287-33c652eaced6,3,
280ede9d-0937-4f68-875b-7276a60f1ee5,3f3f2295-d8e4-4b13-b55b-6a05212bc5a4,2d56957e-9087-4750-8598-9d99f1933845,1,
919e377e-9f85-405e-8252-b972d28930ea,3f3f2295-d8e4-4b13-b55b-6a05212bc5a4,09901650-fe76-4f18-9bf9-e24256f4909e,1,Sample English review 724.
eb5d7987-76ec-416f-b396-b2ffedbee3ec,3f3f2295-d8e4-4b13-b55b-6a05212bc5a4,138aca2e-a48d-46a6-ac06-c902efe4fd18,10,Sample English review 725.
f57a1569-97bd-4c72-9877-c85712e969a1,3f3f2295-d8e4-4b13-b55b-6a05212bc5a4,4072477a-0e21-47ca-9a86-73f662b98398,8,Sample English review 726.
2ee9ce82-d8ef-47cb-b736-af52e06b66ec,3f3f2295-d8e4-4b13-b55b-6a05212bc5a4,6d0ed363-2c1a-43f7-958a-0e0cb6ea3e49,9,Sample English review 727.
69414912-c1dd-4325-b933-333c9755eb3c,3f3f2295-d8e4-4b13-b55b-6a05212bc5a4,3c16d474-f898-4cfe-b924-7c38bea20d5c,5,Sample English review 728.
e7582503-d61b-4b27-b9e9-9fbe47f4428e,3f3f2295-d8e4-4b13-b55b-6a05212bc5a4,9b151d62-177e-4736-b8e5-6cf69170f9dc,8,
6c0f65b2-df1f-4cba-9f17-2aa7371c946a,3f3f2295-d8e4-4b13-b55b-6a05212bc5a4,77ae4c44-0946-4323-afdc-9932fc01f4c6,4,Sample English review 730.
70a01094-8404-44a2-8489-9399d9ba6250,3f3f2295-d8e4-4b13-b55b-6a05212bc5a4,7bd0bc4e-e14f-4f46-8e8b-d015a6b4ebc1,10,Sample English review 731.
da1b0b62-b370-414a-923b-6ba5567480d1,3f3f2295-d8e4-4b13-b55b-6a05212bc5a4,05de5279-613f-4b9e-b38d-1e4203d75c1a,5,
abf812ab-8160-4bdb-afd3-ebed6c0fafdd,3f3f2295-d8e4-4b13-b55b-6a05212bc5a4,1b3bae68-e409-4055-a2c3-d5f42604c9b1,6,Sample English review 733.
abfe25e3-0cc3-46d3-b8da-765be9c64f95,3f3f2295-d8e4-4b13-b55b-6a05212bc5a4,708f4f48-f883-4f49-97ee-2c0a91c249de,4,
482653e7-2162-487d-862e-68244b1a7914,3f3f2295-d8e4-4b13-b55b-6a05212bc5a4,67021090-97c3-44f2-82ed-cf5f65828f38,2,Sample English review 735.
534c2029-e70a-4a94-88fa-c3cf797e90d1,195bc6ad-cba6-46dd-ba08-a3277894840a,9c0da375-3d5a-4608-b8c7-9e36139d6c33,10,
31f5a3e6-ac98-4c84-9ba7-8d27152a85af,195bc6ad-cba6-46dd-ba08-a3277894840a,1afd4484-49c1-4870-b60c-c754c4ce04d0,3,Sample English review 737.
29e4c313-0555-4012-a922-aa797e646875,195bc6ad-cba6-46dd-ba08-a3277894840a,ecdbf5f6-ea6e-48ad-8cf1-165f8682b135,7,Sample English review 738.
8475ee33-7586-412d-a415-3da3dc5dda3d,195bc6ad-cba6-46dd-ba08-a3277894840a,9008a579-51a2-4cde-80db-8e277bfd15c0,2,
3ae02884-6bb1-409e-9426-e5300d6eca7a,195bc6ad-cba6-46dd-ba08-a3277894840a,d9b9480a-a1e4-49d4-b8b5-a28a761924b7,3,Sample English review 740.
75ee871a-8987-4b4e-98ed-1fc2b25fb864,195bc6ad-cba6-46dd-ba08-a3277894840a,3844a965-19f9-41ec-9515-28393113f8c8,10,Sample English review 741.
7c27bca7-d45a-4e74-95f8-a08661b4a935,195bc6ad-cba6-46dd-ba08-a3277894840a,d3206088-b25a-455a-9323-1c8d5829b0b0,10,
744c4e5d-779e-403c-b034-c4a40d7445ce,195bc6ad-cba6-46dd-ba08-a3277894840a,502dde18-86e1-4b5c-88c2-8010d067ede7,7,
d484e397-faa8-41d7-8246-cbd61b6296d0,195bc6ad-cba6-46dd-ba08-a3277894840a,69a62e24-d225-4d89-94b5-ae7f906b57dc,5,Sample English review 744.
24dbcb12-3ff5-414c-9166-38d5b73669d7,195bc6ad-cba6-46dd-ba08-a3277894840a,d51ce7b5-dd79-4d62-93c4-4a7cff3d22e3,2,Sample English review 745.
92c23e4f-91dc-438c-a8a2-999f2da79891,195bc6ad-cba6-46dd-ba08-a3277894840a,7c08735f-311c-4060-9637-87bee6bf9673,4,Sample English review 746.
05ad945c-aed5-4204-b930-67800ab3cd53,195bc6ad-cba6-46dd-ba08-a3277894840a,85bbf311-5929-482a-a259-21f783c36c59,9,Sample English review 747.
6e155fca-87ce-4650-9421-150813501651,195bc6ad-cba6-46dd-ba08-a3277894840a,08c2602d-87d3-4851-b7fb-2bad244b5357,1,
469274a5-ebcb-4015-8f31-cc2faafddc88,195bc6ad-cba6-46dd-ba08-a3277894840a,47aa0eb4-151b-4307-b50f-cdd5a44970fd,2,
eb5da98c-d625-42f4-a1bc-f52867deb53e,195bc6ad-cba6-46dd-ba08-a3277894840a,c3820118-4994-4049-8719-6d71466870fe,1,Sample English review 750.
193cc577-bc9c-42b1-828c-68ea9b9938bd,195bc6ad-cba6-46dd-ba08-a3277894840a,1b7592f5-0e3c-4c80-b5a2-4bd6f1157cba,1,Sample English review 751.
1aeafcb2-fab9-4acc-bdfd-78b7abee8b77,195bc6ad-cba6-46dd-ba08-a3277894840a,2d56957e-9087-4750-8598-9d99f1933845,3,Sample English review 752.
10cbbaa8-5aa3-4274-9d88-deff3b45b456,195bc6ad-cba6-46dd-ba08-a3277894840a,b3bb325c-6f93-4946-9d94-ca835b5be056,4,
93fb0557-c3f7-49e4-9077-19647f734b0d,195bc6ad-cba6-46dd-ba08-a3277894840a,34e41375-9db2-4e92-9f7d-76f36353f4e6,7,
15e7215e-d144-43ae-ae8f-065dc1154770,1d530992-28bf-4066-ab48-a5d94f5f8715,67d8b4ad-4640-43f2-9c53-6b4929f30103,4,
5ebedea0-e783-42a4-a76f-63ab74431147,1d530992-28bf-4066-ab48-a5d94f5f8715,2752b069-f76a-4957-8807-6237a31f6d2c,3,Sample English review 756.
52764dce-4ed3-40aa-aa56-1bf4db01b927,1d530992-28bf-4066-ab48-a5d94f5f8715,9008a579-51a2-4cde-80db-8e277bfd15c0,5,Sample English review 757.
7c93f192-1af4-4676-9a08-d56fd8c740f0,1d530992-28bf-4066-ab48-a5d94f5f8715,cb55c939-b208-4183-9cac-dc086cdad4ea,10,
8639cc9b-d646-4d1a-9b33-2e5ad5f26bab,1d530992-28bf-4066-ab48-a5d94f5f8715,6d0ed363-2c1a-43f7-958a-0e0cb6ea3e49,9,
da494970-7f9f-42ab-ad87-8fe0cbd55775,1d530992-28bf-4066-ab48-a5d94f5f8715,99f6f5c3-1cb9-4fe1-ab1a-aa9c1d16dbd0,4,Sample English review 760.
733e63d7-ff0d-4784-bd20-dea7e2aedc64,1d530992-28bf-4066-ab48-a5d94f5f8715,67021090-97c3-44f2-82ed-cf5f65828f38,1,Sample English review 761.
ec211e3d-a725-485c-a948-e0f3b12f09b9,1d530992-28bf-4066-ab48-a5d94f5f8715,3c16d474-f898-4cfe-b924-7c38bea20d5c,6,Sample English review 762.
73eb9d2b-053a-4455-b176-1cd0b53019e2,1d530992-28bf-4066-ab48-a5d94f5f8715,ac393398-9266-4f9c-8a2d-d14ae2aa114e,4,Sample English review 763.
9e17df8e-e81a-4150-9574-c7d421f5d7d2,1d530992-28bf-4066-ab48-a5d94f5f8715,f9a7e8ba-2326-4fd7-b228-98060197c4f6,6,Sample English review 764.
10cc8a1f-28c5-4812-9de6-550c4a516451,1d530992-28bf-4066-ab48-a5d94f5f8715,d3206088-b25a-455a-9323-1c8d5829b0b0,7,Sample English review 765.
507f0616-5f04-4b93-bb1d-e0b36b9289c5,1d530992-28bf-4066-ab48-a5d94f5f8715,37887751-4d47-4e5c-98fd-9fa0dc90314c,7,Sample English review 766.
d5b41de9-6531-4139-a992-2c3aceb53b55,1d530992-28bf-4066-ab48-a5d94f5f8715,cf58157c-eee8-4cb1-af62-820e7aadb847,8,Sample English review 767.
99d1a460-851b-433b-900e-bb9f4a5ac4a1,1d530992-28bf-4066-ab48-a5d94f5f8715,23855b90-cb3b-4533-a756-bab9bb81426e,10,Sample English review 768.
2adec909-6eff-454f-894c-d0840a18e9f1,1d530992-28bf-4066-ab48-a5d94f5f8715,69a62e24-d225-4d89-94b5-ae7f906b57dc,3,Sample English review 769.
4e30a0fc-a3a2-4dc5-aff7-17fa9c833cd1,1d530992-28bf-4066-ab48-a5d94f5f8715,6dc440b0-7d0d-4e8c-8dfa-aacb16c25536,4,Sample English review 770.
ecf493a9-f13e-4f06-aa2a-9fc0b88c9136,1d530992-28bf-4066-ab48-a5d94f5f8715,08c2602d-87d3-4851-b7fb-2bad244b5357,1,
7ef54cc7-298a-4cf1-b052-c8a2a1b85e1b,12797d9d-d2ce-4e55-b196-771d8bd793d0,ccda4639-3814-4892-99ea-7aa00cd42d49,1,Sample English review 772.
27d4f19d-1ca5-42d8-9785-6483c251defb,12797d9d-d2ce-4e55-b196-771d8bd793d0,f4fa3e26-130b-42f5-8e08-2d4f884e080d,6,
a037c0d3-9e39-4d0f-b116-626045b5f4c3,12797d9d-d2ce-4e55-b196-771d8bd793d0,cf58157c-eee8-4cb1-af62-820e7aadb847,6,Sample English review 774.
2938c8ac-25b8-4ee0-a843-cf9bfdfb189e,12797d9d-d2ce-4e55-b196-771d8bd793d0,d51ce7b5-dd79-4d62-93c4-4a7cff3d22e3,7,
38091b5d-209c-40f3-ba64-dcd595266e0e,12797d9d-d2ce-4e55-b196-771d8bd793d0,3ea805cf-d96a-4098-9682-f85f57267e43,7,Sample English review 776.
0636f426-d19e-4126-88a6-c1fe343898dd,12797d9d-d2ce-4e55-b196-771d8bd793d0,08c2602d-87d3-4851-b7fb-2bad244b5357,5,
901e9969-a2b3-4d7c-b75b-1825412f71ba,b3f437ee-ce0f-4ad8-8436-676060e62da1,1f2f5550-69ee-4ec3-82d2-d6cf2d0fc05c,3,Sample English review 778.
a3f75482-d2d7-4d35-8eee-3a161f3c908b,b3f437ee-ce0f-4ad8-8436-676060e62da1,24ce7888-3716-43b8-9d28-4239e17abe25,7,Sample English review 779.
1fcfb3db-653a-4f2d-9af1-76202a25d178,b3f437ee-ce0f-4ad8-8436-676060e62da1,b51a7d8d-dbc7-426e-9013-dd2124a444bb,9,Sample English review 780.
bc7af125-7884-4dea-9c05-3e73111bcad4,b3f437ee-ce0f-4ad8-8436-676060e62da1,3844a965-19f9-41ec-9515-28393113f8c8,6,Sample English review 781.
0f3166a4-623a-4027-a103-7744c2b4e86e,b3f437ee-ce0f-4ad8-8436-676060e62da1,ecdbf5f6-ea6e-48ad-8cf1-165f8682b135,8,
2471d100-6b92-47c3-9bc0-212caa5db51f,b3f437ee-ce0f-4ad8-8436-676060e62da1,2752b069-f76a-4957-8807-6237a31f6d2c,3,Sample English review 783.
e9e51504-9c38-401b-b66f-7bffd62adcdf,b3f437ee-ce0f-4ad8-8436-676060e62da1,47ae8c16-2d72-4c6b-8a12-3dac47db6ed7,3,Sample English review 784.
e47d81cd-b196-4bd7-a3b9-94a3e628e082,b3f437ee-ce0f-4ad8-8436-676060e62da1,69a62e24-d225-4d89-94b5-ae7f906b57dc,6,
4387deda-3c72-43e8-8318-e4cecf221c5a,b3f437ee-ce0f-4ad8-8436-676060e62da1,47aa0eb4-151b-4307-b50f-cdd5a44970fd,5,
65ce8b6e-1cef-4b2d-8be3-a87f47bfbf61,b3f437ee-ce0f-4ad8-8436-676060e62da1,2fd567ca-8efe-4948-bebd-a1a56f976d42,6,
9ff2879a-1fe0-429e-a002-0063151faeb0,b3f437ee-ce0f-4ad8-8436-676060e62da1,21bf0f34-fea3-4cb9-b9a7-94e72ffacc8a,10,Sample English review 788.
c07dffa0-6ba2-48c4-8c19-e1425434108b,b3f437ee-ce0f-4ad8-8436-676060e62da1,6d0ed363-2c1a-43f7-958a-0e0cb6ea3e49,10,Sample English review 789.
13c4d64f-634d-4de8-85d4-001824cc2c91,e5ff450b-41fe-4cd1-827e-962ea41913ce,67021090-97c3-44f2-82ed-cf5f65828f38,9,Sample English review 790.
6729d31e-c2c7-4ed9-afa9-9c9fbda90696,e5ff450b-41fe-4cd1-827e-962ea41913ce,6d0ed363-2c1a-43f7-958a-0e0cb6ea3e49,2,
8594dd0a-c282-4afc-a75b-19652c7d9b20,59657eb4-1823-4a6f-ac48-0bb00d3d762e,9b151d62-177e-4736-b8e5-6cf69170f9dc,7,Sample English review 792.
ad2d58e7-90af-4a07-aa40-43fc1ef2b121,59657eb4-1823-4a6f-ac48-0bb00d3d762e,aa451009-5df5-4e3e-bce7-7ad1ac26b289,4,Sample English review 793.
87202a59-f0ab-4f98-9588-428bdbcf6053,59657eb4-1823-4a6f-ac48-0bb00d3d762e,e994bf32-d050-4e52-b334-5b6074b2a959,1,Sample English review 794.
bd3f378a-1031-444b-be16-75fe54ed6c39,288ac633-47de-4e1b-843b-fc5fee6565d2,0eda6729-995b-43a0-9a17-b89035543c47,10,Sample English review 795.
325faea3-14d9-46ce-9355-df00148f0ecf,288ac633-47de-4e1b-843b-fc5fee6565d2,b51a7d8d-dbc7-426e-9013-dd2124a444bb,10,Sample English review 796.
f3ccac5e-a510-4813-bba6-f32246f2f24d,288ac633-47de-4e1b-843b-fc5fee6565d2,2c417aef-cf61-4d18-ae06-06ba2317f36f,8,
5bd2ffe5-3fe3-4d05-91e8-f267bcc82d2c,288ac633-47de-4e1b-843b-fc5fee6565d2,7c08735f-311c-4060-9637-87bee6bf9673,2,Sample English review 798.
6c48ac3b-747f-4105-93fc-8efc79d8154d,288ac633-47de-4e1b-843b-fc5fee6565d2,1444ba20-39ac-43a5-bccc-1cc41c2f03b1,6,Sample English review 799.
6538bd85-05d4-4229-89c6-04440f4990df,288ac633-47de-4e1b-843b-fc5fee6565d2,ac17d6c1-f9a9-42be-9c29-6670939d8d5e,10,Sample English review 800.
7bdc8ea2-9cb0-4c9a-ab3a-c3fae8073e61,288ac633-47de-4e1b-843b-fc5fee6565d2,9c0da375-3d5a-4608-b8c7-9e36139d6c33,6,Sample English review 801.
0b9fbd50-dde7-4a63-95a2-3ce564bd88b1,288ac633-47de-4e1b-843b-fc5fee6565d2,979d4dea-2a55-46c2-a9d1-95d1bd7fab87,4,
cf93ed3f-480f-4d34-82c1-f7e394bca759,288ac633-47de-4e1b-843b-fc5fee6565d2,67021090-97c3-44f2-82ed-cf5f65828f38,7,Sample English review 803.
aef92f77-bb4f-411a-bea1-bbb9caa1860c,288ac633-47de-4e1b-843b-fc5fee6565d2,8ff07004-cedb-4c53-a5dd-a034c6073f8e,7,Sample English review 804.
fd5d15cd-a4df-47ed-bcc3-59d9ed070629,288ac633-47de-4e1b-843b-fc5fee6565d2,74429405-c801-4e71-87cd-1d726e8cd8f7,4,Sample English review 805.
7e231bc4-2eed-41ca-9ea2-ddeb32a56797,288ac633-47de-4e1b-843b-fc5fee6565d2,f58f62f8-c6cd-4d19-adce-d4d1da14b149,8,
7b3e8fe1-6be5-45c2-adcc-d0d6af875113,288ac633-47de-4e1b-843b-fc5fee6565d2,4ad5c73a-5c99-4e98-9d90-0e03b0986909,4,Sample English review 807.
d339b43f-6ad7-4352-99bb-427577b6bccd,288ac633-47de-4e1b-843b-fc5fee6565d2,09901650-fe76-4f18-9bf9-e24256f4909e,7,
491df743-cfb3-4339-9748-2b8d471450c3,288ac633-47de-4e1b-843b-fc5fee6565d2,6d0ed363-2c1a-43f7-958a-0e0cb6ea3e49,7,Sample English review 809.
b8bf1677-b31e-4324-a9a7-3720620d574c,d48af087-86f5-4583-9418-52b37270e271,8ff07004-cedb-4c53-a5dd-a034c6073f8e,9,Sample English review 810.
d3cd45a0-ddbc-44bf-98a2-6be743ff001c,5c09cf8e-ebc4-446b-992e-ca2283f18369,1aa28ea9-5df1-4ce1-a2db-7524bfcfd4ee,3,Sample English review 811.
02f67c2d-1dcd-4293-af4b-b9ba8e613f9b,5c09cf8e-ebc4-446b-992e-ca2283f18369,ecab2181-cb9d-42f7-b110-65986cef6204,10,Sample English review 812.
52d8c69b-608c-4287-aafb-55cddb7d7955,5c09cf8e-ebc4-446b-992e-ca2283f18369,009bae3f-9085-415e-81bf-b86503fa9115,10,Sample English review 813.
68cd41f7-593d-4490-af35-e55a870d640a,5c09cf8e-ebc4-446b-992e-ca2283f18369,33b5c78e-cad2-4331-b9b9-a38ef8954dec,5,
7c571ed0-b94a-483e-91e2-4a1512be8b80,99f7eda8-7d36-446d-b3ce-32302bdf7021,5e77bfad-cca1-40e3-9460-368c94829eed,6,Sample English review 815.
e70733c4-db8a-4c58-9134-d67b60b79c98,99f7eda8-7d36-446d-b3ce-32302bdf7021,23855b90-cb3b-4533-a756-bab9bb81426e,1,
8666b43f-f66a-4ed8-a350-021bcb34abee,99f7eda8-7d36-446d-b3ce-32302bdf7021,e9774607-8354-4ac8-adcf-f72a1716c51b,3,Sample English review 817.
b3dd6ee8-6326-4899-b3a5-0b00d7915277,99f7eda8-7d36-446d-b3ce-32302bdf7021,fd530ba8-7ae3-47c6-b384-a6b01df494cb,8,Sample English review 818.
b9288f95-d84f-49dc-93a6-a1369bf86fa6,99f7eda8-7d36-446d-b3ce-32302bdf7021,e994bf32-d050-4e52-b334-5b6074b2a959,8,Sample English review 819.
a85e8ddc-a658-4c2d-a653-df3baa2f4410,99f7eda8-7d36-446d-b3ce-32302bdf7021,08c2602d-87d3-4851-b7fb-2bad244b5357,10,
115c0c26-2a3e-4b9b-8d42-15bbf65c4120,99f7eda8-7d36-446d-b3ce-32302bdf7021,afc8c392-95b3-4506-8d6c-719f96692939,9,Sample English review 821.
8cbc6101-9649-4ff3-96b8-38dddb0ff82c,99f7eda8-7d36-446d-b3ce-32302bdf7021,3c16d474-f898-4cfe-b924-7c38bea20d5c,3,
8fb799ef-9486-4dd3-8b25-304bdf0c1d98,99f7eda8-7d36-446d-b3ce-32302bdf7021,ebaef81b-0f73-4e06-bb20-5ef173be29af,5,Sample English review 823.
edd65aef-71e4-41b5-9ccb-29934bdabe3d,99f7eda8-7d36-446d-b3ce-32302bdf7021,f4fa3e26-130b-42f5-8e08-2d4f884e080d,6,
58132f11-21ac-4cff-9cee-1718b1a0ddba,99f7eda8-7d36-446d-b3ce-32302bdf7021,d3206088-b25a-455a-9323-1c8d5829b0b0,2,Sample English review 825.
f8166d50-3dd9-4313-9796-e27b42af8829,99f7eda8-7d36-446d-b3ce-32302bdf7021,e52406b3-6af5-42dc-a087-fe3f73c2cb30,5,
8d567d8a-1fe0-4f10-8bce-640d25e8b9f4,99f7eda8-7d36-446d-b3ce-32302bdf7021,ac393398-9266-4f9c-8a2d-d14ae2aa114e,3,Sample English review 827.
b06beef3-2dc1-4c8a-8812-fb694459e9a6,99f7eda8-7d36-446d-b3ce-32302bdf7021,ccda4639-3814-4892-99ea-7aa00cd42d49,8,
05e854dc-ffe6-415e-9aa5-fb352d6f7c29,99f7eda8-7d36-446d-b3ce-32302bdf7021,6d0ed363-2c1a-43f7-958a-0e0cb6ea3e49,9,
463adfea-2275-4188-9a14-fd732b4597cc,99f7eda8-7d36-446d-b3ce-32302bdf7021,c3820118-4994-4049-8719-6d71466870fe,6,Sample English review 830.
eadd7509-8d81-4fa2-97ed-ee9e7180d039,99f7eda8-7d36-446d-b3ce-32302bdf7021,74429405-c801-4e71-87cd-1d726e8cd8f7,1,
956df2a7-6835-4473-8f0d-d1c64f616382,99f7eda8-7d36-446d-b3ce-32302bdf7021,1b7592f5-0e3c-4c80-b5a2-4bd6f1157cba,6,
10fa956d-e391-406c-9a29-3d78e6b66888,99f7eda8-7d36-446d-b3ce-32302bdf7021,0db8d5e2-1888-4d9f-a451-2f6e2a3e0f7d,7,
268ad3db-c66d-483e-b166-e3bf0bb80cd0,99f7eda8-7d36-446d-b3ce-32302bdf7021,3e78c42e-79c6-46a5-84ba-afca64de824b,4,Sample English review 834.
f0bcd9c1-6e85-443a-8f88-6df699d6feff,e213ac86-f26d-4130-be2e-9ad5dccc0aa3,3e78c42e-79c6-46a5-84ba-afca64de824b,5,Sample English review 835.
febe663f-91f2-4446-8c51-154693eb4f11,e213ac86-f26d-4130-be2e-9ad5dccc0aa3,7338dd63-a1d1-4e74-9759-cd17bae3c0d8,8,
bac6297c-f5ae-4580-bb93-d2bfb52b54ab,e213ac86-f26d-4130-be2e-9ad5dccc0aa3,05de5279-613f-4b9e-b38d-1e4203d75c1a,8,
046671cf-001f-4626-a35e-e384a2e6fbc5,e213ac86-f26d-4130-be2e-9ad5dccc0aa3,3c16d474-f898-4cfe-b924-7c38bea20d5c,1,Sample English review 838.
f2dc47db-81ed-493a-88ca-d65421434e39,e213ac86-f26d-4130-be2e-9ad5dccc0aa3,708f4f48-f883-4f49-97ee-2c0a91c249de,2,
d0e70a44-0722-424b-be18-b360154ec48f,e213ac86-f26d-4130-be2e-9ad5dccc0aa3,d3206088-b25a-455a-9323-1c8d5829b0b0,3,Sample English review 840.
b949920f-fcaa-4168-9b29-a0141ba6e897,e213ac86-f26d-4130-be2e-9ad5dccc0aa3,21bf0f34-fea3-4cb9-b9a7-94e72ffacc8a,1,Sample English review 841.
2728a3cc-49c8-4a51-b04d-4e67807182d9,e213ac86-f26d-4130-be2e-9ad5dccc0aa3,6358f21d-d22d-4f6c-b15e-7a1b7ba90800,9,
33fbbfa3-cce3-4218-b7a5-2c767ebd63d6,e213ac86-f26d-4130-be2e-9ad5dccc0aa3,ac17d6c1-f9a9-42be-9c29-6670939d8d5e,6,Sample English review 843.
4c7ad616-c7fa-43b6-a20e-747c44557ca9,e213ac86-f26d-4130-be2e-9ad5dccc0aa3,09901650-fe76-4f18-9bf9-e24256f4909e,2,Sample English review 844.
1250c42f-f34a-484a-99b3-066ee202bc78,e213ac86-f26d-4130-be2e-9ad5dccc0aa3,2c417aef-cf61-4d18-ae06-06ba2317f36f,6,Sample English review 845.
4cf6c44f-f90e-4237-bad1-bb49f8fecf74,e213ac86-f26d-4130-be2e-9ad5dccc0aa3,62531f1e-00a6-4fce-ab03-320c8c0852e8,3,Sample English review 846.
0c392534-915e-49d0-8833-157e16c6d10d,e213ac86-f26d-4130-be2e-9ad5dccc0aa3,8ff07004-cedb-4c53-a5dd-a034c6073f8e,10,
9619cffe-28a0-4462-bc9e-d91663c66de6,e213ac86-f26d-4130-be2e-9ad5dccc0aa3,2d56957e-9087-4750-8598-9d99f1933845,2,Sample English review 848.
72cf80f9-a1f7-4929-9e5c-fa312195e290,e213ac86-f26d-4130-be2e-9ad5dccc0aa3,138aca2e-a48d-46a6-ac06-c902efe4fd18,1,Sample English review 849.
3f92812c-92a3-485f-9912-eb0db640ff36,e213ac86-f26d-4130-be2e-9ad5dccc0aa3,ebaef81b-0f73-4e06-bb20-5ef173be29af,9,Sample English review 850.
e27c6db6-7b2d-40b5-b1f8-00a0dc378f37,e213ac86-f26d-4130-be2e-9ad5dccc0aa3,af3763b7-7954-464c-8287-33c652eaced6,8,
97bc31fd-c361-4439-a0cf-76d94f4d1fb7,087f4e98-52a8-40cb-a550-2ae265ef0ed1,81de516b-9d80-447a-a5f3-7f542dab2e6f,5,
c45e20c5-57c8-40fa-a21e-10785256f0d5,087f4e98-52a8-40cb-a550-2ae265ef0ed1,cb55c939-b208-4183-9cac-dc086cdad4ea,1,Sample English review 853.
3f24762a-b732-4049-a086-37719a6e94fa,087f4e98-52a8-40cb-a550-2ae265ef0ed1,3c16d474-f898-4cfe-b924-7c38bea20d5c,2,
b7b88159-6e70-4da0-aeaf-784a6f874057,087f4e98-52a8-40cb-a550-2ae265ef0ed1,4ad5c73a-5c99-4e98-9d90-0e03b0986909,4,Sample English review 855.
680eeeb0-4b11-4c2c-825f-a52c8b21b230,087f4e98-52a8-40cb-a550-2ae265ef0ed1,0c6967ae-a4d8-4920-9d51-c7d95b61d752,4,Sample English review 856.
2d3cd10f-dd17-4fb5-90fa-b5b3962f7b41,087f4e98-52a8-40cb-a550-2ae265ef0ed1,2d56957e-9087-4750-8598-9d99f1933845,2,Sample English review 857.
21afe17d-8f38-4cdb-a360-350473683e8f,087f4e98-52a8-40cb-a550-2ae265ef0ed1,f58f62f8-c6cd-4d19-adce-d4d1da14b149,7,Sample English review 858.
6d92102e-186c-4d2e-9989-2688d0f8bf01,087f4e98-52a8-40cb-a550-2ae265ef0ed1,74429405-c801-4e71-87cd-1d726e8cd8f7,3,
04fb9e61-7695-47d2-b8ea-176de56b369a,087f4e98-52a8-40cb-a550-2ae265ef0ed1,1444ba20-39ac-43a5-bccc-1cc41c2f03b1,7,Sample English review 860.
1949b244-027a-4ac6-ae4c-52b2a46b12b6,087f4e98-52a8-40cb-a550-2ae265ef0ed1,ac393398-9266-4f9c-8a2d-d14ae2aa114e,3,
978bed21-ec1a-42ef-afe8-0af6a5ff60ad,087f4e98-52a8-40cb-a550-2ae265ef0ed1,5e77bfad-cca1-40e3-9460-368c94829eed,3,Sample English review 862.
e4d64b91-771c-4689-8e63-d59a13b68aab,087f4e98-52a8-40cb-a550-2ae265ef0ed1,9bc42e46-67c9-447f-be78-4ae50e491d93,3,
6af4c628-85c2-48c4-b97e-76026f535a5b,087f4e98-52a8-40cb-a550-2ae265ef0ed1,cf58157c-eee8-4cb1-af62-820e7aadb847,4,Sample English review 864.
5b43e574-5cc8-4d09-92a6-0dc2ffaa6b1a,087f4e98-52a8-40cb-a550-2ae265ef0ed1,722c5ad2-9175-4d47-9f8a-d10e496d97f8,2,Sample English review 865.
9946df3e-a2eb-49c3-ac38-9d101d0dd872,087f4e98-52a8-40cb-a550-2ae265ef0ed1,7c01f309-b5b4-4962-843f-9698ce3ede17,9,
70e97948-063a-4e60-a1e5-639d13899b28,087f4e98-52a8-40cb-a550-2ae265ef0ed1,69a62e24-d225-4d89-94b5-ae7f906b57dc,10,Sample English review 867.
a3879be7-8e39-4b79-8aed-db4a9692d24f,087f4e98-52a8-40cb-a550-2ae265ef0ed1,77ae4c44-0946-4323-afdc-9932fc01f4c6,3,Sample English review 868.
91f22914-de30-4b48-a9e4-2e1b129938fe,087f4e98-52a8-40cb-a550-2ae265ef0ed1,3ea805cf-d96a-4098-9682-f85f57267e43,7,Sample English review 869.
97a22cc8-c4b8-4930-a289-bc95a5d1935b,087f4e98-52a8-40cb-a550-2ae265ef0ed1,7c08735f-311c-4060-9637-87bee6bf9673,6,Sample English review 870.
c5073e49-d002-4eb6-a5f8-9eff259a9d3b,087f4e98-52a8-40cb-a550-2ae265ef0ed1,8ff07004-cedb-4c53-a5dd-a034c6073f8e,7,Sample English review 871.
60261533-15ed-4843-817c-d5a02cb9b41c,087f4e98-52a8-40cb-a550-2ae265ef0ed1,05de5279-613f-4b9e-b38d-1e4203d75c1a,10,Sample English review 872.
d673ceb0-4b21-43be-bfc5-f5d78a756396,644da957-e99c-4be7-9bf6-f3b904ec9ede,99f8ef2d-c0e8-4290-83a6-b460677b198d,5,
066fe514-f088-4512-a862-92e46618b829,644da957-e99c-4be7-9bf6-f3b904ec9ede,3ea805cf-d96a-4098-9682-f85f57267e43,9,Sample English review 874.
bfa4ccfb-515f-4c90-a2f9-865bdefe330d,644da957-e99c-4be7-9bf6-f3b904ec9ede,69a62e24-d225-4d89-94b5-ae7f906b57dc,2,Sample English review 875.
29d81e69-95e5-42c9-bd16-e9a298dd3225,644da957-e99c-4be7-9bf6-f3b904ec9ede,ecab2181-cb9d-42f7-b110-65986cef6204,5,Sample English review 876.
f4d36bdd-47cb-46a6-b501-d279a4cf4af2,644da957-e99c-4be7-9bf6-f3b904ec9ede,74429405-c801-4e71-87cd-1d726e8cd8f7,2,Sample English review 877.
55876293-87fd-43f1-a51e-089cd8e8211f,644da957-e99c-4be7-9bf6-f3b904ec9ede,d51ce7b5-dd79-4d62-93c4-4a7cff3d22e3,7,
786684c6-c4d9-4fe6-b265-542d16811f62,644da957-e99c-4be7-9bf6-f3b904ec9ede,722c5ad2-9175-4d47-9f8a-d10e496d97f8,2,
0cd7e639-4a79-4857-a032-e412fd2b674f,644da957-e99c-4be7-9bf6-f3b904ec9ede,f58f62f8-c6cd-4d19-adce-d4d1da14b149,6,
eab87f3b-9d0c-4ea9-858c-eb552721ac1a,644da957-e99c-4be7-9bf6-f3b904ec9ede,7338dd63-a1d1-4e74-9759-cd17bae3c0d8,4,Sample English review 881.
f79e6625-599b-447b-b89f-8a1d05dfb915,644da957-e99c-4be7-9bf6-f3b904ec9ede,e52406b3-6af5-42dc-a087-fe3f73c2cb30,9,Sample English review 882.
8b52d8ba-500f-4090-b755-91906fe4d5c8,3033486f-ad9e-4294-a8f2-eaaadfdeda55,47ae8c16-2d72-4c6b-8a12-3dac47db6ed7,5,
3ed2a842-86e7-4754-95de-2294ebcfb63c,3033486f-ad9e-4294-a8f2-eaaadfdeda55,9008a579-51a2-4cde-80db-8e277bfd15c0,2,
3b991eb2-1479-41d0-8f4a-face55e7f50b,3033486f-ad9e-4294-a8f2-eaaadfdeda55,1b3bae68-e409-4055-a2c3-d5f42604c9b1,8,
c63b490b-5e2b-44ee-8e14-a4b16de3baf1,3033486f-ad9e-4294-a8f2-eaaadfdeda55,5fb1457b-691f-48fd-aeca-0103d0a88833,5,Sample English review 886.
d827e144-1734-4755-9e39-7e83311a83fc,3033486f-ad9e-4294-a8f2-eaaadfdeda55,d3206088-b25a-455a-9323-1c8d5829b0b0,6,
206e1078-caf3-42ff-bcf0-0be2c59d1210,3033486f-ad9e-4294-a8f2-eaaadfdeda55,9c0da375-3d5a-4608-b8c7-9e36139d6c33,2,Sample English review 888.
7586ee34-cd4f-468e-b514-9b03a49094f1,3033486f-ad9e-4294-a8f2-eaaadfdeda55,f58f62f8-c6cd-4d19-adce-d4d1da14b149,1,Sample English review 889.
4b4a6394-f4ec-4c3e-8b62-dc7ab75d14c6,3033486f-ad9e-4294-a8f2-eaaadfdeda55,2c417aef-cf61-4d18-ae06-06ba2317f36f,4,Sample English review 890.
ab3d0b2e-bbeb-4485-9f2b-8b0809c2d151,3033486f-ad9e-4294-a8f2-eaaadfdeda55,3844a965-19f9-41ec-9515-28393113f8c8,1,
e75b94bf-44ba-49ed-9bec-31e224b21887,f943c21f-1a4e-4afc-861a-026723402797,aa451009-5df5-4e3e-bce7-7ad1ac26b289,7,Sample English review 892.
edc2c427-43b8-411e-afa4-3ddf1b2d1f70,f943c21f-1a4e-4afc-861a-026723402797,81de516b-9d80-447a-a5f3-7f542dab2e6f,3,Sample English review 893.
ad0f6f88-6d56-49d8-b5e1-88e0ceb730c0,f943c21f-1a4e-4afc-861a-026723402797,4072477a-0e21-47ca-9a86-73f662b98398,8,
a5cf36a8-e688-4f5f-88ff-96ab2318a3d5,f943c21f-1a4e-4afc-861a-026723402797,2752b069-f76a-4957-8807-6237a31f6d2c,2,
5b727143-5c8d-4132-8373-1e747fe0083f,f943c21f-1a4e-4afc-861a-026723402797,f58f62f8-c6cd-4d19-adce-d4d1da14b149,5,
a94afaa6-25f5-4306-a0cd-8ff8dd3c1877,f943c21f-1a4e-4afc-861a-026723402797,502dde18-86e1-4b5c-88c2-8010d067ede7,1,Sample English review 897.
3a34a494-fee1-4fe5-9db3-32a82e41c973,f943c21f-1a4e-4afc-861a-026723402797,ecdbf5f6-ea6e-48ad-8cf1-165f8682b135,8,Sample English review 898.
1065692b-0eac-4aa0-940b-ce2abc4370a4,f943c21f-1a4e-4afc-861a-026723402797,ecab2181-cb9d-42f7-b110-65986cef6204,7,Sample English review 899.
2235c3cf-6742-4237-b871-86e772c133b7,f943c21f-1a4e-4afc-861a-026723402797,fd530ba8-7ae3-47c6-b384-a6b01df494cb,4,Sample English review 900.
cf55f383-be24-4d7d-ba32-10a40cab0ce2,f943c21f-1a4e-4afc-861a-026723402797,69a62e24-d225-4d89-94b5-ae7f906b57dc,4,
0d5d1dd0-e59e-4aee-9476-ad18a22d3566,f943c21f-1a4e-4afc-861a-026723402797,425035ef-0093-422c-a760-2740c95f4457,2,
078faff9-6b40-4a36-a919-abd4083e579c,f943c21f-1a4e-4afc-861a-026723402797,67021090-97c3-44f2-82ed-cf5f65828f38,8,Sample English review 903.
978e0080-29f0-4c19-a9d4-4185075c0370,f943c21f-1a4e-4afc-861a-026723402797,a3128f74-4fcf-4cae-b2db-d585516780d1,8,
f69b00d8-b176-439c-b8ee-1c4193292a41,f943c21f-1a4e-4afc-861a-026723402797,1b3bae68-e409-4055-a2c3-d5f42604c9b1,1,Sample English review 905.
5a53fef4-e1e6-4e6e-9645-8e5b577a071e,f943c21f-1a4e-4afc-861a-026723402797,23855b90-cb3b-4533-a756-bab9bb81426e,7,Sample English review 906.
0efe1e4b-897f-420d-b801-cfb9b7f3cbb8,f943c21f-1a4e-4afc-861a-026723402797,2fd567ca-8efe-4948-bebd-a1a56f976d42,8,Sample English review 907.
a2153921-4c36-4441-b552-9d5d6115b9b2,f943c21f-1a4e-4afc-861a-026723402797,9008a579-51a2-4cde-80db-8e277bfd15c0,8,
8a02bf5d-a2fa-4ec2-9d9e-960a96d0eed6,f943c21f-1a4e-4afc-861a-026723402797,138aca2e-a48d-46a6-ac06-c902efe4fd18,6,Sample English review 909.
32b514f4-2323-4aec-a6db-bfc4d3b10435,f943c21f-1a4e-4afc-861a-026723402797,0db8d5e2-1888-4d9f-a451-2f6e2a3e0f7d,4,Sample English review 910.
e9fb79a3-fc4c-4865-8cca-b5041ab29515,f943c21f-1a4e-4afc-861a-026723402797,e994bf32-d050-4e52-b334-5b6074b2a959,7,
5bef22d8-134d-4196-83f0-a3361b15043d,f943c21f-1a4e-4afc-861a-026723402797,2d56957e-9087-4750-8598-9d99f1933845,4,Sample English review 912.
ecc121c4-7f28-4dee-a2d6-e6eec5d7192d,542b79ff-f050-431c-b0dd-14aec4ae9a6c,2c417aef-cf61-4d18-ae06-06ba2317f36f,1,Sample English review 913.
57b78fde-9449-408f-a526-2576b14fb105,542b79ff-f050-431c-b0dd-14aec4ae9a6c,009bae3f-9085-415e-81bf-b86503fa9115,8,Sample English review 914.
b8899263-6113-4fb6-9f18-98ecd0d11e6a,542b79ff-f050-431c-b0dd-14aec4ae9a6c,ecab2181-cb9d-42f7-b110-65986cef6204,10,Sample English review 915.
768e4efd-f5a9-4042-80f1-c7ae3c047fe7,542b79ff-f050-431c-b0dd-14aec4ae9a6c,0c6967ae-a4d8-4920-9d51-c7d95b61d752,4,Sample English review 916.
8eb25c19-d4c5-49b8-9220-29d7545ad6eb,542b79ff-f050-431c-b0dd-14aec4ae9a6c,e9774607-8354-4ac8-adcf-f72a1716c51b,7,Sample English review 917.
d4d6e21c-ab3d-41ce-bd98-7ed3be89a6cf,542b79ff-f050-431c-b0dd-14aec4ae9a6c,09dc474c-41e1-47c7-bd11-8bcc61aba3cc,4,Sample English review 918.
c7b11d4b-1370-48ca-94ee-68a59ddd15f6,542b79ff-f050-431c-b0dd-14aec4ae9a6c,09876245-335b-4ddd-bdbf-a33e23abc2fb,10,Sample English review 919.
a522e8c0-15ae-4d0e-a0f9-fde2361cfcec,542b79ff-f050-431c-b0dd-14aec4ae9a6c,9008a579-51a2-4cde-80db-8e277bfd15c0,8,Sample English review 920.
7bcbce46-b21b-4018-b0a1-8e830bba0293,542b79ff-f050-431c-b0dd-14aec4ae9a6c,2752b069-f76a-4957-8807-6237a31f6d2c,10,Sample English review 921.
4741978c-1cbb-4588-a576-9a9b30ab8a11,542b79ff-f050-431c-b0dd-14aec4ae9a6c,502dde18-86e1-4b5c-88c2-8010d067ede7,3,Sample English review 922.
31d410cb-cf96-4382-a2a4-8d3dea32b738,542b79ff-f050-431c-b0dd-14aec4ae9a6c,5fb1457b-691f-48fd-aeca-0103d0a88833,3,Sample English review 923.
3f7a38fa-f36b-4991-ae6c-a8968bc7047d,542b79ff-f050-431c-b0dd-14aec4ae9a6c,6d0ed363-2c1a-43f7-958a-0e0cb6ea3e49,2,
a1fd0033-3098-4cc1-9417-d3fd79870c85,542b79ff-f050-431c-b0dd-14aec4ae9a6c,99f6f5c3-1cb9-4fe1-ab1a-aa9c1d16dbd0,7,
f4e903b4-6570-430a-b882-c43176356c0e,542b79ff-f050-431c-b0dd-14aec4ae9a6c,3ea805cf-d96a-4098-9682-f85f57267e43,5,Sample English review 926.
51cdd0f0-bc0c-4728-8dba-5379fb7147ce,542b79ff-f050-431c-b0dd-14aec4ae9a6c,138aca2e-a48d-46a6-ac06-c902efe4fd18,1,Sample English review 927.
cd30806d-9390-4fc2-9c2d-57de8f9665e1,542b79ff-f050-431c-b0dd-14aec4ae9a6c,81d5edb0-d9b4-4d01-968c-8eda5f5b6a03,8,Sample English review 928.
49047d73-30f8-4627-8dbd-e1fe1b078be4,542b79ff-f050-431c-b0dd-14aec4ae9a6c,9bc42e46-67c9-447f-be78-4ae50e491d93,4,
37e20057-610d-494a-b272-c917e714826e,542b79ff-f050-431c-b0dd-14aec4ae9a6c,3e78c42e-79c6-46a5-84ba-afca64de824b,1,Sample English review 930.
63e4009d-d56b-427b-b90f-163d747bed3b,542b79ff-f050-431c-b0dd-14aec4ae9a6c,2d56957e-9087-4750-8598-9d99f1933845,8,
cbb82020-8dd4-4d01-ab0a-735fae4b0cfd,542b79ff-f050-431c-b0dd-14aec4ae9a6c,33b5c78e-cad2-4331-b9b9-a38ef8954dec,8,Sample English review 932.
cece374b-d50c-4493-941e-7e4313d8035b,542b79ff-f050-431c-b0dd-14aec4ae9a6c,1444ba20-39ac-43a5-bccc-1cc41c2f03b1,9,Sample English review 933.
ea694d99-61fa-45ee-ad7d-6e591db66d48,d746785c-92bd-4fe8-af80-f6b80b1722ec,7338dd63-a1d1-4e74-9759-cd17bae3c0d8,10,Sample English review 934.
0fb34506-a1d8-4c55-b36f-7ad0d86dd4dd,d746785c-92bd-4fe8-af80-f6b80b1722ec,09901650-fe76-4f18-9bf9-e24256f4909e,3,Sample English review 935.
12a11593-d1f2-438e-a75e-b6bf17ab2b13,d746785c-92bd-4fe8-af80-f6b80b1722ec,5e77bfad-cca1-40e3-9460-368c94829eed,8,Sample English review 936.
d920907f-63f8-4d81-8e2e-9559e49965f9,d746785c-92bd-4fe8-af80-f6b80b1722ec,34e41375-9db2-4e92-9f7d-76f36353f4e6,7,Sample English review 937.
e9bd9421-6892-43df-a01a-c15e042c24c6,d746785c-92bd-4fe8-af80-f6b80b1722ec,24ce7888-3716-43b8-9d28-4239e17abe25,2,
cdb145b2-a457-4078-9e59-c0353476f718,d746785c-92bd-4fe8-af80-f6b80b1722ec,4edba6e8-c8d9-4fe2-a682-124b91f87604,5,Sample English review 939.
f47625f8-09c8-4cc8-9628-2cb99dbf1f3d,d746785c-92bd-4fe8-af80-f6b80b1722ec,708f4f48-f883-4f49-97ee-2c0a91c249de,7,
50105d0c-6cdb-42f7-911a-3bd1e741a603,d746785c-92bd-4fe8-af80-f6b80b1722ec,009bae3f-9085-415e-81bf-b86503fa9115,5,Sample English review 941.
c7ba44b6-0bf0-4c73-9dd1-30857fd751b0,d746785c-92bd-4fe8-af80-f6b80b1722ec,427354fb-8736-4fd4-9ea1-30b98d1974e7,8,Sample English review 942.
5bf1e05f-0636-4bae-9516-ef0cd73e5386,d746785c-92bd-4fe8-af80-f6b80b1722ec,6c34f6f7-2682-4513-951e-96f325e7eb19,7,Sample English review 943.
01ec7bc8-a42e-40d3-9428-607be996d896,d746785c-92bd-4fe8-af80-f6b80b1722ec,2c417aef-cf61-4d18-ae06-06ba2317f36f,9,Sample English review 944.
b933c8c2-c15e-4fea-a9cd-9c0d19c2ea70,d746785c-92bd-4fe8-af80-f6b80b1722ec,1444ba20-39ac-43a5-bccc-1cc41c2f03b1,7,Sample English review 945.
430cb489-48d5-4a19-bc1f-e1aee6793ad8,d746785c-92bd-4fe8-af80-f6b80b1722ec,47aa0eb4-151b-4307-b50f-cdd5a44970fd,9,Sample English review 946.
edd45c90-c2cb-4c28-925d-184a79781de0,d746785c-92bd-4fe8-af80-f6b80b1722ec,d9b9480a-a1e4-49d4-b8b5-a28a761924b7,4,Sample English review 947.
a6820479-f1d1-436f-b8dd-729bad1adb55,d746785c-92bd-4fe8-af80-f6b80b1722ec,c3820118-4994-4049-8719-6d71466870fe,9,Sample English review 948.
0c112657-8ec3-4553-8324-d624e3d90e70,d746785c-92bd-4fe8-af80-f6b80b1722ec,d01b25df-fe4a-4617-b8b9-ee0c60db6556,9,
2a2c6cf9-6d4c-4e22-975d-9727b34ff27f,d746785c-92bd-4fe8-af80-f6b80b1722ec,e994bf32-d050-4e52-b334-5b6074b2a959,4,Sample English review 950.
2400eff8-8649-426b-8187-4f9305904b2c,d746785c-92bd-4fe8-af80-f6b80b1722ec,09dc474c-41e1-47c7-bd11-8bcc61aba3cc,1,Sample English review 951.
e33dd00c-72c9-4ba1-8cc7-c9fa2da01b70,d746785c-92bd-4fe8-af80-f6b80b1722ec,47ae8c16-2d72-4c6b-8a12-3dac47db6ed7,10,Sample English review 952.
b093d24f-7475-446a-9b37-e62181c52b42,d746785c-92bd-4fe8-af80-f6b80b1722ec,722c5ad2-9175-4d47-9f8a-d10e496d97f8,5,Sample English review 953.
7d890469-9e50-4073-a1fe-8aa4711ffca1,d746785c-92bd-4fe8-af80-f6b80b1722ec,69a62e24-d225-4d89-94b5-ae7f906b57dc,5,Sample English review 954.
87078bd2-261a-4362-bedc-c08b2b079281,d746785c-92bd-4fe8-af80-f6b80b1722ec,b3bb325c-6f93-4946-9d94-ca835b5be056,1,Sample English review 955.
f1102d22-bc21-453b-b04a-0551dd73dd34,a2af5a56-7044-466d-b0c9-eb7a89e6a2b4,8ff07004-cedb-4c53-a5dd-a034c6073f8e,3,Sample English review 956.
b06970d7-b18f-4f83-b5bf-0526d4f256b3,a2af5a56-7044-466d-b0c9-eb7a89e6a2b4,09876245-335b-4ddd-bdbf-a33e23abc2fb,3,Sample English review 957.
d939daff-6bec-4734-9e2f-482be78bd7d2,a2af5a56-7044-466d-b0c9-eb7a89e6a2b4,6358f21d-d22d-4f6c-b15e-7a1b7ba90800,3,
f3fb2422-bc84-42a3-89bd-04f8dc7656fb,a2af5a56-7044-466d-b0c9-eb7a89e6a2b4,1aa28ea9-5df1-4ce1-a2db-7524bfcfd4ee,6,Sample English review 959.
8ce976c8-c1d4-4d13-9f67-1d3b1c8814cd,a6c69ce9-edff-4dc9-ab11-1dadf04dcca4,af3763b7-7954-464c-8287-33c652eaced6,5,Sample English review 960.
cb1ec3be-aca8-4665-b93e-5c2c409027b7,a6c69ce9-edff-4dc9-ab11-1dadf04dcca4,0c6967ae-a4d8-4920-9d51-c7d95b61d752,5,Sample English review 961.
6857e3eb-2141-41ee-aca1-d4d66ed52dff,a6c69ce9-edff-4dc9-ab11-1dadf04dcca4,0db8d5e2-1888-4d9f-a451-2f6e2a3e0f7d,9,Sample English review 962.
f83e3ea1-6314-46f0-8c7e-6f074ad802b8,a6c69ce9-edff-4dc9-ab11-1dadf04dcca4,33875037-f579-42ed-8aba-818a640c90d9,10,Sample English review 963.
8b510f58-f761-4d4c-acab-0173c29a4364,a6c69ce9-edff-4dc9-ab11-1dadf04dcca4,6dc440b0-7d0d-4e8c-8dfa-aacb16c25536,6,
70bd1d7a-1fdf-4898-96f0-73c7a9a16ff8,a6c69ce9-edff-4dc9-ab11-1dadf04dcca4,2d56957e-9087-4750-8598-9d99f1933845,4,Sample English review 965.
62bc2947-68cf-4bcc-b136-cfff0e5c8c42,a6c69ce9-edff-4dc9-ab11-1dadf04dcca4,47aa0eb4-151b-4307-b50f-cdd5a44970fd,7,Sample English review 966.
3054b762-9ac9-4f34-94ac-0b926a5b8f77,a6c69ce9-edff-4dc9-ab11-1dadf04dcca4,4ad5c73a-5c99-4e98-9d90-0e03b0986909,3,Sample English review 967.
adf14b0d-f803-4737-b33e-eb6204be9ddb,a6c69ce9-edff-4dc9-ab11-1dadf04dcca4,81de516b-9d80-447a-a5f3-7f542dab2e6f,3,Sample English review 968.
6cbcff64-a753-45ac-9ff5-26b870beaf14,a6c69ce9-edff-4dc9-ab11-1dadf04dcca4,009bae3f-9085-415e-81bf-b86503fa9115,2,Sample English review 969.
81ed6cf1-5823-4a99-8504-7a32e8ce2450,a6c69ce9-edff-4dc9-ab11-1dadf04dcca4,5e77bfad-cca1-40e3-9460-368c94829eed,1,Sample English review 970.
11182697-2fc5-4108-be5b-9797a681cad2,a6c69ce9-edff-4dc9-ab11-1dadf04dcca4,677a4d7a-ae9b-4bdb-a72f-67f73eba99c7,1,Sample English review 971.
203e178c-789f-4edd-b52b-d2c859856e69,a6c69ce9-edff-4dc9-ab11-1dadf04dcca4,cf58157c-eee8-4cb1-af62-820e7aadb847,10,
65ce3d98-33f0-468d-85e4-91ccc3f42181,a6c69ce9-edff-4dc9-ab11-1dadf04dcca4,99f8ef2d-c0e8-4290-83a6-b460677b198d,5,Sample English review 973.
d76beec1-c209-4fde-884e-52282ac8fee9,a6c69ce9-edff-4dc9-ab11-1dadf04dcca4,7338dd63-a1d1-4e74-9759-cd17bae3c0d8,4,
efe445a8-e8c0-4a44-b6f6-bc39979ece7c,a6c69ce9-edff-4dc9-ab11-1dadf04dcca4,09876245-335b-4ddd-bdbf-a33e23abc2fb,2,Sample English review 975.
1b7a9e2b-2ab4-4329-a188-75980681b564,a6c69ce9-edff-4dc9-ab11-1dadf04dcca4,f58f62f8-c6cd-4d19-adce-d4d1da14b149,10,
4b1ec9c9-94dd-4016-bc79-15e16c3d2b09,a6c69ce9-edff-4dc9-ab11-1dadf04dcca4,1aa28ea9-5df1-4ce1-a2db-7524bfcfd4ee,2,Sample English review 977.
85faf74b-7422-4e86-b24a-d967ebac9b7c,a6c69ce9-edff-4dc9-ab11-1dadf04dcca4,dac8e4dd-9f17-46ef-9865-5e025b74bf9a,10,
dc88e7a6-96de-4ac9-8b3d-548be817feb3,8eb4ea5e-e13c-4c66-b039-9fcf783601f0,34e41375-9db2-4e92-9f7d-76f36353f4e6,1,
5654a33a-1f7e-4468-af3b-cb8cbb8d04d4,8eb4ea5e-e13c-4c66-b039-9fcf783601f0,d9b9480a-a1e4-49d4-b8b5-a28a761924b7,8,Sample English review 980.
7278e096-6d6a-4be3-8e14-f63b2d657c10,8eb4ea5e-e13c-4c66-b039-9fcf783601f0,3e78c42e-79c6-46a5-84ba-afca64de824b,1,Sample English review 981.
8c27ce76-ad8a-428d-be87-c22275ef4645,8eb4ea5e-e13c-4c66-b039-9fcf783601f0,6358f21d-d22d-4f6c-b15e-7a1b7ba90800,1,Sample English review 982.
7204a045-0979-4800-a25e-13eaa5bc1ab2,8eb4ea5e-e13c-4c66-b039-9fcf783601f0,1444ba20-39ac-43a5-bccc-1cc41c2f03b1,2,Sample English review 983.
2115c223-6647-419f-9e49-3723be5870c0,8eb4ea5e-e13c-4c66-b039-9fcf783601f0,502dde18-86e1-4b5c-88c2-8010d067ede7,2,
7670b860-9b12-45c9-90ee-1760a0e8ca31,8eb4ea5e-e13c-4c66-b039-9fcf783601f0,e994bf32-d050-4e52-b334-5b6074b2a959,7,Sample English review 985.
d60ef7a8-dbc5-4c21-b077-4647cb4bdd56,8eb4ea5e-e13c-4c66-b039-9fcf783601f0,af3763b7-7954-464c-8287-33c652eaced6,2,Sample English review 986.
a527ebad-63e1-4457-a8e8-44078a8f8753,8eb4ea5e-e13c-4c66-b039-9fcf783601f0,9c0da375-3d5a-4608-b8c7-9e36139d6c33,1,Sample English review 987.
13558a29-eaea-4fa7-b3e4-3f6097a5a241,8eb4ea5e-e13c-4c66-b039-9fcf783601f0,77ae4c44-0946-4323-afdc-9932fc01f4c6,10,Sample English review 988.
460cc8f6-c89a-4999-aa20-dd4190d7b597,8eb4ea5e-e13c-4c66-b039-9fcf783601f0,ebaef81b-0f73-4e06-bb20-5ef173be29af,8,Sample English review 989.
85da7a1c-182c-4adb-a4d8-5dfa690bef6e,8eb4ea5e-e13c-4c66-b039-9fcf783601f0,6d0ed363-2c1a-43f7-958a-0e0cb6ea3e49,4,
886aae3f-d7d0-4413-b3f7-c23839954cca,8eb4ea5e-e13c-4c66-b039-9fcf783601f0,23855b90-cb3b-4533-a756-bab9bb81426e,4,
ba4e973d-5316-4dc8-9508-19db204a1298,8eb4ea5e-e13c-4c66-b039-9fcf783601f0,85bbf311-5929-482a-a259-21f783c36c59,6,
1b78e264-1add-4aca-8ee4-d8a5a2578427,77cdf386-e99e-4563-89ac-4bbc0e755fdc,ccda4639-3814-4892-99ea-7aa00cd42d49,3,Sample English review 993.
84e1608e-fcb7-4a10-b596-55cae066b707,77cdf386-e99e-4563-89ac-4bbc0e755fdc,09dc474c-41e1-47c7-bd11-8bcc61aba3cc,4,Sample English review 994.
43a52064-4df5-48e6-a569-9c5ff590731d,77cdf386-e99e-4563-89ac-4bbc0e755fdc,47632200-a702-4992-9f11-020d87c3aaed,5,
20b4e4ef-70d6-448a-beb7-275d1cb35429,77cdf386-e99e-4563-89ac-4bbc0e755fdc,67021090-97c3-44f2-82ed-cf5f65828f38,10,
cee71ce1-fc48-4b24-bb74-1c68efd09051,5d389068-9418-4df8-b983-edc1a811b766,62531f1e-00a6-4fce-ab03-320c8c0852e8,4,Sample English review 997.
e6e97dfd-7ae0-4503-9a3a-b819f865aa67,5d389068-9418-4df8-b983-edc1a811b766,979d4dea-2a55-46c2-a9d1-95d1bd7fab87,10,Sample English review 998.
d726f652-1cf1-45a7-8776-f8da599f7d38,5d389068-9418-4df8-b983-edc1a811b766,ccda4639-3814-4892-99ea-7aa00cd42d49,6,Sample English review 999.
3c3625c1-c5b3-4588-9522-10d1b6dd3885,5d389068-9418-4df8-b983-edc1a811b766,47aa0eb4-151b-4307-b50f-cdd5a44970fd,10,Sample English review 1000.
e5f88e67-6980-45ed-9d3c-46a8c1f5fafc,5d389068-9418-4df8-b983-edc1a811b766,1444ba20-39ac-43a5-bccc-1cc41c2f03b1,2,Sample English review 1001.
e1cbab66-dd7c-41c1-8754-83c27ff7c153,5d389068-9418-4df8-b983-edc1a811b766,85bbf311-5929-482a-a259-21f783c36c59,2,Sample English review 1002.
fc04d933-6ac8-4bb7-8619-d50a0cc30dee,5d389068-9418-4df8-b983-edc1a811b766,81de516b-9d80-447a-a5f3-7f542dab2e6f,10,Sample English review 1003.
aeaa1bdf-381a-4b2f-9bc8-bffd081055f0,5d389068-9418-4df8-b983-edc1a811b766,a3128f74-4fcf-4cae-b2db-d585516780d1,7,
d361702b-f8d4-411d-81f7-f4374f6fee42,accc57ab-d203-4ed7-a95e-22b14ff8aeb2,6358f21d-d22d-4f6c-b15e-7a1b7ba90800,10,Sample English review 1005.
99ecdf47-c529-4ff8-8474-cc07ff90b524,accc57ab-d203-4ed7-a95e-22b14ff8aeb2,67d8b4ad-4640-43f2-9c53-6b4929f30103,9,Sample English review 1006.
9d6aee4a-05ac-4a14-bd7c-f2ea84f5ac84,accc57ab-d203-4ed7-a95e-22b14ff8aeb2,3ea805cf-d96a-4098-9682-f85f57267e43,7,Sample English review 1007.
18c40b93-291e-445c-ad13-2d79c84ad90f,accc57ab-d203-4ed7-a95e-22b14ff8aeb2,0c6967ae-a4d8-4920-9d51-c7d95b61d752,8,
fb0284b1-ca36-4345-823a-d0ef47490ee8,accc57ab-d203-4ed7-a95e-22b14ff8aeb2,33b5c78e-cad2-4331-b9b9-a38ef8954dec,1,
3f1875a4-d252-4c66-927a-a35e66eb8aa2,accc57ab-d203-4ed7-a95e-22b14ff8aeb2,77ae4c44-0946-4323-afdc-9932fc01f4c6,9,Sample English review 1010.
f810d8e2-195b-496e-bed9-4e6be0e17b4e,accc57ab-d203-4ed7-a95e-22b14ff8aeb2,722c5ad2-9175-4d47-9f8a-d10e496d97f8,4,Sample English review 1011.
e2442874-a869-4eb1-a1c9-670f46bd9ba2,accc57ab-d203-4ed7-a95e-22b14ff8aeb2,ac17d6c1-f9a9-42be-9c29-6670939d8d5e,7,
8e40fb35-91d3-4165-be4a-9359af614f4e,accc57ab-d203-4ed7-a95e-22b14ff8aeb2,3e78c42e-79c6-46a5-84ba-afca64de824b,5,Sample English review 1013.
27c7fcd6-3af6-4e40-9a7e-2494a245f4ea,accc57ab-d203-4ed7-a95e-22b14ff8aeb2,f58f62f8-c6cd-4d19-adce-d4d1da14b149,2,Sample English review 1014.
f5ce2dcb-6037-4eed-b1df-33a88b64d479,accc57ab-d203-4ed7-a95e-22b14ff8aeb2,aa451009-5df5-4e3e-bce7-7ad1ac26b289,2,
fdddfc08-266d-49c9-a0d9-e699525bedd2,accc57ab-d203-4ed7-a95e-22b14ff8aeb2,08c2602d-87d3-4851-b7fb-2bad244b5357,7,Sample English review 1016.
b0dc99b5-2aba-4159-bac5-d071695b4662,accc57ab-d203-4ed7-a95e-22b14ff8aeb2,3844a965-19f9-41ec-9515-28393113f8c8,4,
8f6606a7-f2ec-4183-979e-1fc45c05adda,accc57ab-d203-4ed7-a95e-22b14ff8aeb2,2c417aef-cf61-4d18-ae06-06ba2317f36f,9,
7ab2f541-141e-48e7-bde4-db813a94fe70,accc57ab-d203-4ed7-a95e-22b14ff8aeb2,37887751-4d47-4e5c-98fd-9fa0dc90314c,3,Sample English review 1019.
d3498865-5b42-4038-a126-37d10cea87d9,accc57ab-d203-4ed7-a95e-22b14ff8aeb2,3c16d474-f898-4cfe-b924-7c38bea20d5c,7,Sample English review 1020.
8ff84284-32c9-45be-b093-b978ac9f6db8,accc57ab-d203-4ed7-a95e-22b14ff8aeb2,ebaef81b-0f73-4e06-bb20-5ef173be29af,10,Sample English review 1021.
d2a56a7d-6d36-4609-9022-1a7b0259da2f,accc57ab-d203-4ed7-a95e-22b14ff8aeb2,4072477a-0e21-47ca-9a86-73f662b98398,5,Sample English review 1022.
a36f9c99-f2a6-4527-9985-28fac29a0f40,cc3f959d-cb33-4571-89a8-d834fda07fff,09dc474c-41e1-47c7-bd11-8bcc61aba3cc,9,Sample English review 1023.
8d0a2546-42c4-4014-ad34-263c218f04fa,cc3f959d-cb33-4571-89a8-d834fda07fff,7bd0bc4e-e14f-4f46-8e8b-d015a6b4ebc1,9,Sample English review 1024.
c22dbe05-81ce-4801-a611-1fed27365ce1,cc3f959d-cb33-4571-89a8-d834fda07fff,69a62e24-d225-4d89-94b5-ae7f906b57dc,5,
628e5d13-abd1-4469-9452-2aeb8ce6c67e,cc3f959d-cb33-4571-89a8-d834fda07fff,f58f62f8-c6cd-4d19-adce-d4d1da14b149,4,Sample English review 1026.
ebdeedec-688b-44d8-a45e-530f13a0dd7e,cc3f959d-cb33-4571-89a8-d834fda07fff,427354fb-8736-4fd4-9ea1-30b98d1974e7,4,
d501933e-7f31-49cd-a17f-23739ac9ebf8,cc3f959d-cb33-4571-89a8-d834fda07fff,5597d267-e508-4a43-8244-f8ec9fdecae4,8,
aa6d0876-3333-4506-be6c-0415caa3bd75,cc3f959d-cb33-4571-89a8-d834fda07fff,1afd4484-49c1-4870-b60c-c754c4ce04d0,7,Sample English review 1029.
fee69202-06c7-462d-8247-c80ddd560c90,cc3f959d-cb33-4571-89a8-d834fda07fff,ccda4639-3814-4892-99ea-7aa00cd42d49,3,Sample English review 1030.
ee593c01-b0a9-46f3-995b-786e879e6323,cc3f959d-cb33-4571-89a8-d834fda07fff,7338dd63-a1d1-4e74-9759-cd17bae3c0d8,2,
ed72f95c-fd11-413d-9192-cc8d532d58d9,cc3f959d-cb33-4571-89a8-d834fda07fff,e9774607-8354-4ac8-adcf-f72a1716c51b,7,Sample English review 1032.
eff41889-0bd2-477f-908c-35412cbf438f,cc3f959d-cb33-4571-89a8-d834fda07fff,62531f1e-00a6-4fce-ab03-320c8c0852e8,10,
19496e3c-640e-4de6-adee-8fcd883f9f88,cc3f959d-cb33-4571-89a8-d834fda07fff,67021090-97c3-44f2-82ed-cf5f65828f38,2,Sample English review 1034.
2c190e4d-62ca-44c8-b7e4-fc1649c0eff7,cc3f959d-cb33-4571-89a8-d834fda07fff,009bae3f-9085-415e-81bf-b86503fa9115,6,Sample English review 1035.
f4f981ac-40a3-4537-a6d3-42f9292715a7,cc3f959d-cb33-4571-89a8-d834fda07fff,08c2602d-87d3-4851-b7fb-2bad244b5357,5,Sample English review 1036.
8b933859-4f07-4802-957f-5119202a8acd,2f805447-8aab-4a04-966a-b7fb7e6ee460,33b5c78e-cad2-4331-b9b9-a38ef8954dec,1,
a021f87b-0465-4a1a-a15b-ef6e76f29871,2f805447-8aab-4a04-966a-b7fb7e6ee460,05de5279-613f-4b9e-b38d-1e4203d75c1a,4,Sample English review 1038.
1e7e5771-1d05-4840-b198-0137f7f600ea,2f805447-8aab-4a04-966a-b7fb7e6ee460,009bae3f-9085-415e-81bf-b86503fa9115,7,Sample English review 1039.
a903e8b7-987a-4981-839a-41359974b481,2f805447-8aab-4a04-966a-b7fb7e6ee460,81d5edb0-d9b4-4d01-968c-8eda5f5b6a03,2,
b495a32e-b9b0-492d-8342-cb3b48cdf76c,2f805447-8aab-4a04-966a-b7fb7e6ee460,99f6f5c3-1cb9-4fe1-ab1a-aa9c1d16dbd0,3,Sample English review 1041.
4d108bf6-3ac9-4186-9275-bfaabee3c02e,2f805447-8aab-4a04-966a-b7fb7e6ee460,138aca2e-a48d-46a6-ac06-c902efe4fd18,1,
a0fe23d0-b7d3-4227-932f-8a939657004f,0970bcf8-6d6a-4911-a65c-7e7f07a42750,6358f21d-d22d-4f6c-b15e-7a1b7ba90800,5,
3f7c19aa-5b0c-462d-8d48-0a19693c31f4,0970bcf8-6d6a-4911-a65c-7e7f07a42750,47632200-a702-4992-9f11-020d87c3aaed,10,Sample English review 1044.
efa8975b-fc3a-45d2-953a-f767265b4d28,83a8724b-a349-4edf-8ab6-89f7c298861b,2c417aef-cf61-4d18-ae06-06ba2317f36f,2,Sample English review 1045.
87108989-c185-457b-a75b-89bdc01083f7,83a8724b-a349-4edf-8ab6-89f7c298861b,6d0ed363-2c1a-43f7-958a-0e0cb6ea3e49,3,Sample English review 1046.
23a6a3ec-d375-4aa5-af78-a00274d87cf6,83a8724b-a349-4edf-8ab6-89f7c298861b,979d4dea-2a55-46c2-a9d1-95d1bd7fab87,4,Sample English review 1047.
a65fdb82-6efc-49b3-bc6f-816eb4e98f16,83a8724b-a349-4edf-8ab6-89f7c298861b,ac17d6c1-f9a9-42be-9c29-6670939d8d5e,3,Sample English review 1048.
3c52ea50-aff2-46a8-b789-4e35d15cb503,83a8724b-a349-4edf-8ab6-89f7c298861b,af3763b7-7954-464c-8287-33c652eaced6,5,Sample English review 1049.
5a570f3a-7334-4222-8e44-edeb91f7299d,83a8724b-a349-4edf-8ab6-89f7c298861b,5e77bfad-cca1-40e3-9460-368c94829eed,1,Sample English review 1050.
fbdb1ab8-5a25-44dd-826a-d3430c7b1e47,83a8724b-a349-4edf-8ab6-89f7c298861b,47ae8c16-2d72-4c6b-8a12-3dac47db6ed7,7,Sample English review 1051.
137ed3a0-ee90-40b7-b8a1-3bb372d31885,bff9d249-637a-418b-8d7f-2d11eebdc522,1444ba20-39ac-43a5-bccc-1cc41c2f03b1,4,Sample English review 1052.
bea9c67d-39e5-43b7-8c80-241c826e7c01,bff9d249-637a-418b-8d7f-2d11eebdc522,24ce7888-3716-43b8-9d28-4239e17abe25,9,Sample English review 1053.
9f4a9108-1635-4e2e-bc9f-b1d79d7a766c,bff9d249-637a-418b-8d7f-2d11eebdc522,1afd4484-49c1-4870-b60c-c754c4ce04d0,6,Sample English review 1054.
9a622f4e-d878-43d5-a474-d7c6ebb0852d,bff9d249-637a-418b-8d7f-2d11eebdc522,4ad5c73a-5c99-4e98-9d90-0e03b0986909,9,Sample English review 1055.
09ad1b97-9d12-484a-99c3-a26ccda258cc,372f3fe3-818c-42ec-b171-8b3b36a32ca8,69a62e24-d225-4d89-94b5-ae7f906b57dc,10,
163ba439-94a4-4837-aee2-7c628153dab5,372f3fe3-818c-42ec-b171-8b3b36a32ca8,af3763b7-7954-464c-8287-33c652eaced6,1,Sample English review 1057.
cf25585c-8e91-4672-abff-522e3ee0ad3a,372f3fe3-818c-42ec-b171-8b3b36a32ca8,09876245-335b-4ddd-bdbf-a33e23abc2fb,10,Sample English review 1058.
da2c4f4c-e511-4b15-ae1f-1a9a171f10fc,372f3fe3-818c-42ec-b171-8b3b36a32ca8,9008a579-51a2-4cde-80db-8e277bfd15c0,7,
fe1d32c2-3fc4-41bf-b279-62d47c5fc295,372f3fe3-818c-42ec-b171-8b3b36a32ca8,47aa0eb4-151b-4307-b50f-cdd5a44970fd,9,
bf7c64ee-93a0-4e51-839e-8a429c44bdf8,372f3fe3-818c-42ec-b171-8b3b36a32ca8,425035ef-0093-422c-a760-2740c95f4457,1,Sample English review 1061.
5a48801e-43d3-407d-b21a-5ba14394d8ba,372f3fe3-818c-42ec-b171-8b3b36a32ca8,77ae4c44-0946-4323-afdc-9932fc01f4c6,9,
34a32475-59f6-4179-84a6-b3cdae901a91,372f3fe3-818c-42ec-b171-8b3b36a32ca8,ebaef81b-0f73-4e06-bb20-5ef173be29af,10,Sample English review 1063.
fdb413d9-4f8c-40f2-931b-c0c6d5755fcb,372f3fe3-818c-42ec-b171-8b3b36a32ca8,67021090-97c3-44f2-82ed-cf5f65828f38,4,
cfa40d88-4bb6-426e-bd84-8ecf65cbbb4d,372f3fe3-818c-42ec-b171-8b3b36a32ca8,427354fb-8736-4fd4-9ea1-30b98d1974e7,1,Sample English review 1065.
78a8e617-ab74-4502-a8c4-d1319003c414,372f3fe3-818c-42ec-b171-8b3b36a32ca8,0db8d5e2-1888-4d9f-a451-2f6e2a3e0f7d,6,
35fe9ae2-a3ce-45fc-b4a8-6698587accad,372f3fe3-818c-42ec-b171-8b3b36a32ca8,74429405-c801-4e71-87cd-1d726e8cd8f7,8,Sample English review 1067.
91547922-a694-4a6f-b323-c75a048e2aa6,372f3fe3-818c-42ec-b171-8b3b36a32ca8,21bf0f34-fea3-4cb9-b9a7-94e72ffacc8a,10,
428d1671-aa70-4796-baf9-ee9a2dfd277a,372f3fe3-818c-42ec-b171-8b3b36a32ca8,f9a7e8ba-2326-4fd7-b228-98060197c4f6,5,Sample English review 1069.
20501aaf-a8a3-4f58-aedf-9b224832e008,372f3fe3-818c-42ec-b171-8b3b36a32ca8,009bae3f-9085-415e-81bf-b86503fa9115,5,Sample English review 1070.
df1f5219-ee61-4195-84c7-5560acb8fd94,372f3fe3-818c-42ec-b171-8b3b36a32ca8,c3820118-4994-4049-8719-6d71466870fe,7,Sample English review 1071.
2c48de53-673b-4b82-8c6c-37bcb67d40f2,16303fcd-cd23-43e7-82ee-476b41c6c981,1444ba20-39ac-43a5-bccc-1cc41c2f03b1,1,Sample English review 1072.
102170e5-d19a-429c-88c9-5ffe80bb59f4,16303fcd-cd23-43e7-82ee-476b41c6c981,77ae4c44-0946-4323-afdc-9932fc01f4c6,10,
b7b98f48-62ad-47ac-b6ce-8cd04881b12d,16303fcd-cd23-43e7-82ee-476b41c6c981,0db8d5e2-1888-4d9f-a451-2f6e2a3e0f7d,3,Sample English review 1074.
60190d02-30a8-41c9-ac83-56c70dcfec0e,16303fcd-cd23-43e7-82ee-476b41c6c981,6dc440b0-7d0d-4e8c-8dfa-aacb16c25536,3,
cc74a797-269e-480a-bac9-2f55c8bd7e7a,16303fcd-cd23-43e7-82ee-476b41c6c981,2fd567ca-8efe-4948-bebd-a1a56f976d42,3,Sample English review 1076.
6b1bcd45-adc3-4605-bb9e-90f6a11cc8d8,16303fcd-cd23-43e7-82ee-476b41c6c981,b3bb325c-6f93-4946-9d94-ca835b5be056,9,
3a54542c-80d3-4baf-a24a-cc002a0737a0,16303fcd-cd23-43e7-82ee-476b41c6c981,5e77bfad-cca1-40e3-9460-368c94829eed,3,Sample English review 1078.
b9131324-9cb8-48f7-8f57-ed1f16954d36,16303fcd-cd23-43e7-82ee-476b41c6c981,67d8b4ad-4640-43f2-9c53-6b4929f30103,7,
8ab89300-e06b-4073-8c49-39b4e8e57280,16303fcd-cd23-43e7-82ee-476b41c6c981,47632200-a702-4992-9f11-020d87c3aaed,9,Sample English review 1080.
010f03b5-fcce-41aa-a0cf-60f23300c5dd,16303fcd-cd23-43e7-82ee-476b41c6c981,c3820118-4994-4049-8719-6d71466870fe,8,
36a1fd20-2fb2-48cf-8a57-4813c194ee1d,16303fcd-cd23-43e7-82ee-476b41c6c981,47ae8c16-2d72-4c6b-8a12-3dac47db6ed7,10,Sample English review 1082.
2aa49129-662f-45e8-9e5f-6c8347e8390f,16303fcd-cd23-43e7-82ee-476b41c6c981,5597d267-e508-4a43-8244-f8ec9fdecae4,10,Sample English review 1083.
8548359b-3317-405e-a364-de2703826479,16303fcd-cd23-43e7-82ee-476b41c6c981,37887751-4d47-4e5c-98fd-9fa0dc90314c,2,Sample English review 1084.
2345f83f-3a34-4be6-a5f4-ccd0c2a4386f,44858d50-0053-46a8-94c4-b728fb72289e,ac393398-9266-4f9c-8a2d-d14ae2aa114e,10,
864f437e-a5bc-45ff-938b-0e2d94309b8b,44858d50-0053-46a8-94c4-b728fb72289e,47aa0eb4-151b-4307-b50f-cdd5a44970fd,1,
bfe16277-2b87-4dce-9d35-9ee126feb0e2,44858d50-0053-46a8-94c4-b728fb72289e,0db8d5e2-1888-4d9f-a451-2f6e2a3e0f7d,9,
adfac62b-ca88-4769-86d5-2e7aec4b46b0,44858d50-0053-46a8-94c4-b728fb72289e,0eda6729-995b-43a0-9a17-b89035543c47,8,Sample English review 1088.
4907cdf0-fe4c-4df9-9dbd-51218f174ea2,44858d50-0053-46a8-94c4-b728fb72289e,708f4f48-f883-4f49-97ee-2c0a91c249de,8,Sample English review 1089.
f93ded47-affc-4592-bee4-eeb38cc1ceca,44858d50-0053-46a8-94c4-b728fb72289e,c3820118-4994-4049-8719-6d71466870fe,9,Sample English review 1090.
146c6ddb-6678-47a8-b8cf-8771cf364370,44858d50-0053-46a8-94c4-b728fb72289e,cf58157c-eee8-4cb1-af62-820e7aadb847,2,Sample English review 1091.
72acb448-aeb4-4783-b567-f34175b520a5,44858d50-0053-46a8-94c4-b728fb72289e,502dde18-86e1-4b5c-88c2-8010d067ede7,9,
f9c12119-e573-4e14-9395-05fb532c7b04,44858d50-0053-46a8-94c4-b728fb72289e,dac8e4dd-9f17-46ef-9865-5e025b74bf9a,6,Sample English review 1093.
6857a228-ad5f-4340-b705-09bedeac7435,2c3fa6dc-e93c-496a-9441-893324dd83f8,5e77bfad-cca1-40e3-9460-368c94829eed,2,
f898fa52-2d33-49f9-8895-848f8c6b2ee0,2c3fa6dc-e93c-496a-9441-893324dd83f8,2fd567ca-8efe-4948-bebd-a1a56f976d42,3,
304a1280-f031-4b2c-8a23-009a1435b9b1,2c3fa6dc-e93c-496a-9441-893324dd83f8,37887751-4d47-4e5c-98fd-9fa0dc90314c,4,Sample English review 1096.
6faad054-e973-4bee-9641-295420370a22,2c3fa6dc-e93c-496a-9441-893324dd83f8,677a4d7a-ae9b-4bdb-a72f-67f73eba99c7,3,
def721c4-a0c2-419c-9dfd-304e9abd1561,2c3fa6dc-e93c-496a-9441-893324dd83f8,b3bb325c-6f93-4946-9d94-ca835b5be056,1,Sample English review 1098.
f384a154-d277-4ac9-8b24-b286b328081f,2c3fa6dc-e93c-496a-9441-893324dd83f8,e994bf32-d050-4e52-b334-5b6074b2a959,10,Sample English review 1099.
64508d62-b708-4180-bb49-29c7e22b5f62,2c3fa6dc-e93c-496a-9441-893324dd83f8,d3206088-b25a-455a-9323-1c8d5829b0b0,7,Sample English review 1100.
b5dbb676-e167-42e3-98b5-a1aa99f4d675,2c3fa6dc-e93c-496a-9441-893324dd83f8,7338dd63-a1d1-4e74-9759-cd17bae3c0d8,6,
717594dd-5d8a-47e2-8948-cb679ad3077f,2c3fa6dc-e93c-496a-9441-893324dd83f8,9dae46b7-7f1a-4d67-b808-9e9c1b622d6c,9,
e03ea579-d1a1-4cdb-ba99-6671c8f7d76f,2c3fa6dc-e93c-496a-9441-893324dd83f8,7c08735f-311c-4060-9637-87bee6bf9673,5,
0eca354a-22b5-459d-b973-6692f55d63c2,3680ed5f-8cd5-4dec-9ced-7c83bc2309be,6d0ed363-2c1a-43f7-958a-0e0cb6ea3e49,2,
2ecd76ef-81c8-428a-857a-52bcc7e8a97a,3680ed5f-8cd5-4dec-9ced-7c83bc2309be,979d4dea-2a55-46c2-a9d1-95d1bd7fab87,5,Sample English review 1105.
dd33ac75-8d3a-400f-839d-3e25a92162aa,3680ed5f-8cd5-4dec-9ced-7c83bc2309be,6dc440b0-7d0d-4e8c-8dfa-aacb16c25536,5,
664f2a56-dfdb-423a-9e5f-eaac4dd3659a,3680ed5f-8cd5-4dec-9ced-7c83bc2309be,0c6967ae-a4d8-4920-9d51-c7d95b61d752,10,
8aba7719-0e2a-4b95-a6d5-ebca9680c7d9,3680ed5f-8cd5-4dec-9ced-7c83bc2309be,81de516b-9d80-447a-a5f3-7f542dab2e6f,9,Sample English review 1108.
6c000adc-3eaa-447a-adbb-252da7fbedcf,3680ed5f-8cd5-4dec-9ced-7c83bc2309be,23855b90-cb3b-4533-a756-bab9bb81426e,10,
72097da2-6f2b-4866-bb77-a2342d7d7231,3680ed5f-8cd5-4dec-9ced-7c83bc2309be,f4fa3e26-130b-42f5-8e08-2d4f884e080d,5,Sample English review 1110.
911829ec-12df-4719-9c9e-5ba27ed3376b,3680ed5f-8cd5-4dec-9ced-7c83bc2309be,3c16d474-f898-4cfe-b924-7c38bea20d5c,1,Sample English review 1111.
21b0c19e-875d-4874-af0d-2218d0eb0d35,3680ed5f-8cd5-4dec-9ced-7c83bc2309be,1aa28ea9-5df1-4ce1-a2db-7524bfcfd4ee,1,
ea94f710-dce5-47f2-b480-716007c86244,3680ed5f-8cd5-4dec-9ced-7c83bc2309be,b51a7d8d-dbc7-426e-9013-dd2124a444bb,2,Sample English review 1113.
861931bd-055a-4540-9daa-29c94b3d54d8,3680ed5f-8cd5-4dec-9ced-7c83bc2309be,9dae46b7-7f1a-4d67-b808-9e9c1b622d6c,3,
08d55c8e-1521-4aaf-a6e1-711ee0ca6055,3680ed5f-8cd5-4dec-9ced-7c83bc2309be,ecdbf5f6-ea6e-48ad-8cf1-165f8682b135,7,
693b015e-4155-4a80-b945-7ee98e786e8b,3680ed5f-8cd5-4dec-9ced-7c83bc2309be,0db8d5e2-1888-4d9f-a451-2f6e2a3e0f7d,4,Sample English review 1116.
215fe22f-80b0-4af2-bd58-132b853dd63b,3680ed5f-8cd5-4dec-9ced-7c83bc2309be,69a62e24-d225-4d89-94b5-ae7f906b57dc,2,Sample English review 1117.
f124ef60-7397-4139-a9d6-ca6a21458481,3680ed5f-8cd5-4dec-9ced-7c83bc2309be,009bae3f-9085-415e-81bf-b86503fa9115,7,
e1326c39-6bba-409e-af37-217c35ad226f,3680ed5f-8cd5-4dec-9ced-7c83bc2309be,e9774607-8354-4ac8-adcf-f72a1716c51b,8,Sample English review 1119.
a3f1f19d-0538-40a9-94eb-3dae5a64be59,3680ed5f-8cd5-4dec-9ced-7c83bc2309be,9b151d62-177e-4736-b8e5-6cf69170f9dc,10,Sample English review 1120.
fd98ee4a-c335-49ea-a664-d98733b43509,3680ed5f-8cd5-4dec-9ced-7c83bc2309be,a3128f74-4fcf-4cae-b2db-d585516780d1,1,Sample English review 1121.
f7e1ea55-06c5-4363-9522-8dee78240a14,3680ed5f-8cd5-4dec-9ced-7c83bc2309be,7c08735f-311c-4060-9637-87bee6bf9673,6,
3a36d118-caa3-4ec4-ba08-0efe9ef6eb1d,3680ed5f-8cd5-4dec-9ced-7c83bc2309be,6358f21d-d22d-4f6c-b15e-7a1b7ba90800,8,Sample English review 1123.
ea396779-2977-416f-876c-7520221cba0c,3680ed5f-8cd5-4dec-9ced-7c83bc2309be,ac17d6c1-f9a9-42be-9c29-6670939d8d5e,6,Sample English review 1124.
75df67a5-d505-4df6-902a-6dd09ea4766f,3680ed5f-8cd5-4dec-9ced-7c83bc2309be,4ad5c73a-5c99-4e98-9d90-0e03b0986909,1,Sample English review 1125.
ca9d2735-e77d-4ec1-914b-2466dfd856a9,0787362d-3798-4e3c-893d-6407b6d84890,81d5edb0-d9b4-4d01-968c-8eda5f5b6a03,7,Sample English review 1126.
9580c39d-4061-4ab4-af5f-7acae782f0ec,0787362d-3798-4e3c-893d-6407b6d84890,8a99736e-dad6-489d-aa46-0ee02356e5fe,2,Sample English review 1127.
c488e4b4-352d-4598-85e6-bd7c6eded430,0787362d-3798-4e3c-893d-6407b6d84890,502dde18-86e1-4b5c-88c2-8010d067ede7,3,Sample English review 1128.
dc5ae23c-d57a-4746-8e1b-8d59d12c75e5,0787362d-3798-4e3c-893d-6407b6d84890,09876245-335b-4ddd-bdbf-a33e23abc2fb,7,
66811ea0-2bd5-4733-aa6b-b5c4c8467883,0787362d-3798-4e3c-893d-6407b6d84890,ecdbf5f6-ea6e-48ad-8cf1-165f8682b135,5,
5e789838-0b74-4dcd-be24-e01b2feb965d,0787362d-3798-4e3c-893d-6407b6d84890,e994bf32-d050-4e52-b334-5b6074b2a959,4,Sample English review 1131.
e5546a9f-69ff-48d5-8c32-593dc74f7b3b,0787362d-3798-4e3c-893d-6407b6d84890,1aa28ea9-5df1-4ce1-a2db-7524bfcfd4ee,10,Sample English review 1132.
d3e65d63-e791-4a42-847f-2e982ab4fbf8,0787362d-3798-4e3c-893d-6407b6d84890,b51a7d8d-dbc7-426e-9013-dd2124a444bb,10,Sample English review 1133.
a75a9a9c-cfa8-48c1-9478-a9c13c038ff7,0787362d-3798-4e3c-893d-6407b6d84890,ac393398-9266-4f9c-8a2d-d14ae2aa114e,7,Sample English review 1134.
54b9a2e1-4337-42de-acf1-33f789acd1ac,0787362d-3798-4e3c-893d-6407b6d84890,ecab2181-cb9d-42f7-b110-65986cef6204,5,
4adde937-0f85-44c4-bfe8-dd8c0726b29d,0787362d-3798-4e3c-893d-6407b6d84890,2c417aef-cf61-4d18-ae06-06ba2317f36f,5,Sample English review 1136.
9457693f-7f0f-4cea-95a0-c4849bf97b5e,0787362d-3798-4e3c-893d-6407b6d84890,74429405-c801-4e71-87cd-1d726e8cd8f7,2,Sample English review 1137.
856d4229-8d1d-458c-810b-4e8cf4e22d4e,0787362d-3798-4e3c-893d-6407b6d84890,427354fb-8736-4fd4-9ea1-30b98d1974e7,9,Sample English review 1138.
8fe49b6c-c5c4-483f-adbb-dc3d347a4851,0787362d-3798-4e3c-893d-6407b6d84890,677a4d7a-ae9b-4bdb-a72f-67f73eba99c7,7,Sample English review 1139.
2cb482d8-318f-4690-b674-8904ec94f8e8,8b8c4934-061e-4437-9096-e46939884801,138aca2e-a48d-46a6-ac06-c902efe4fd18,2,Sample English review 1140.
85cdfe86-82a2-4f05-8e86-c4739de2e959,8b8c4934-061e-4437-9096-e46939884801,33875037-f579-42ed-8aba-818a640c90d9,3,Sample English review 1141.
569a7ffc-9bb4-46c7-abdb-f161c29e823b,8b8c4934-061e-4437-9096-e46939884801,cb55c939-b208-4183-9cac-dc086cdad4ea,2,
c329eca2-1c0f-4eff-b252-afd8a2b4a03e,8b8c4934-061e-4437-9096-e46939884801,5fb1457b-691f-48fd-aeca-0103d0a88833,1,
d5a35bc3-dae5-4d61-9765-b0e9fae987ba,8b8c4934-061e-4437-9096-e46939884801,9b151d62-177e-4736-b8e5-6cf69170f9dc,8,Sample English review 1144.
3bdb82be-075c-41de-9842-7798d3fd21f0,8b8c4934-061e-4437-9096-e46939884801,c3820118-4994-4049-8719-6d71466870fe,2,Sample English review 1145.
bb720ada-0373-4087-9728-1252832ed9dc,8b8c4934-061e-4437-9096-e46939884801,08c2602d-87d3-4851-b7fb-2bad244b5357,1,Sample English review 1146.
fe186e80-e141-4daa-a0ad-ad01bf5564ca,8b8c4934-061e-4437-9096-e46939884801,8a99736e-dad6-489d-aa46-0ee02356e5fe,4,Sample English review 1147.
45059d44-16a9-4547-b9c6-8ec1e845c258,af43c2af-7a3d-4fa7-bf8a-882ae474cb42,0eda6729-995b-43a0-9a17-b89035543c47,2,Sample English review 1148.
81684658-9ba7-4e55-8e15-7e677bc7d0ee,af43c2af-7a3d-4fa7-bf8a-882ae474cb42,77ae4c44-0946-4323-afdc-9932fc01f4c6,2,
e9fd843b-4e90-4bcb-9ea1-d1c7bdcdb6db,af43c2af-7a3d-4fa7-bf8a-882ae474cb42,7bd0bc4e-e14f-4f46-8e8b-d015a6b4ebc1,3,Sample English review 1150.
cf1aaac1-9b46-4036-8d47-f9a817db14dc,af43c2af-7a3d-4fa7-bf8a-882ae474cb42,722c5ad2-9175-4d47-9f8a-d10e496d97f8,1,Sample English review 1151.
0a7ff488-6e93-4524-b566-b6ae5dc009b6,af43c2af-7a3d-4fa7-bf8a-882ae474cb42,74429405-c801-4e71-87cd-1d726e8cd8f7,6,Sample English review 1152.
f2e92818-5f3f-44ed-aa0b-cd5ff3a9a97a,af43c2af-7a3d-4fa7-bf8a-882ae474cb42,4ad5c73a-5c99-4e98-9d90-0e03b0986909,2,Sample English review 1153.
a66e67ad-1950-459c-8232-c13f246d64b8,af43c2af-7a3d-4fa7-bf8a-882ae474cb42,b51a7d8d-dbc7-426e-9013-dd2124a444bb,1,Sample English review 1154.
010043cd-6f61-4e02-adcd-03b00e9e02e9,af43c2af-7a3d-4fa7-bf8a-882ae474cb42,ac393398-9266-4f9c-8a2d-d14ae2aa114e,7,Sample English review 1155.
c4904bb0-7740-4645-a046-cf6fead717b2,af43c2af-7a3d-4fa7-bf8a-882ae474cb42,ccda4639-3814-4892-99ea-7aa00cd42d49,5,
a772993d-9c9e-436a-91d0-c2e8172bc02e,af43c2af-7a3d-4fa7-bf8a-882ae474cb42,2fd567ca-8efe-4948-bebd-a1a56f976d42,8,Sample English review 1157.
e7d41f99-e71c-435d-8368-0a2d31afdc28,af43c2af-7a3d-4fa7-bf8a-882ae474cb42,08c2602d-87d3-4851-b7fb-2bad244b5357,3,Sample English review 1158.
17d4f234-d7bc-4a61-a5e5-3b1d3063dd92,af43c2af-7a3d-4fa7-bf8a-882ae474cb42,1444ba20-39ac-43a5-bccc-1cc41c2f03b1,9,Sample English review 1159.
c0be3ad8-9e59-4f0e-9fde-fd937ae1fa32,d2dbcfe3-29f3-405b-af1a-2b2c40eee7dd,4ad5c73a-5c99-4e98-9d90-0e03b0986909,10,
9f4bf50f-c520-4fe0-be0c-0d4c998db423,d2dbcfe3-29f3-405b-af1a-2b2c40eee7dd,dac8e4dd-9f17-46ef-9865-5e025b74bf9a,4,Sample English review 1161.
cf8b7c6c-2784-4d86-bfed-45012c2ddaaa,d2dbcfe3-29f3-405b-af1a-2b2c40eee7dd,afc8c392-95b3-4506-8d6c-719f96692939,5,Sample English review 1162.
5e81dc61-a869-4cab-b167-f546781bd237,d2dbcfe3-29f3-405b-af1a-2b2c40eee7dd,c3820118-4994-4049-8719-6d71466870fe,1,
f6dbe257-ad3d-40c7-8377-f694bea17043,d2dbcfe3-29f3-405b-af1a-2b2c40eee7dd,7338dd63-a1d1-4e74-9759-cd17bae3c0d8,1,
dfc156d0-7357-4fe9-a569-ff89cd5774ca,d2dbcfe3-29f3-405b-af1a-2b2c40eee7dd,7c08735f-311c-4060-9637-87bee6bf9673,10,
d438d141-7216-47fb-a56d-def6ad92a5b7,d2dbcfe3-29f3-405b-af1a-2b2c40eee7dd,6d0ed363-2c1a-43f7-958a-0e0cb6ea3e49,2,Sample English review 1166.
d74ad89b-fa06-4d54-9bfc-fb74a169bfaa,d2dbcfe3-29f3-405b-af1a-2b2c40eee7dd,a3128f74-4fcf-4cae-b2db-d585516780d1,4,Sample English review 1167.
5bd8d35a-a910-479d-bc37-546e6c856068,d2dbcfe3-29f3-405b-af1a-2b2c40eee7dd,4edba6e8-c8d9-4fe2-a682-124b91f87604,5,Sample English review 1168.
04ff8f55-705d-4e01-837c-0ddc8ff887c6,d2dbcfe3-29f3-405b-af1a-2b2c40eee7dd,9dae46b7-7f1a-4d67-b808-9e9c1b622d6c,3,Sample English review 1169.
21653bcb-3619-4c09-921e-1c9356af2402,d2dbcfe3-29f3-405b-af1a-2b2c40eee7dd,62531f1e-00a6-4fce-ab03-320c8c0852e8,2,Sample English review 1170.
8468bfdd-73b0-431e-b2b7-4378785e1435,d2dbcfe3-29f3-405b-af1a-2b2c40eee7dd,1f2f5550-69ee-4ec3-82d2-d6cf2d0fc05c,1,Sample English review 1171.
1041b475-105c-40ef-a1e5-94a2d5b69199,3534d729-23aa-4eb3-b477-444e965a7a02,62531f1e-00a6-4fce-ab03-320c8c0852e8,4,Sample English review 1172.
5cedccd9-e8aa-4380-aae6-19c0308d30e2,3534d729-23aa-4eb3-b477-444e965a7a02,85bbf311-5929-482a-a259-21f783c36c59,4,Sample English review 1173.
ea1023a9-380f-472f-983a-014672acfbf4,3534d729-23aa-4eb3-b477-444e965a7a02,aa451009-5df5-4e3e-bce7-7ad1ac26b289,8,
7760a05b-db0d-4818-b07e-6ead981d6e27,3534d729-23aa-4eb3-b477-444e965a7a02,c3820118-4994-4049-8719-6d71466870fe,4,
a9b7ed33-a05c-47cd-9cb2-faab795c3bc9,3534d729-23aa-4eb3-b477-444e965a7a02,99f8ef2d-c0e8-4290-83a6-b460677b198d,1,Sample English review 1176.
bbf7995c-bbf9-4373-a92a-356f40274053,3534d729-23aa-4eb3-b477-444e965a7a02,cf58157c-eee8-4cb1-af62-820e7aadb847,7,Sample English review 1177.
34a2230b-0f41-4098-9b76-a77951b51419,3534d729-23aa-4eb3-b477-444e965a7a02,5fb1457b-691f-48fd-aeca-0103d0a88833,7,Sample English review 1178.
e103d77c-d682-4113-b766-9d054cf5fb1c,3534d729-23aa-4eb3-b477-444e965a7a02,6c34f6f7-2682-4513-951e-96f325e7eb19,1,
c12fa26f-2fcf-4d63-b747-eb6ce5b6636c,3534d729-23aa-4eb3-b477-444e965a7a02,ebaef81b-0f73-4e06-bb20-5ef173be29af,4,Sample English review 1180.
af3e97c8-f432-4cba-92cd-f5dfd80a5674,3534d729-23aa-4eb3-b477-444e965a7a02,ac17d6c1-f9a9-42be-9c29-6670939d8d5e,10,
e052e252-c8e6-457b-b912-ea55882f3428,3534d729-23aa-4eb3-b477-444e965a7a02,b3bb325c-6f93-4946-9d94-ca835b5be056,7,Sample English review 1182.
5d2c7930-941c-45b9-bb54-fff5ba29d334,3534d729-23aa-4eb3-b477-444e965a7a02,ecdbf5f6-ea6e-48ad-8cf1-165f8682b135,5,Sample English review 1183.
29e3f29a-9728-4d4c-8072-b80d9da1a370,3534d729-23aa-4eb3-b477-444e965a7a02,d3206088-b25a-455a-9323-1c8d5829b0b0,3,Sample English review 1184.
a4fe9dff-2dac-4e6e-9e83-856f7d900306,3534d729-23aa-4eb3-b477-444e965a7a02,4edba6e8-c8d9-4fe2-a682-124b91f87604,1,
78096c1c-5f49-4d5a-be8a-70dd8dc32b84,3534d729-23aa-4eb3-b477-444e965a7a02,8a99736e-dad6-489d-aa46-0ee02356e5fe,10,Sample English review 1186.
1f11c777-2f68-4b7e-bb71-df6f10dfdef3,0a1400df-31ad-4352-bc08-b762b6fe752a,7338dd63-a1d1-4e74-9759-cd17bae3c0d8,10,
227ffc97-0086-405f-8106-8e53d08af35e,0a1400df-31ad-4352-bc08-b762b6fe752a,62531f1e-00a6-4fce-ab03-320c8c0852e8,6,Sample English review 1188.
da824933-8bc7-4a94-8e53-17201f57f975,0a1400df-31ad-4352-bc08-b762b6fe752a,3c16d474-f898-4cfe-b924-7c38bea20d5c,3,Sample English review 1189.
8e129976-431e-4b89-891d-c786d0de5586,0a1400df-31ad-4352-bc08-b762b6fe752a,67d8b4ad-4640-43f2-9c53-6b4929f30103,9,Sample English review 1190.
75618cc3-c58b-4978-a291-725d0fe519bb,0a1400df-31ad-4352-bc08-b762b6fe752a,2752b069-f76a-4957-8807-6237a31f6d2c,6,
acc45253-3cab-4c46-9e75-303f45160bf0,8626635b-9df1-4240-807b-b278f1f8edf9,62531f1e-00a6-4fce-ab03-320c8c0852e8,2,
85280743-5435-49b9-82ad-5e9c8d621b4f,8626635b-9df1-4240-807b-b278f1f8edf9,6d0ed363-2c1a-43f7-958a-0e0cb6ea3e49,8,Sample English review 1193.
0ae43258-6731-42c2-ba97-ff9c159e4326,8626635b-9df1-4240-807b-b278f1f8edf9,afc8c392-95b3-4506-8d6c-719f96692939,2,Sample English review 1194.
a5dac5f7-9778-41d4-9871-71d49e1daa7d,8626635b-9df1-4240-807b-b278f1f8edf9,ac393398-9266-4f9c-8a2d-d14ae2aa114e,1,
515e6751-a4b9-412e-9b3b-1348bf126141,8626635b-9df1-4240-807b-b278f1f8edf9,6358f21d-d22d-4f6c-b15e-7a1b7ba90800,7,Sample English review 1196.
6a83025d-2df6-4ad5-9f05-018405afc5a8,8626635b-9df1-4240-807b-b278f1f8edf9,502dde18-86e1-4b5c-88c2-8010d067ede7,5,Sample English review 1197.
66676fa0-08ed-460c-a33f-7dafa568ed62,8626635b-9df1-4240-807b-b278f1f8edf9,0c6967ae-a4d8-4920-9d51-c7d95b61d752,6,Sample English review 1198.
6a186bda-e466-480a-9679-c661bf1a4cbb,8626635b-9df1-4240-807b-b278f1f8edf9,425035ef-0093-422c-a760-2740c95f4457,7,
d8b0834c-9a39-45b9-abf4-a279929c4951,8626635b-9df1-4240-807b-b278f1f8edf9,f4fa3e26-130b-42f5-8e08-2d4f884e080d,8,Sample English review 1200.
39038a37-d7e1-4ec0-90a8-4d62a1625ee4,8626635b-9df1-4240-807b-b278f1f8edf9,7bd0bc4e-e14f-4f46-8e8b-d015a6b4ebc1,8,
942f975b-e2aa-4a84-b15c-ffaa5511f17e,8626635b-9df1-4240-807b-b278f1f8edf9,7c08735f-311c-4060-9637-87bee6bf9673,10,Sample English review 1202.
420b3369-2e88-4cec-9aca-053d88ab0f64,8626635b-9df1-4240-807b-b278f1f8edf9,b51a7d8d-dbc7-426e-9013-dd2124a444bb,8,Sample English review 1203.
cbe418e5-e095-4549-9b89-cf51e873b3f2,8626635b-9df1-4240-807b-b278f1f8edf9,67021090-97c3-44f2-82ed-cf5f65828f38,2,Sample English review 1204.
2d5d8697-4e38-4f27-9880-108a98913079,8626635b-9df1-4240-807b-b278f1f8edf9,979d4dea-2a55-46c2-a9d1-95d1bd7fab87,9,Sample English review 1205.
296da908-700e-409f-b5ee-17616ce0dd0e,8626635b-9df1-4240-807b-b278f1f8edf9,4edba6e8-c8d9-4fe2-a682-124b91f87604,4,Sample English review 1206.
e898814d-7fe0-4071-b232-af748e79df6b,8626635b-9df1-4240-807b-b278f1f8edf9,9bc42e46-67c9-447f-be78-4ae50e491d93,3,
c3e99a26-408b-49ed-bfff-61e5d5c96bb7,1c184479-f701-4f1c-b95c-2d85a627a3b7,81d5edb0-d9b4-4d01-968c-8eda5f5b6a03,9,Sample English review 1208.
c2dc8502-25dc-40ed-8a8b-e9d9dde9b064,6466f1d9-8d7c-4cd6-a44d-29d1aa369e4f,09dc474c-41e1-47c7-bd11-8bcc61aba3cc,2,Sample English review 1209.
6493ad2d-e349-45f8-9538-0633628075c3,6466f1d9-8d7c-4cd6-a44d-29d1aa369e4f,6d0ed363-2c1a-43f7-958a-0e0cb6ea3e49,8,Sample English review 1210.
8a8114f9-769e-40f2-be8f-6e2127af0727,6466f1d9-8d7c-4cd6-a44d-29d1aa369e4f,24ce7888-3716-43b8-9d28-4239e17abe25,2,Sample English review 1211.
d7009759-ad7b-4e3e-9dca-41e0887b323d,6466f1d9-8d7c-4cd6-a44d-29d1aa369e4f,74429405-c801-4e71-87cd-1d726e8cd8f7,5,Sample English review 1212.
b1ed9907-e22f-4a49-aa5a-7c7e096d805a,6466f1d9-8d7c-4cd6-a44d-29d1aa369e4f,34e41375-9db2-4e92-9f7d-76f36353f4e6,2,Sample English review 1213.
a5b5afa1-3012-42cc-82c3-787230863eea,6466f1d9-8d7c-4cd6-a44d-29d1aa369e4f,5fb1457b-691f-48fd-aeca-0103d0a88833,1,Sample English review 1214.
4f3e3cfa-00cd-4da6-b5c8-5c2bb776e7b5,6466f1d9-8d7c-4cd6-a44d-29d1aa369e4f,d51ce7b5-dd79-4d62-93c4-4a7cff3d22e3,10,Sample English review 1215.
1bf1d35a-43ee-4bc7-81ea-285279974f07,6466f1d9-8d7c-4cd6-a44d-29d1aa369e4f,1f2f5550-69ee-4ec3-82d2-d6cf2d0fc05c,4,Sample English review 1216.
a5bf0a72-6449-4639-9465-54933be450a2,6466f1d9-8d7c-4cd6-a44d-29d1aa369e4f,ecab2181-cb9d-42f7-b110-65986cef6204,10,
14b09ba7-b4c4-4ca9-8480-127137759657,6466f1d9-8d7c-4cd6-a44d-29d1aa369e4f,ebaef81b-0f73-4e06-bb20-5ef173be29af,4,
1f638e70-7f35-4dc5-9e5c-bf775e87059b,6466f1d9-8d7c-4cd6-a44d-29d1aa369e4f,dac8e4dd-9f17-46ef-9865-5e025b74bf9a,7,Sample English review 1219.
e48f0d4c-7220-49f4-90b6-641b4cf7242b,6466f1d9-8d7c-4cd6-a44d-29d1aa369e4f,0eda6729-995b-43a0-9a17-b89035543c47,4,Sample English review 1220.
2093f4de-bc6d-4a67-b6c6-fdc0e8e58b35,6466f1d9-8d7c-4cd6-a44d-29d1aa369e4f,9b151d62-177e-4736-b8e5-6cf69170f9dc,1,
3122202e-716b-4684-8b8f-d6744d74b78a,6466f1d9-8d7c-4cd6-a44d-29d1aa369e4f,708f4f48-f883-4f49-97ee-2c0a91c249de,8,Sample English review 1222.
74fae6bd-1b93-447d-a6d5-da9e5fd5c4bd,5effd39c-b0c4-4ea3-b31b-6e54a6574c9a,99f6f5c3-1cb9-4fe1-ab1a-aa9c1d16dbd0,10,Sample English review 1223.
f27f886f-cc41-46e2-af20-d7353fbb7b47,5effd39c-b0c4-4ea3-b31b-6e54a6574c9a,81de516b-9d80-447a-a5f3-7f542dab2e6f,9,
20b69221-e6c7-4b49-82ad-90a58a2bc8da,5effd39c-b0c4-4ea3-b31b-6e54a6574c9a,69a62e24-d225-4d89-94b5-ae7f906b57dc,8,Sample English review 1225.
070b88f4-e1d0-4a48-90e7-c6b343a8f415,37e79fc4-d390-4580-afb7-08c6f754e858,5597d267-e508-4a43-8244-f8ec9fdecae4,9,Sample English review 1226.
c0ab72d8-2408-47a7-93db-420a7fa60a2f,5aa82c89-ad66-4513-8000-87d727862a13,47aa0eb4-151b-4307-b50f-cdd5a44970fd,9,Sample English review 1227.
76ee18cc-6044-46f9-80dd-303578575b9c,5aa82c89-ad66-4513-8000-87d727862a13,2c417aef-cf61-4d18-ae06-06ba2317f36f,5,Sample English review 1228.
ea56930c-2c09-4482-b214-a28dd1097dc9,5aa82c89-ad66-4513-8000-87d727862a13,3c16d474-f898-4cfe-b924-7c38bea20d5c,3,Sample English review 1229.
31cfcb71-58cc-4bf4-a137-ecf357ef2206,5aa82c89-ad66-4513-8000-87d727862a13,99f8ef2d-c0e8-4290-83a6-b460677b198d,4,
80655e9c-cada-4e6c-8191-de1e56253508,5aa82c89-ad66-4513-8000-87d727862a13,e994bf32-d050-4e52-b334-5b6074b2a959,2,Sample English review 1231.
02ae17b9-335b-4cdf-9116-47caf69a004a,b7d19144-8e6d-40ff-80f6-b589130113de,af3763b7-7954-464c-8287-33c652eaced6,5,Sample English review 1232.
c02c913a-cbc6-4ceb-8e32-db43ba5be8a5,b7d19144-8e6d-40ff-80f6-b589130113de,08c2602d-87d3-4851-b7fb-2bad244b5357,3,Sample English review 1233.
5bf7c723-b982-4268-a5dc-7477de12e922,b7d19144-8e6d-40ff-80f6-b589130113de,ebaef81b-0f73-4e06-bb20-5ef173be29af,6,Sample English review 1234.
5ec3816a-b894-41ce-a9cb-3fca41cad932,b7d19144-8e6d-40ff-80f6-b589130113de,009bae3f-9085-415e-81bf-b86503fa9115,7,Sample English review 1235.
bd6b67ef-bf0e-4a01-b3a1-6f694a314e48,b7d19144-8e6d-40ff-80f6-b589130113de,2fd567ca-8efe-4948-bebd-a1a56f976d42,8,Sample English review 1236.
1da8c387-03dd-42c5-aa37-7d66b11e8182,b7d19144-8e6d-40ff-80f6-b589130113de,77ae4c44-0946-4323-afdc-9932fc01f4c6,9,
deb63ad6-2790-4775-9e23-c9aca2b3150f,b7d19144-8e6d-40ff-80f6-b589130113de,502dde18-86e1-4b5c-88c2-8010d067ede7,8,
dfce5d16-889c-4f9d-a891-41f6c2ab9a9a,b7d19144-8e6d-40ff-80f6-b589130113de,cf58157c-eee8-4cb1-af62-820e7aadb847,10,Sample English review 1239.
f8d0420e-b2cb-44f4-a82f-fe3392815b5e,733dd5e7-41af-4030-b957-70ff9a59df54,009bae3f-9085-415e-81bf-b86503fa9115,1,
74be8d2b-1685-43d2-a9d6-b5b5e57b6d7d,733dd5e7-41af-4030-b957-70ff9a59df54,3ea805cf-d96a-4098-9682-f85f57267e43,1,
c449cd3c-de96-4f20-9b62-000af72bfec1,733dd5e7-41af-4030-b957-70ff9a59df54,d9b9480a-a1e4-49d4-b8b5-a28a761924b7,4,Sample English review 1242.
173e0e36-8f1e-4e21-9404-69de18c759d1,733dd5e7-41af-4030-b957-70ff9a59df54,33b5c78e-cad2-4331-b9b9-a38ef8954dec,10,Sample English review 1243.
955c2265-a10b-45e5-b9c2-2f44f71740f0,733dd5e7-41af-4030-b957-70ff9a59df54,aa451009-5df5-4e3e-bce7-7ad1ac26b289,1,
45617bde-0321-4221-80a3-58c5157d552d,733dd5e7-41af-4030-b957-70ff9a59df54,7bd0bc4e-e14f-4f46-8e8b-d015a6b4ebc1,9,Sample English review 1245.
24655387-f458-499f-9007-c2a718ef3778,733dd5e7-41af-4030-b957-70ff9a59df54,8a99736e-dad6-489d-aa46-0ee02356e5fe,8,Sample English review 1246.
b0fb6b64-62e0-453a-9d2d-d8df7883ea1b,733dd5e7-41af-4030-b957-70ff9a59df54,b3bb325c-6f93-4946-9d94-ca835b5be056,8,Sample English review 1247.
e00f598e-d925-4317-aff9-3fc379ac0d55,733dd5e7-41af-4030-b957-70ff9a59df54,67d8b4ad-4640-43f2-9c53-6b4929f30103,3,Sample English review 1248.
8051e53a-e3dd-4a6c-b1bf-965d288c41b1,733dd5e7-41af-4030-b957-70ff9a59df54,81de516b-9d80-447a-a5f3-7f542dab2e6f,1,
a91364bc-5b6d-461f-9007-1adcba8d911a,733dd5e7-41af-4030-b957-70ff9a59df54,0db8d5e2-1888-4d9f-a451-2f6e2a3e0f7d,3,Sample English review 1250.
087b764b-c0fb-4d2a-9d7d-96fd6fcda10f,733dd5e7-41af-4030-b957-70ff9a59df54,62531f1e-00a6-4fce-ab03-320c8c0852e8,8,Sample English review 1251.
8af721fa-44ec-4de8-945d-159e60e1b961,733dd5e7-41af-4030-b957-70ff9a59df54,2fd567ca-8efe-4948-bebd-a1a56f976d42,6,Sample English review 1252.
77c0593a-f8b9-4871-9545-ae21260d6b78,733dd5e7-41af-4030-b957-70ff9a59df54,dac8e4dd-9f17-46ef-9865-5e025b74bf9a,10,Sample English review 1253.
98f492ee-b109-41ed-bdf1-f70279de3282,733dd5e7-41af-4030-b957-70ff9a59df54,0eda6729-995b-43a0-9a17-b89035543c47,4,Sample English review 1254.
f6c3fd4e-b094-4384-8f3e-7ab076fa1c78,733dd5e7-41af-4030-b957-70ff9a59df54,9008a579-51a2-4cde-80db-8e277bfd15c0,7,Sample English review 1255.
e1028e25-6a36-4b89-8d64-5031076b37c8,733dd5e7-41af-4030-b957-70ff9a59df54,1f2f5550-69ee-4ec3-82d2-d6cf2d0fc05c,4,
5872aca4-08d3-42cc-957d-8ca50abbf214,2df39ed2-8d55-4073-a236-0d1483999e8b,1afd4484-49c1-4870-b60c-c754c4ce04d0,9,Sample English review 1257.
91dd90f7-523b-4549-b2c8-3064144886d1,56fe01d3-a9d7-4926-b9a6-941a99feffaf,99f8ef2d-c0e8-4290-83a6-b460677b198d,5,Sample English review 1258.
88327d88-b3fe-4084-85ff-f3136447b50e,56fe01d3-a9d7-4926-b9a6-941a99feffaf,1aa28ea9-5df1-4ce1-a2db-7524bfcfd4ee,9,
24218cd4-5574-4b7a-a552-f31af29d761e,56fe01d3-a9d7-4926-b9a6-941a99feffaf,08c2602d-87d3-4851-b7fb-2bad244b5357,1,Sample English review 1260.
34caaeca-7cb0-4f16-8761-e88982daaf1c,56fe01d3-a9d7-4926-b9a6-941a99feffaf,009bae3f-9085-415e-81bf-b86503fa9115,8,
e3cd9ec2-bcf7-4e44-9470-d716a7675384,56fe01d3-a9d7-4926-b9a6-941a99feffaf,d01b25df-fe4a-4617-b8b9-ee0c60db6556,5,Sample English review 1262.
4c51b08f-6589-4b53-8911-cc5e3b26fa49,56fe01d3-a9d7-4926-b9a6-941a99feffaf,1afd4484-49c1-4870-b60c-c754c4ce04d0,6,
25d03876-8710-4ccf-977c-78d5b8a1592a,56fe01d3-a9d7-4926-b9a6-941a99feffaf,ecab2181-cb9d-42f7-b110-65986cef6204,5,Sample English review 1264.
7a5f1572-2679-4b3e-a427-993220849ba0,56fe01d3-a9d7-4926-b9a6-941a99feffaf,5fb1457b-691f-48fd-aeca-0103d0a88833,1,Sample English review 1265.
fa09ade9-8bef-44f2-a21a-c42302c6149c,3006fd4d-ebec-48c5-bb87-e9623ae3d33f,3e78c42e-79c6-46a5-84ba-afca64de824b,8,
87f2393f-c745-45c9-99bf-f05a260b86d6,3006fd4d-ebec-48c5-bb87-e9623ae3d33f,81d5edb0-d9b4-4d01-968c-8eda5f5b6a03,1,Sample English review 1267.
4a438f9e-1cfb-4432-b6a0-6c8053fb6cf7,2e40aa0b-d348-4f0d-a1be-e3113f2f2b05,4edba6e8-c8d9-4fe2-a682-124b91f87604,4,Sample English review 1268.
c4ef129f-8fdf-4670-8170-3b6c2ad107e7,2e40aa0b-d348-4f0d-a1be-e3113f2f2b05,1b7592f5-0e3c-4c80-b5a2-4bd6f1157cba,2,Sample English review 1269.
d8b80146-7c99-46c1-a0c2-01cf1c83c16a,2e40aa0b-d348-4f0d-a1be-e3113f2f2b05,d3206088-b25a-455a-9323-1c8d5829b0b0,1,Sample English review 1270.
b650db30-9b17-4f2d-9c80-696de8786272,2e40aa0b-d348-4f0d-a1be-e3113f2f2b05,427354fb-8736-4fd4-9ea1-30b98d1974e7,9,Sample English review 1271.
97082541-4857-423b-bc68-c10000bb9ef4,2e40aa0b-d348-4f0d-a1be-e3113f2f2b05,cf58157c-eee8-4cb1-af62-820e7aadb847,10,Sample English review 1272.
21964962-90f3-4910-a51b-85cbc723e251,2e40aa0b-d348-4f0d-a1be-e3113f2f2b05,009bae3f-9085-415e-81bf-b86503fa9115,7,Sample English review 1273.
15256433-bbae-463f-8fb8-fdf2d75297f8,2e40aa0b-d348-4f0d-a1be-e3113f2f2b05,85bbf311-5929-482a-a259-21f783c36c59,5,
62441c26-73c0-4570-b078-a3f11e34ca78,a52c6f84-0d1e-4010-967f-950ba63e9dac,74429405-c801-4e71-87cd-1d726e8cd8f7,2,Sample English review 1275.
d4ca55c0-f483-46c5-a2bf-bc1791798653,a52c6f84-0d1e-4010-967f-950ba63e9dac,cb55c939-b208-4183-9cac-dc086cdad4ea,8,Sample English review 1276.
1651c1d6-de59-4007-891f-a8c47a3bae7d,a52c6f84-0d1e-4010-967f-950ba63e9dac,47632200-a702-4992-9f11-020d87c3aaed,3,Sample English review 1277.
60f86d1c-36e2-41a0-b058-841f33441969,a52c6f84-0d1e-4010-967f-950ba63e9dac,23855b90-cb3b-4533-a756-bab9bb81426e,3,Sample English review 1278.
666ea7af-1ef7-4f78-bcd6-83e2a559107e,a52c6f84-0d1e-4010-967f-950ba63e9dac,47ae8c16-2d72-4c6b-8a12-3dac47db6ed7,3,Sample English review 1279.
ee27410c-af05-4c57-852f-49f493629439,be8644b0-1a9d-4976-9507-b01d850ec5f0,708f4f48-f883-4f49-97ee-2c0a91c249de,10,Sample English review 1280.
1e539cd0-ffb7-40ac-a996-ba7d28e8b0db,be8644b0-1a9d-4976-9507-b01d850ec5f0,6358f21d-d22d-4f6c-b15e-7a1b7ba90800,7,Sample English review 1281.
277484d3-a024-466e-8e79-f45a0f9f4a53,be8644b0-1a9d-4976-9507-b01d850ec5f0,f58f62f8-c6cd-4d19-adce-d4d1da14b149,9,
74d331a3-8a5c-49e1-84e4-913e3a4aea51,be8644b0-1a9d-4976-9507-b01d850ec5f0,37887751-4d47-4e5c-98fd-9fa0dc90314c,7,
0351687d-6592-4aeb-a447-ee9e96fb4c59,be8644b0-1a9d-4976-9507-b01d850ec5f0,e52406b3-6af5-42dc-a087-fe3f73c2cb30,7,Sample English review 1284.
b0568b6e-b2fd-446c-87d3-6cad71464512,be8644b0-1a9d-4976-9507-b01d850ec5f0,1b3bae68-e409-4055-a2c3-d5f42604c9b1,10,Sample English review 1285.
0914baa2-b4c1-43c5-971f-3e1312c36c0d,be8644b0-1a9d-4976-9507-b01d850ec5f0,1aa28ea9-5df1-4ce1-a2db-7524bfcfd4ee,3,
f684be54-f560-49eb-b64a-5e5fe0243f74,be8644b0-1a9d-4976-9507-b01d850ec5f0,8a99736e-dad6-489d-aa46-0ee02356e5fe,3,Sample English review 1287.
f60175f0-136f-4e12-a620-8695693208b0,be8644b0-1a9d-4976-9507-b01d850ec5f0,425035ef-0093-422c-a760-2740c95f4457,9,Sample English review 1288.
f06e655a-2360-468b-bd42-cd429f72074b,be8644b0-1a9d-4976-9507-b01d850ec5f0,502dde18-86e1-4b5c-88c2-8010d067ede7,7,
78f84492-44c7-4f84-a3f8-6f783db4115d,be8644b0-1a9d-4976-9507-b01d850ec5f0,d01b25df-fe4a-4617-b8b9-ee0c60db6556,6,
a86e1e04-8adc-4e6a-a015-194fbd94e7d3,be8644b0-1a9d-4976-9507-b01d850ec5f0,3c16d474-f898-4cfe-b924-7c38bea20d5c,5,Sample English review 1291.
bcb75d0c-4114-4647-9b22-56d2d696ccd2,be8644b0-1a9d-4976-9507-b01d850ec5f0,f4fa3e26-130b-42f5-8e08-2d4f884e080d,1,Sample English review 1292.
9dfc2b0b-3875-4f30-be3f-bbf28e438654,be8644b0-1a9d-4976-9507-b01d850ec5f0,05de5279-613f-4b9e-b38d-1e4203d75c1a,5,Sample English review 1293.
cd1fad1b-9f00-427b-8bac-0dc9626fa472,be8644b0-1a9d-4976-9507-b01d850ec5f0,33875037-f579-42ed-8aba-818a640c90d9,8,Sample English review 1294.
ff701d30-3ccd-428a-b659-81a0e8659d7e,be8644b0-1a9d-4976-9507-b01d850ec5f0,d3206088-b25a-455a-9323-1c8d5829b0b0,3,Sample English review 1295.
68239948-581b-4c31-b40f-b36acbf57192,be8644b0-1a9d-4976-9507-b01d850ec5f0,5e77bfad-cca1-40e3-9460-368c94829eed,7,Sample English review 1296.
2e03aa66-1cbe-40f3-877b-fb4fce16a34b,343840e1-a0f8-4fe9-8555-99aba1b80ed6,21bf0f34-fea3-4cb9-b9a7-94e72ffacc8a,10,Sample English review 1297.
364b3a48-ff2c-4919-aa78-288d11a47e14,343840e1-a0f8-4fe9-8555-99aba1b80ed6,1afd4484-49c1-4870-b60c-c754c4ce04d0,3,Sample English review 1298.
5733e220-4cde-469d-a8fc-4a0197e411e2,343840e1-a0f8-4fe9-8555-99aba1b80ed6,6c34f6f7-2682-4513-951e-96f325e7eb19,7,Sample English review 1299.
6054daae-63b2-4cfb-9c48-7ce4f676a4ea,343840e1-a0f8-4fe9-8555-99aba1b80ed6,3ea805cf-d96a-4098-9682-f85f57267e43,7,Sample English review 1300.
1224fda6-c530-4059-b832-b0a3c0050d42,343840e1-a0f8-4fe9-8555-99aba1b80ed6,1444ba20-39ac-43a5-bccc-1cc41c2f03b1,5,Sample English review 1301.
21b98db3-b7ee-4d46-8344-a01044a51af5,343840e1-a0f8-4fe9-8555-99aba1b80ed6,09876245-335b-4ddd-bdbf-a33e23abc2fb,5,Sample English review 1302.
18e224cb-c731-4eab-94a7-e6ae0e2f2f90,343840e1-a0f8-4fe9-8555-99aba1b80ed6,67021090-97c3-44f2-82ed-cf5f65828f38,4,Sample English review 1303.
b78564c7-02a3-4ec6-beec-ac2cbf3c70b0,343840e1-a0f8-4fe9-8555-99aba1b80ed6,b51a7d8d-dbc7-426e-9013-dd2124a444bb,3,
4a240a80-cad6-43fb-96d8-3d00139bad41,343840e1-a0f8-4fe9-8555-99aba1b80ed6,7338dd63-a1d1-4e74-9759-cd17bae3c0d8,10,
8904c335-a1e5-41ac-be70-b7475097d37d,6181364f-d44d-442b-90f1-263f66f8ede3,3844a965-19f9-41ec-9515-28393113f8c8,1,Sample English review 1306.
206cf639-0076-4e25-af95-a5f33f1ab7b3,6181364f-d44d-442b-90f1-263f66f8ede3,74429405-c801-4e71-87cd-1d726e8cd8f7,1,Sample English review 1307.
cb22f384-c994-47ee-9638-f32e00bf1df1,6181364f-d44d-442b-90f1-263f66f8ede3,08c2602d-87d3-4851-b7fb-2bad244b5357,10,Sample English review 1308.
d87c2ddf-f6e2-4f5a-8a1b-ac83e3331787,f35463f1-0560-4ed7-b67b-96d5abf80fb1,ccda4639-3814-4892-99ea-7aa00cd42d49,9,
044dc449-7008-4094-bfd6-21a4f1bba86e,f35463f1-0560-4ed7-b67b-96d5abf80fb1,5fb1457b-691f-48fd-aeca-0103d0a88833,1,Sample English review 1310.
495dcaf2-8917-4cde-b083-b6a9bcc95ccb,f35463f1-0560-4ed7-b67b-96d5abf80fb1,502dde18-86e1-4b5c-88c2-8010d067ede7,4,Sample English review 1311.
a056be9a-1c48-4ba4-96e5-fd625927f09b,f35463f1-0560-4ed7-b67b-96d5abf80fb1,138aca2e-a48d-46a6-ac06-c902efe4fd18,8,
ac305922-ed61-4f91-b0ea-cfa3c2cc6c55,f35463f1-0560-4ed7-b67b-96d5abf80fb1,67021090-97c3-44f2-82ed-cf5f65828f38,7,
1f0b69fd-27bf-49c9-b8a8-8977742fdade,f35463f1-0560-4ed7-b67b-96d5abf80fb1,09dc474c-41e1-47c7-bd11-8bcc61aba3cc,3,
d921d03c-1ff4-4723-ad48-c47f1d3c909d,f35463f1-0560-4ed7-b67b-96d5abf80fb1,8ff07004-cedb-4c53-a5dd-a034c6073f8e,2,
eade9252-5fd6-4dc0-b5ac-88e6ad41f306,f35463f1-0560-4ed7-b67b-96d5abf80fb1,6c34f6f7-2682-4513-951e-96f325e7eb19,1,
7775d678-ad9e-44a7-ba95-794ae8b76f0f,f35463f1-0560-4ed7-b67b-96d5abf80fb1,2fd567ca-8efe-4948-bebd-a1a56f976d42,9,Sample English review 1317.
95aa9635-7ae2-4d3d-9d34-a186d209ca83,f35463f1-0560-4ed7-b67b-96d5abf80fb1,3844a965-19f9-41ec-9515-28393113f8c8,8,Sample English review 1318.
74ecc1f1-1b49-43f7-b5cc-d9dead18ca4d,f35463f1-0560-4ed7-b67b-96d5abf80fb1,24ce7888-3716-43b8-9d28-4239e17abe25,2,
3818a48f-3b1d-457c-a8aa-4449efd6c2a5,f35463f1-0560-4ed7-b67b-96d5abf80fb1,9bc42e46-67c9-447f-be78-4ae50e491d93,9,Sample English review 1320.
214d3a11-8e64-4c87-ad9b-ebdd0916f49f,f35463f1-0560-4ed7-b67b-96d5abf80fb1,67d8b4ad-4640-43f2-9c53-6b4929f30103,9,Sample English review 1321.
91a81ddb-5759-4899-b3cf-c07b89df1156,f35463f1-0560-4ed7-b67b-96d5abf80fb1,708f4f48-f883-4f49-97ee-2c0a91c249de,2,Sample English review 1322.
1af4ebe4-d65c-4b3d-aa4b-19e54abdd4d1,f35463f1-0560-4ed7-b67b-96d5abf80fb1,c3820118-4994-4049-8719-6d71466870fe,10,Sample English review 1323.
5d71d23a-0766-471a-b578-73b3a9f90de1,f35463f1-0560-4ed7-b67b-96d5abf80fb1,09901650-fe76-4f18-9bf9-e24256f4909e,7,Sample English review 1324.
50630b0e-45c3-4266-afb7-05cf6bcf0f5d,f35463f1-0560-4ed7-b67b-96d5abf80fb1,4edba6e8-c8d9-4fe2-a682-124b91f87604,1,Sample English review 1325.
559b858a-9946-4c74-a2fd-8083875b3c13,f35463f1-0560-4ed7-b67b-96d5abf80fb1,ebaef81b-0f73-4e06-bb20-5ef173be29af,9,Sample English review 1326.
9406dfa8-0841-4e33-b09f-913ce401f41d,f35463f1-0560-4ed7-b67b-96d5abf80fb1,3ea805cf-d96a-4098-9682-f85f57267e43,4,Sample English review 1327.
35e11b5e-ef34-4e5d-b3ae-a273f4e21067,f35463f1-0560-4ed7-b67b-96d5abf80fb1,99f6f5c3-1cb9-4fe1-ab1a-aa9c1d16dbd0,1,
23b9e49d-a86e-46bd-81bf-51a08719517a,85ec75c8-a649-44af-88fc-eabcbe67d275,67d8b4ad-4640-43f2-9c53-6b4929f30103,7,Sample English review 1329.
b8667feb-3b6f-4ca8-b960-f4a2abb146e4,85ec75c8-a649-44af-88fc-eabcbe67d275,ecab2181-cb9d-42f7-b110-65986cef6204,8,Sample English review 1330.
30774f2d-0007-488a-be74-3a408f11e8fe,85ec75c8-a649-44af-88fc-eabcbe67d275,ecdbf5f6-ea6e-48ad-8cf1-165f8682b135,9,Sample English review 1331.
59e3c631-bd1c-42ba-8dfb-ee665b340b20,85ec75c8-a649-44af-88fc-eabcbe67d275,2752b069-f76a-4957-8807-6237a31f6d2c,9,Sample English review 1332.
5aa51ff6-9f5f-468d-b071-0bbfaaddf38e,85ec75c8-a649-44af-88fc-eabcbe67d275,1aa28ea9-5df1-4ce1-a2db-7524bfcfd4ee,8,Sample English review 1333.
916ae36b-9b64-4e49-9ab7-248f3501ff98,85ec75c8-a649-44af-88fc-eabcbe67d275,6dc440b0-7d0d-4e8c-8dfa-aacb16c25536,8,
a631b137-9545-4fcb-a4f5-7e0b0ec8a7a4,85ec75c8-a649-44af-88fc-eabcbe67d275,4edba6e8-c8d9-4fe2-a682-124b91f87604,5,Sample English review 1335.
b5fc8701-b824-4d17-bb69-b2ef4acf8e23,85ec75c8-a649-44af-88fc-eabcbe67d275,cb55c939-b208-4183-9cac-dc086cdad4ea,10,Sample English review 1336.
6366d83a-e3d9-4258-bc8a-94c0fd5be93d,85ec75c8-a649-44af-88fc-eabcbe67d275,77ae4c44-0946-4323-afdc-9932fc01f4c6,3,Sample English review 1337.
355fd111-fa50-4e33-abda-f8b453af5bd7,85ec75c8-a649-44af-88fc-eabcbe67d275,4ad5c73a-5c99-4e98-9d90-0e03b0986909,1,Sample English review 1338.
cafe6b5e-ecca-4283-a986-1aa543b7325f,85ec75c8-a649-44af-88fc-eabcbe67d275,47aa0eb4-151b-4307-b50f-cdd5a44970fd,1,Sample English review 1339.
7f21f65d-e27f-4c61-9420-02dbbbcdf50b,85ec75c8-a649-44af-88fc-eabcbe67d275,b3bb325c-6f93-4946-9d94-ca835b5be056,5,Sample English review 1340.
bd488b78-fc62-4ff9-a00c-32ff36b6c19f,670f4120-0a6c-437d-a583-2f3a5b1db879,f58f62f8-c6cd-4d19-adce-d4d1da14b149,6,
ba837c2b-b5a9-49fd-b9ec-58068cf81b3b,670f4120-0a6c-437d-a583-2f3a5b1db879,0c6967ae-a4d8-4920-9d51-c7d95b61d752,10,Sample English review 1342.
cbe433de-c99d-40cd-9086-f5d6281fe51a,670f4120-0a6c-437d-a583-2f3a5b1db879,81d5edb0-d9b4-4d01-968c-8eda5f5b6a03,3,Sample English review 1343.
9cf75ffb-0bb4-4e25-9b68-a00008596188,670f4120-0a6c-437d-a583-2f3a5b1db879,8a99736e-dad6-489d-aa46-0ee02356e5fe,8,Sample English review 1344.
d096ca20-ecf2-4fe9-9a58-b23848360bd7,670f4120-0a6c-437d-a583-2f3a5b1db879,6d0ed363-2c1a-43f7-958a-0e0cb6ea3e49,8,
202405d3-eb63-4d1e-b6d0-6e0e44719b0e,670f4120-0a6c-437d-a583-2f3a5b1db879,3ea805cf-d96a-4098-9682-f85f57267e43,8,
acb24f53-3fd1-48ea-8567-501e6316b909,670f4120-0a6c-437d-a583-2f3a5b1db879,5fb1457b-691f-48fd-aeca-0103d0a88833,7,
a7e2be13-ba82-4f77-8cfc-453a82afd284,aa6b681e-3a5e-4d4d-9cf2-28df2edfc6b4,f9a7e8ba-2326-4fd7-b228-98060197c4f6,3,Sample English review 1348.
ba829a81-0713-4a16-a70d-93f5656f9f24,aa6b681e-3a5e-4d4d-9cf2-28df2edfc6b4,138aca2e-a48d-46a6-ac06-c902efe4fd18,7,Sample English review 1349.
013a6628-ca33-4202-bed0-e217ff16b7a2,1e68e208-773d-411e-b7b9-537e48e61d51,d3206088-b25a-455a-9323-1c8d5829b0b0,2,
0e18b3b4-5448-4e5a-ad5a-409eb8f40c48,1e68e208-773d-411e-b7b9-537e48e61d51,4ad5c73a-5c99-4e98-9d90-0e03b0986909,6,
11180d2c-cc01-486c-8e89-42ea64872258,1e68e208-773d-411e-b7b9-537e48e61d51,2c417aef-cf61-4d18-ae06-06ba2317f36f,6,Sample English review 1352.
e3ad20cd-c621-4458-9bcb-4893c0992b95,1e68e208-773d-411e-b7b9-537e48e61d51,677a4d7a-ae9b-4bdb-a72f-67f73eba99c7,7,Sample English review 1353.
72917a28-a47a-409d-b9aa-45c70a76ce0d,1e68e208-773d-411e-b7b9-537e48e61d51,2d56957e-9087-4750-8598-9d99f1933845,5,Sample English review 1354.
2014a40c-7c76-4683-b659-b5971ec30125,1e68e208-773d-411e-b7b9-537e48e61d51,ac393398-9266-4f9c-8a2d-d14ae2aa114e,10,Sample English review 1355.
14ecb08f-a969-4056-978f-38cd5bfd18ba,1e68e208-773d-411e-b7b9-537e48e61d51,2752b069-f76a-4957-8807-6237a31f6d2c,9,Sample English review 1356.
4ebdc2c2-0c04-43ba-811e-6cb54efcc56c,1e68e208-773d-411e-b7b9-537e48e61d51,37887751-4d47-4e5c-98fd-9fa0dc90314c,6,Sample English review 1357.
7e1ca81c-22e9-4cc1-a868-0dc24f7b1cfb,1e68e208-773d-411e-b7b9-537e48e61d51,4edba6e8-c8d9-4fe2-a682-124b91f87604,7,Sample English review 1358.
15b7352f-5902-4f36-aecd-c88b029aa860,1e68e208-773d-411e-b7b9-537e48e61d51,5e77bfad-cca1-40e3-9460-368c94829eed,9,
cccdb28b-839a-4b52-a41b-10ab6c938029,1e68e208-773d-411e-b7b9-537e48e61d51,0db8d5e2-1888-4d9f-a451-2f6e2a3e0f7d,9,Sample English review 1360.
5af4d8d9-37ee-45eb-a7d6-cb343881f213,1e68e208-773d-411e-b7b9-537e48e61d51,9dae46b7-7f1a-4d67-b808-9e9c1b622d6c,5,Sample English review 1361.
ef0a4c8e-e5f5-4021-8bfe-9ce62df24712,1e68e208-773d-411e-b7b9-537e48e61d51,3844a965-19f9-41ec-9515-28393113f8c8,6,Sample English review 1362.
58e06e19-f567-4888-8117-28bc0b337180,1e68e208-773d-411e-b7b9-537e48e61d51,1afd4484-49c1-4870-b60c-c754c4ce04d0,2,
28bacbee-b6d4-4acc-b982-b5c6243cc2ae,1e68e208-773d-411e-b7b9-537e48e61d51,24ce7888-3716-43b8-9d28-4239e17abe25,8,Sample English review 1364.
ac3c2667-2558-481c-ae68-e9a10843fbc3,1e68e208-773d-411e-b7b9-537e48e61d51,138aca2e-a48d-46a6-ac06-c902efe4fd18,1,Sample English review 1365.
ffd601cc-22c8-403e-a2f7-1cc9dcea0ab3,1e68e208-773d-411e-b7b9-537e48e61d51,0c6967ae-a4d8-4920-9d51-c7d95b61d752,7,Sample English review 1366.
00566da7-6f63-4518-b4a1-205d655fd19a,1e68e208-773d-411e-b7b9-537e48e61d51,9c0da375-3d5a-4608-b8c7-9e36139d6c33,10,Sample English review 1367.
db3ec174-37b6-4fc6-9fb8-64d7c5a7ad0a,1e68e208-773d-411e-b7b9-537e48e61d51,9bc42e46-67c9-447f-be78-4ae50e491d93,10,Sample English review 1368.
71edbe96-cbf9-4af0-933d-7009b141186c,7af20292-c0f3-48a6-aa1b-cd177d5e0062,0db8d5e2-1888-4d9f-a451-2f6e2a3e0f7d,8,Sample English review 1369.
9dd5c050-8776-4319-bc4e-194b905fd24b,7af20292-c0f3-48a6-aa1b-cd177d5e0062,ac17d6c1-f9a9-42be-9c29-6670939d8d5e,6,
545afd53-8d54-4631-83a2-85840ee362b1,7af20292-c0f3-48a6-aa1b-cd177d5e0062,34e41375-9db2-4e92-9f7d-76f36353f4e6,3,
91144e7c-7540-4378-97da-604010ae809f,7975af96-8c01-428c-860a-a68452dceb00,2fd567ca-8efe-4948-bebd-a1a56f976d42,7,Sample English review 1372.
72f9597b-86b8-4de8-b9a0-df8d92aabf38,7975af96-8c01-428c-860a-a68452dceb00,b51a7d8d-dbc7-426e-9013-dd2124a444bb,10,Sample English review 1373.
f69619ea-7abb-46ec-bf4c-00bf9de06720,7975af96-8c01-428c-860a-a68452dceb00,979d4dea-2a55-46c2-a9d1-95d1bd7fab87,2,Sample English review 1374.
a5db657c-56b3-4c88-9df6-81d39e0de0c0,7975af96-8c01-428c-860a-a68452dceb00,62531f1e-00a6-4fce-ab03-320c8c0852e8,9,Sample English review 1375.
d00f9d2c-15fb-4651-b73b-b2b7022e128b,7975af96-8c01-428c-860a-a68452dceb00,b3bb325c-6f93-4946-9d94-ca835b5be056,10,
92ae5b56-d996-48a0-a8a1-3c1f72e34fdd,7975af96-8c01-428c-860a-a68452dceb00,ecab2181-cb9d-42f7-b110-65986cef6204,6,
55096d0b-84af-4092-9821-2f20c8a6b61e,7975af96-8c01-428c-860a-a68452dceb00,09876245-335b-4ddd-bdbf-a33e23abc2fb,5,Sample English review 1378.
d635ed63-43a8-4e0c-862e-3931fc980cac,7975af96-8c01-428c-860a-a68452dceb00,5fb1457b-691f-48fd-aeca-0103d0a88833,6,Sample English review 1379.
2a6715db-75d1-453d-8ecf-ca5d39e6ce99,7975af96-8c01-428c-860a-a68452dceb00,7c08735f-311c-4060-9637-87bee6bf9673,10,Sample English review 1380.
d09d970c-eabc-434a-895a-9dca321418d7,7975af96-8c01-428c-860a-a68452dceb00,425035ef-0093-422c-a760-2740c95f4457,8,Sample English review 1381.
95e83752-f3a3-4b20-8157-c718ce6da261,7975af96-8c01-428c-860a-a68452dceb00,0eda6729-995b-43a0-9a17-b89035543c47,3,Sample English review 1382.
e535c69a-88a8-43eb-9ead-3b070b4112b2,7975af96-8c01-428c-860a-a68452dceb00,47aa0eb4-151b-4307-b50f-cdd5a44970fd,9,Sample English review 1383.
cc090816-ed30-4b72-8855-4d608e9c48f3,7975af96-8c01-428c-860a-a68452dceb00,2752b069-f76a-4957-8807-6237a31f6d2c,8,Sample English review 1384.
f71c178d-ffff-4849-ab73-6c7b142616d1,7975af96-8c01-428c-860a-a68452dceb00,f4fa3e26-130b-42f5-8e08-2d4f884e080d,6,Sample English review 1385.
33c1a0a8-6a1c-47c3-9245-2c1b58b8fe5a,7975af96-8c01-428c-860a-a68452dceb00,85bbf311-5929-482a-a259-21f783c36c59,1,Sample English review 1386.
c35b74ed-46b4-494d-ba4c-d8dcfaa9b8e4,7975af96-8c01-428c-860a-a68452dceb00,aa451009-5df5-4e3e-bce7-7ad1ac26b289,2,Sample English review 1387.
ce40a7ff-4674-4436-b29b-ccb3457fb64d,7975af96-8c01-428c-860a-a68452dceb00,502dde18-86e1-4b5c-88c2-8010d067ede7,7,Sample English review 1388.
41668317-625b-47be-8e74-0ec3948474b6,7975af96-8c01-428c-860a-a68452dceb00,2c417aef-cf61-4d18-ae06-06ba2317f36f,6,Sample English review 1389.
9965f038-a37e-4d8e-9b0e-a6bde8b8ccda,7975af96-8c01-428c-860a-a68452dceb00,677a4d7a-ae9b-4bdb-a72f-67f73eba99c7,3,Sample English review 1390.
05690724-87d9-492a-a774-186fa3592e6a,7975af96-8c01-428c-860a-a68452dceb00,6358f21d-d22d-4f6c-b15e-7a1b7ba90800,10,Sample English review 1391.
ef918b17-0530-4bf9-a41d-472edc4f87ed,7975af96-8c01-428c-860a-a68452dceb00,74429405-c801-4e71-87cd-1d726e8cd8f7,1,Sample English review 1392.
39af5b42-14ba-490c-aefd-50db6f7c2a81,7975af96-8c01-428c-860a-a68452dceb00,99f6f5c3-1cb9-4fe1-ab1a-aa9c1d16dbd0,8,Sample English review 1393.
23f999df-2c96-42fb-a3c1-3ec02c4cb1c9,923704fa-1e9d-474a-acdf-8e82de81996a,67021090-97c3-44f2-82ed-cf5f65828f38,6,Sample English review 1394.
c8a243b5-5edf-44cd-9cd8-8ea60ec0d743,923704fa-1e9d-474a-acdf-8e82de81996a,502dde18-86e1-4b5c-88c2-8010d067ede7,6,Sample English review 1395.
ad4f65e1-78a3-4c1f-9f7d-de3b8c0bf980,923704fa-1e9d-474a-acdf-8e82de81996a,a3128f74-4fcf-4cae-b2db-d585516780d1,10,Sample English review 1396.
027af637-2260-4256-853f-c785d6532793,923704fa-1e9d-474a-acdf-8e82de81996a,81d5edb0-d9b4-4d01-968c-8eda5f5b6a03,1,Sample English review 1397.
441e7058-074e-4ad1-aa4a-dfe9759ee908,923704fa-1e9d-474a-acdf-8e82de81996a,33b5c78e-cad2-4331-b9b9-a38ef8954dec,6,Sample English review 1398.
46c18dd0-7981-4ff7-8e2e-f65960034e01,923704fa-1e9d-474a-acdf-8e82de81996a,62531f1e-00a6-4fce-ab03-320c8c0852e8,10,Sample English review 1399.
ebfa9d5a-34cf-4335-9920-f25d44fbe9ed,923704fa-1e9d-474a-acdf-8e82de81996a,7bd0bc4e-e14f-4f46-8e8b-d015a6b4ebc1,6,Sample English review 1400.
1760c7f2-9cdc-4489-913f-d00152a0e4a8,923704fa-1e9d-474a-acdf-8e82de81996a,1b3bae68-e409-4055-a2c3-d5f42604c9b1,1,Sample English review 1401.
619e193c-84a7-4fdc-83ad-e8e404ec8696,923704fa-1e9d-474a-acdf-8e82de81996a,d51ce7b5-dd79-4d62-93c4-4a7cff3d22e3,8,
6af8060e-7119-4992-ade3-70c795e1528f,923704fa-1e9d-474a-acdf-8e82de81996a,81de516b-9d80-447a-a5f3-7f542dab2e6f,10,
89c7a0cb-3dbe-42a9-9cd9-7eede5e114c3,923704fa-1e9d-474a-acdf-8e82de81996a,425035ef-0093-422c-a760-2740c95f4457,7,
1841b0d4-3504-424c-b7a6-65391c52ede9,923704fa-1e9d-474a-acdf-8e82de81996a,e52406b3-6af5-42dc-a087-fe3f73c2cb30,9,
293b7e58-6ca9-4309-a150-a838d9d5f7b1,923704fa-1e9d-474a-acdf-8e82de81996a,ecab2181-cb9d-42f7-b110-65986cef6204,8,
94699184-e3b3-4ee3-9786-7553fa282d47,923704fa-1e9d-474a-acdf-8e82de81996a,9bc42e46-67c9-447f-be78-4ae50e491d93,3,
923580ed-67f6-4ed8-814e-ed391130b7f7,923704fa-1e9d-474a-acdf-8e82de81996a,ac17d6c1-f9a9-42be-9c29-6670939d8d5e,4,Sample English review 1408.
3863dcba-b41f-4d0a-a374-2a1a2f936b57,923704fa-1e9d-474a-acdf-8e82de81996a,4072477a-0e21-47ca-9a86-73f662b98398,7,
989223a7-9ba4-4500-b96b-a8784ea92e7b,923704fa-1e9d-474a-acdf-8e82de81996a,722c5ad2-9175-4d47-9f8a-d10e496d97f8,6,Sample English review 1410.
406790e1-91f7-449e-9ddf-903876376940,923704fa-1e9d-474a-acdf-8e82de81996a,7c08735f-311c-4060-9637-87bee6bf9673,2,Sample English review 1411.
ed027ab8-0869-463a-9e7d-75b58bbadbbb,395de405-634c-4679-b73e-894036a83722,99f8ef2d-c0e8-4290-83a6-b460677b198d,4,Sample English review 1412.
44d8b3de-d1b2-467b-a35b-07538bf89c8f,395de405-634c-4679-b73e-894036a83722,e994bf32-d050-4e52-b334-5b6074b2a959,5,
bbcea526-cc8b-49b9-ad25-21fd0b117ff0,d3929312-6e42-436f-b4a1-fd1ca0ae4d21,f4fa3e26-130b-42f5-8e08-2d4f884e080d,8,
f7fca041-c1b8-4fd1-a9dc-568ca9f4d408,d3929312-6e42-436f-b4a1-fd1ca0ae4d21,a3128f74-4fcf-4cae-b2db-d585516780d1,10,Sample English review 1415.
15e5e070-4858-486d-8576-d2f7468793be,d3929312-6e42-436f-b4a1-fd1ca0ae4d21,7c08735f-311c-4060-9637-87bee6bf9673,10,Sample English review 1416.
c981acb0-a8e6-465c-bb46-ddf079ae9b54,d3929312-6e42-436f-b4a1-fd1ca0ae4d21,f58f62f8-c6cd-4d19-adce-d4d1da14b149,4,Sample English review 1417.
c6ec6f51-3985-49ad-9d03-c7e7bd93b6cf,d3929312-6e42-436f-b4a1-fd1ca0ae4d21,425035ef-0093-422c-a760-2740c95f4457,7,Sample English review 1418.
0e7bf9d3-e080-4a76-ae36-f17e8db2ddab,d3929312-6e42-436f-b4a1-fd1ca0ae4d21,81de516b-9d80-447a-a5f3-7f542dab2e6f,8,
07093e2a-a444-4abf-8dd0-fcceb09f0dc1,d3929312-6e42-436f-b4a1-fd1ca0ae4d21,677a4d7a-ae9b-4bdb-a72f-67f73eba99c7,10,Sample English review 1420.
45112bcb-041f-4358-a690-d2c78ef4f17b,d3929312-6e42-436f-b4a1-fd1ca0ae4d21,d01b25df-fe4a-4617-b8b9-ee0c60db6556,4,Sample English review 1421.
d3288099-23df-473e-9514-6340959a670d,d3929312-6e42-436f-b4a1-fd1ca0ae4d21,6d0ed363-2c1a-43f7-958a-0e0cb6ea3e49,6,Sample English review 1422.
ef21b43e-4da8-469a-a847-1ef3d84746c0,d3929312-6e42-436f-b4a1-fd1ca0ae4d21,47aa0eb4-151b-4307-b50f-cdd5a44970fd,2,Sample English review 1423.
a9194896-48b8-40e3-952e-c2dfa7a15b63,d3929312-6e42-436f-b4a1-fd1ca0ae4d21,0db8d5e2-1888-4d9f-a451-2f6e2a3e0f7d,10,Sample English review 1424.
56792f3d-bc76-4937-98d3-91e095842894,ba1ac558-fef3-4fb8-8c1c-81904ad10b7a,7338dd63-a1d1-4e74-9759-cd17bae3c0d8,1,Sample English review 1425.
9c50fde6-3453-4b65-9ba7-c8883ad50e3f,ba1ac558-fef3-4fb8-8c1c-81904ad10b7a,0c6967ae-a4d8-4920-9d51-c7d95b61d752,1,
83d82be7-b691-4079-a4c9-ad9f7b117de1,ba1ac558-fef3-4fb8-8c1c-81904ad10b7a,1444ba20-39ac-43a5-bccc-1cc41c2f03b1,5,Sample English review 1427.
8f29a6dc-3ffa-4895-b74b-1bd6caadb023,ba1ac558-fef3-4fb8-8c1c-81904ad10b7a,ccda4639-3814-4892-99ea-7aa00cd42d49,3,
8e4caf70-c24c-4779-b41b-071b29dff9b7,ba1ac558-fef3-4fb8-8c1c-81904ad10b7a,5e77bfad-cca1-40e3-9460-368c94829eed,5,
22ae2227-5fb0-4c6c-9374-4dbf9ead0dd0,9dfbf5a8-586c-425f-acf3-927567fc38ce,85bbf311-5929-482a-a259-21f783c36c59,8,Sample English review 1430.
992a7b8b-4058-437a-aff7-646655bb1216,9dfbf5a8-586c-425f-acf3-927567fc38ce,08c2602d-87d3-4851-b7fb-2bad244b5357,3,Sample English review 1431.
5aeda4c1-6691-4ad8-8fae-cf462fc373d0,9dfbf5a8-586c-425f-acf3-927567fc38ce,fd530ba8-7ae3-47c6-b384-a6b01df494cb,3,
00bf8288-a54e-4ca0-86a6-3cde4c6b03fa,9dfbf5a8-586c-425f-acf3-927567fc38ce,cf58157c-eee8-4cb1-af62-820e7aadb847,2,Sample English review 1433.
a9e274f0-a090-43c1-b3bd-10766127a045,9dfbf5a8-586c-425f-acf3-927567fc38ce,09901650-fe76-4f18-9bf9-e24256f4909e,3,
9c9a42ba-23c0-45ca-9993-c087bd7084a6,9dfbf5a8-586c-425f-acf3-927567fc38ce,f4fa3e26-130b-42f5-8e08-2d4f884e080d,3,
a280a19b-f090-447f-8415-96f102832170,9dfbf5a8-586c-425f-acf3-927567fc38ce,24ce7888-3716-43b8-9d28-4239e17abe25,9,Sample English review 1436.
d2408b8b-1c4f-41b3-ae05-327c3d60416c,9dfbf5a8-586c-425f-acf3-927567fc38ce,47632200-a702-4992-9f11-020d87c3aaed,5,Sample English review 1437.
ac7ee137-ce5d-4f5c-b6fa-7f8a1e1c13b7,9dfbf5a8-586c-425f-acf3-927567fc38ce,6358f21d-d22d-4f6c-b15e-7a1b7ba90800,1,Sample English review 1438.
51419087-aa2e-45f9-b20e-7e2f1dbced09,9dfbf5a8-586c-425f-acf3-927567fc38ce,6d0ed363-2c1a-43f7-958a-0e0cb6ea3e49,5,Sample English review 1439.
58161828-6e86-47b1-862c-03d43529d1da,9dfbf5a8-586c-425f-acf3-927567fc38ce,e9774607-8354-4ac8-adcf-f72a1716c51b,3,Sample English review 1440.
6227e0b6-2dcd-472c-9e0f-d3b08a3791ea,9dfbf5a8-586c-425f-acf3-927567fc38ce,1f2f5550-69ee-4ec3-82d2-d6cf2d0fc05c,5,Sample English review 1441.
dea3981f-78f9-49f3-9984-1f4d722305ab,9dfbf5a8-586c-425f-acf3-927567fc38ce,3c16d474-f898-4cfe-b924-7c38bea20d5c,1,Sample English review 1442.
d8964d35-0bdd-44a9-9055-124ae8111af3,9dfbf5a8-586c-425f-acf3-927567fc38ce,8a99736e-dad6-489d-aa46-0ee02356e5fe,3,Sample English review 1443.
77efa0be-55d9-4d4c-9f7d-edb0f9fe7b91,25c201dc-152b-4cdf-b0ad-e316cea0b056,33875037-f579-42ed-8aba-818a640c90d9,5,Sample English review 1444.
85f8996b-f480-44b8-8526-1ee8c758c0db,25c201dc-152b-4cdf-b0ad-e316cea0b056,f58f62f8-c6cd-4d19-adce-d4d1da14b149,8,
c2096b2a-1108-4b41-aa76-5c098ec905b3,25c201dc-152b-4cdf-b0ad-e316cea0b056,4edba6e8-c8d9-4fe2-a682-124b91f87604,4,
e0bf7868-abfc-41d8-83c0-66fd41bd190d,25c201dc-152b-4cdf-b0ad-e316cea0b056,1aa28ea9-5df1-4ce1-a2db-7524bfcfd4ee,8,Sample English review 1447.
82ca9c34-7307-4ed9-94e5-542d25c205fc,25c201dc-152b-4cdf-b0ad-e316cea0b056,cb55c939-b208-4183-9cac-dc086cdad4ea,6,Sample English review 1448.
f7722b28-91d3-4427-897e-fc1a0510a778,809fd00f-e147-46d0-af75-5e4c5deddf1e,81de516b-9d80-447a-a5f3-7f542dab2e6f,4,Sample English review 1449.
a7772784-88bf-44b4-acf9-51ee2793f438,809fd00f-e147-46d0-af75-5e4c5deddf1e,dac8e4dd-9f17-46ef-9865-5e025b74bf9a,3,Sample English review 1450.
41a87057-66a1-414b-b565-680618cb2fce,809fd00f-e147-46d0-af75-5e4c5deddf1e,5fb1457b-691f-48fd-aeca-0103d0a88833,3,Sample English review 1451.
1bdc3426-3e34-4b5c-a36d-959887cda4bd,809fd00f-e147-46d0-af75-5e4c5deddf1e,69a62e24-d225-4d89-94b5-ae7f906b57dc,3,Sample English review 1452.
03f6c91b-64ec-4110-9723-69443665807f,eff6a1f7-76b8-4a24-8b1f-a1f7774f710c,9b151d62-177e-4736-b8e5-6cf69170f9dc,8,Sample English review 1453.
c91a2874-45d7-480d-9b3e-3f20fa20e390,eff6a1f7-76b8-4a24-8b1f-a1f7774f710c,ccda4639-3814-4892-99ea-7aa00cd42d49,3,Sample English review 1454.
9da09c7f-d842-467f-a0b5-3cf65e989b80,eff6a1f7-76b8-4a24-8b1f-a1f7774f710c,1b7592f5-0e3c-4c80-b5a2-4bd6f1157cba,6,Sample English review 1455.
84d0cf22-827a-435c-bf03-f1ad7a3386f8,eff6a1f7-76b8-4a24-8b1f-a1f7774f710c,2d56957e-9087-4750-8598-9d99f1933845,9,
068b5d4f-d277-42c2-84aa-3331e2034f1f,eff6a1f7-76b8-4a24-8b1f-a1f7774f710c,2fd567ca-8efe-4948-bebd-a1a56f976d42,7,Sample English review 1457.
0c4ff59f-b956-47ec-a02e-0cab611f51ee,eff6a1f7-76b8-4a24-8b1f-a1f7774f710c,ebaef81b-0f73-4e06-bb20-5ef173be29af,7,
75969bb3-5720-4793-b3b9-560da8645619,eff6a1f7-76b8-4a24-8b1f-a1f7774f710c,2752b069-f76a-4957-8807-6237a31f6d2c,7,Sample English review 1459.
73d26ff5-f429-4f5d-a413-18cfc25271c1,eff6a1f7-76b8-4a24-8b1f-a1f7774f710c,1afd4484-49c1-4870-b60c-c754c4ce04d0,2,Sample English review 1460.
5a1a4912-323b-4701-9c44-17f72ec202ed,eff6a1f7-76b8-4a24-8b1f-a1f7774f710c,afc8c392-95b3-4506-8d6c-719f96692939,1,
873f1194-7264-4fe3-9f12-269a3e66a149,eff6a1f7-76b8-4a24-8b1f-a1f7774f710c,24ce7888-3716-43b8-9d28-4239e17abe25,8,
7beacd8a-97df-4a87-9f33-e360fc78e263,eff6a1f7-76b8-4a24-8b1f-a1f7774f710c,d3206088-b25a-455a-9323-1c8d5829b0b0,9,Sample English review 1463.
f549dffe-8e93-4485-ba04-697ddcbbb3cc,eff6a1f7-76b8-4a24-8b1f-a1f7774f710c,67021090-97c3-44f2-82ed-cf5f65828f38,3,Sample English review 1464.
3439172e-1b4e-49bb-919c-7c8a925f4fa6,eff6a1f7-76b8-4a24-8b1f-a1f7774f710c,1b3bae68-e409-4055-a2c3-d5f42604c9b1,4,Sample English review 1465.
f0e3f312-0262-41e2-904f-1233825e8168,eff6a1f7-76b8-4a24-8b1f-a1f7774f710c,0db8d5e2-1888-4d9f-a451-2f6e2a3e0f7d,10,
5a888720-0ae4-44d2-9f10-d00eb4c034ee,eff6a1f7-76b8-4a24-8b1f-a1f7774f710c,1aa28ea9-5df1-4ce1-a2db-7524bfcfd4ee,3,Sample English review 1467.
63f7b1c0-e5dd-4141-aa88-c2a13bc42942,0af31a9a-5dc1-46f6-b741-40b3ff99fbc2,99f8ef2d-c0e8-4290-83a6-b460677b198d,5,
159c1a93-acb1-430c-9fe4-e10906c71800,0af31a9a-5dc1-46f6-b741-40b3ff99fbc2,ecdbf5f6-ea6e-48ad-8cf1-165f8682b135,7,Sample English review 1469.
18421a2c-e0bf-4a86-b30b-03ca8d45dbfb,0af31a9a-5dc1-46f6-b741-40b3ff99fbc2,3844a965-19f9-41ec-9515-28393113f8c8,2,
a0c36c0e-cf5d-421a-b8cb-f9592a940164,0af31a9a-5dc1-46f6-b741-40b3ff99fbc2,e994bf32-d050-4e52-b334-5b6074b2a959,6,
04f69f94-6618-40cd-a991-7bfdfe08ad00,0af31a9a-5dc1-46f6-b741-40b3ff99fbc2,3ea805cf-d96a-4098-9682-f85f57267e43,10,Sample English review 1472.
7866875d-a421-4038-9309-d75411043268,0af31a9a-5dc1-46f6-b741-40b3ff99fbc2,3c16d474-f898-4cfe-b924-7c38bea20d5c,1,
4621981d-ac7d-4abd-95c9-b1a42ad4c036,0af31a9a-5dc1-46f6-b741-40b3ff99fbc2,cf58157c-eee8-4cb1-af62-820e7aadb847,1,Sample English review 1474.
63ce4fb1-9a64-4ac3-9226-3287cfd782a1,0af31a9a-5dc1-46f6-b741-40b3ff99fbc2,05de5279-613f-4b9e-b38d-1e4203d75c1a,4,Sample English review 1475.
a353220e-0feb-4635-866c-29e9b31e3a10,0af31a9a-5dc1-46f6-b741-40b3ff99fbc2,d51ce7b5-dd79-4d62-93c4-4a7cff3d22e3,10,
2d3c504e-a403-43db-b9b0-d947a0c74771,0af31a9a-5dc1-46f6-b741-40b3ff99fbc2,5597d267-e508-4a43-8244-f8ec9fdecae4,8,
89f2e635-62df-44a4-a84f-48fc87623a81,0af31a9a-5dc1-46f6-b741-40b3ff99fbc2,f9a7e8ba-2326-4fd7-b228-98060197c4f6,1,Sample English review 1478.
83c40aff-ee8b-45c5-a91f-aa22af8075b3,0af31a9a-5dc1-46f6-b741-40b3ff99fbc2,d3206088-b25a-455a-9323-1c8d5829b0b0,1,
2f75c85c-ee62-46a8-ba20-4cc6fed1609a,0af31a9a-5dc1-46f6-b741-40b3ff99fbc2,1aa28ea9-5df1-4ce1-a2db-7524bfcfd4ee,5,Sample English review 1480.
b3214161-d475-495c-8d87-e5fd90112025,ee59a29e-d65d-47e0-a61f-544a5c6dd833,67d8b4ad-4640-43f2-9c53-6b4929f30103,9,Sample English review 1481.
26cdfef5-d7c3-49fe-b276-154bf4744ae1,ee59a29e-d65d-47e0-a61f-544a5c6dd833,d9b9480a-a1e4-49d4-b8b5-a28a761924b7,8,
2cc2434d-06c2-414a-9559-feced052904f,ee59a29e-d65d-47e0-a61f-544a5c6dd833,427354fb-8736-4fd4-9ea1-30b98d1974e7,10,Sample English review 1483.
38786d86-9146-4a30-a396-e734ea513dd0,ee59a29e-d65d-47e0-a61f-544a5c6dd833,138aca2e-a48d-46a6-ac06-c902efe4fd18,6,Sample English review 1484.
6269a5ca-c365-493f-9788-3aad4fde5a7b,ee59a29e-d65d-47e0-a61f-544a5c6dd833,7c08735f-311c-4060-9637-87bee6bf9673,4,Sample English review 1485.
3ddbbb8e-52e2-44f1-abd9-6227b67b1740,ee59a29e-d65d-47e0-a61f-544a5c6dd833,b51a7d8d-dbc7-426e-9013-dd2124a444bb,8,
992f5bd5-48d9-4b3c-ad4b-da24dcefb02d,ee59a29e-d65d-47e0-a61f-544a5c6dd833,6358f21d-d22d-4f6c-b15e-7a1b7ba90800,8,Sample English review 1487.
0186428d-3fd9-4820-a4ae-d27192a639aa,ee59a29e-d65d-47e0-a61f-544a5c6dd833,05de5279-613f-4b9e-b38d-1e4203d75c1a,5,Sample English review 1488.
abac219e-c592-4614-bb2a-3aade0bd16ca,ee59a29e-d65d-47e0-a61f-544a5c6dd833,ebaef81b-0f73-4e06-bb20-5ef173be29af,8,Sample English review 1489.
963ea036-ad19-4b25-8d04-e16b4d9740ee,ee59a29e-d65d-47e0-a61f-544a5c6dd833,24ce7888-3716-43b8-9d28-4239e17abe25,5,Sample English review 1490.
651ba8d8-02d4-47b2-8036-95573b844eab,ee59a29e-d65d-47e0-a61f-544a5c6dd833,1afd4484-49c1-4870-b60c-c754c4ce04d0,1,Sample English review 1491.
e08788e9-7951-4923-95bf-301c6c27d390,82c15435-26f2-46ec-ab66-43cced8701e7,502dde18-86e1-4b5c-88c2-8010d067ede7,2,Sample English review 1492.
8e911612-7dc3-4d33-8c28-9dd7c4736262,82c15435-26f2-46ec-ab66-43cced8701e7,4072477a-0e21-47ca-9a86-73f662b98398,5,
37e351fb-38e6-4936-b83b-32d198a7ac6e,82c15435-26f2-46ec-ab66-43cced8701e7,b3bb325c-6f93-4946-9d94-ca835b5be056,4,
7cbad0fb-ee98-4989-b792-52b2013f26b2,82c15435-26f2-46ec-ab66-43cced8701e7,d3206088-b25a-455a-9323-1c8d5829b0b0,7,Sample English review 1495.
5db287c0-32a4-4b79-b47e-0cfddbd52f1a,82c15435-26f2-46ec-ab66-43cced8701e7,7bd0bc4e-e14f-4f46-8e8b-d015a6b4ebc1,1,
7789ce27-164a-42a9-b61f-8ee93e20424a,82c15435-26f2-46ec-ab66-43cced8701e7,b51a7d8d-dbc7-426e-9013-dd2124a444bb,4,Sample English review 1497.
91f19357-9e32-4f14-bf30-b0adf1c425a4,82c15435-26f2-46ec-ab66-43cced8701e7,7c08735f-311c-4060-9637-87bee6bf9673,1,
0ca069ea-d9be-4a05-8327-ff807dc2f61e,82c15435-26f2-46ec-ab66-43cced8701e7,d01b25df-fe4a-4617-b8b9-ee0c60db6556,10,Sample English review 1499.
23085a2a-bc53-4815-a7b6-e80c423de66b,82c15435-26f2-46ec-ab66-43cced8701e7,e52406b3-6af5-42dc-a087-fe3f73c2cb30,10,Sample English review 1500.
6e851ad1-593d-4ea4-b54c-a0f65cccf770,82c15435-26f2-46ec-ab66-43cced8701e7,f9a7e8ba-2326-4fd7-b228-98060197c4f6,8,Sample English review 1501.
9aa71448-9ecc-41fa-96c1-14c0261897a7,82c15435-26f2-46ec-ab66-43cced8701e7,23855b90-cb3b-4533-a756-bab9bb81426e,5,
f96f9708-70b7-47e1-8e06-57cdca91be65,82c15435-26f2-46ec-ab66-43cced8701e7,62531f1e-00a6-4fce-ab03-320c8c0852e8,1,Sample English review 1503.
83e744d6-812f-4967-83ac-617c6499bb89,82c15435-26f2-46ec-ab66-43cced8701e7,677a4d7a-ae9b-4bdb-a72f-67f73eba99c7,10,Sample English review 1504.
3fc7bff8-9f98-4396-8e08-a751784eaef0,82c15435-26f2-46ec-ab66-43cced8701e7,2752b069-f76a-4957-8807-6237a31f6d2c,6,
4a7b6cd2-e5e6-48ce-b1a2-85adc735946f,82c15435-26f2-46ec-ab66-43cced8701e7,f4fa3e26-130b-42f5-8e08-2d4f884e080d,3,Sample English review 1506.
02f70617-ee55-462f-b11b-3d359340351d,82c15435-26f2-46ec-ab66-43cced8701e7,6d0ed363-2c1a-43f7-958a-0e0cb6ea3e49,5,Sample English review 1507.
cc628b97-ac9e-4cf2-9bee-c9a459263e46,82c15435-26f2-46ec-ab66-43cced8701e7,1444ba20-39ac-43a5-bccc-1cc41c2f03b1,7,Sample English review 1508.
b0a29f63-d83d-47ea-ab9c-4408187b0d39,891d16d0-1b7f-46ac-ad30-0ae476b980b5,67d8b4ad-4640-43f2-9c53-6b4929f30103,3,Sample English review 1509.
6ab64380-f733-418c-8e03-1992804cc94b,891d16d0-1b7f-46ac-ad30-0ae476b980b5,1f2f5550-69ee-4ec3-82d2-d6cf2d0fc05c,2,Sample English review 1510.
4a669576-0a50-4a67-bbe7-8d43946a0db0,891d16d0-1b7f-46ac-ad30-0ae476b980b5,ccda4639-3814-4892-99ea-7aa00cd42d49,7,
5747bfa0-cca0-4cbe-b6e1-f87805d304c2,891d16d0-1b7f-46ac-ad30-0ae476b980b5,fd530ba8-7ae3-47c6-b384-a6b01df494cb,2,
e04b8dc1-3ceb-4641-b39e-44e50f680251,891d16d0-1b7f-46ac-ad30-0ae476b980b5,138aca2e-a48d-46a6-ac06-c902efe4fd18,10,Sample English review 1513.
21ffc2c9-e754-4687-9410-c6c28c0a6572,891d16d0-1b7f-46ac-ad30-0ae476b980b5,99f8ef2d-c0e8-4290-83a6-b460677b198d,9,Sample English review 1514.
aae28100-e811-4817-be0e-a5e6a8d59e38,891d16d0-1b7f-46ac-ad30-0ae476b980b5,dac8e4dd-9f17-46ef-9865-5e025b74bf9a,7,Sample English review 1515.
c553733f-c8e0-4080-a73b-c9a8010890a7,891d16d0-1b7f-46ac-ad30-0ae476b980b5,5fb1457b-691f-48fd-aeca-0103d0a88833,3,Sample English review 1516.
005a31e8-f724-42b1-83f4-ea052dccbbd4,891d16d0-1b7f-46ac-ad30-0ae476b980b5,69a62e24-d225-4d89-94b5-ae7f906b57dc,9,Sample English review 1517.
9e0344d1-1ee2-4d95-8753-7d55ec170593,891d16d0-1b7f-46ac-ad30-0ae476b980b5,6d0ed363-2c1a-43f7-958a-0e0cb6ea3e49,6,
096ffcf8-beae-4a50-96ff-2ad3c699c4d6,891d16d0-1b7f-46ac-ad30-0ae476b980b5,9dae46b7-7f1a-4d67-b808-9e9c1b622d6c,8,Sample English review 1519.
84f332a8-826e-4422-b83e-e0840c970a83,891d16d0-1b7f-46ac-ad30-0ae476b980b5,47aa0eb4-151b-4307-b50f-cdd5a44970fd,6,
b25a5769-2fd8-4343-9e7d-4e9e9eb2de06,891d16d0-1b7f-46ac-ad30-0ae476b980b5,ac393398-9266-4f9c-8a2d-d14ae2aa114e,6,Sample English review 1521.
c2e0e145-2268-42ad-b4f0-9f08979b53ae,891d16d0-1b7f-46ac-ad30-0ae476b980b5,47632200-a702-4992-9f11-020d87c3aaed,3,Sample English review 1522.
db5d682d-cdfa-47d7-8d13-e1bbd16e795f,891d16d0-1b7f-46ac-ad30-0ae476b980b5,85bbf311-5929-482a-a259-21f783c36c59,9,Sample English review 1523.
e29887f7-2737-441a-bf02-4deccaeb6e38,891d16d0-1b7f-46ac-ad30-0ae476b980b5,6dc440b0-7d0d-4e8c-8dfa-aacb16c25536,3,Sample English review 1524.
2186e45a-5baf-46af-ae1c-cc31a26d93ec,1b64360f-b057-4560-9f9e-102ccda718f4,1b7592f5-0e3c-4c80-b5a2-4bd6f1157cba,10,Sample English review 1525.
cfc9c2f6-48f3-412e-b924-16335d6dd4f2,1b64360f-b057-4560-9f9e-102ccda718f4,cb55c939-b208-4183-9cac-dc086cdad4ea,10,Sample English review 1526.
fff4e628-a631-465a-8d78-a60d80c39233,3cb65fff-cb00-4819-8496-4642cdcbebb9,5e77bfad-cca1-40e3-9460-368c94829eed,10,Sample English review 1527.
a847797f-8af6-46d2-bf41-ca94b31333a0,3cb65fff-cb00-4819-8496-4642cdcbebb9,3e78c42e-79c6-46a5-84ba-afca64de824b,10,Sample English review 1528.
78f74e24-c31e-4e32-ac30-b7b39654186d,3cb65fff-cb00-4819-8496-4642cdcbebb9,9008a579-51a2-4cde-80db-8e277bfd15c0,8,Sample English review 1529.
829994a5-eca5-4384-bbbd-2088a35ae7f8,3cb65fff-cb00-4819-8496-4642cdcbebb9,99f8ef2d-c0e8-4290-83a6-b460677b198d,9,Sample English review 1530.
cad213c8-d358-41e8-b356-058398881798,3cb65fff-cb00-4819-8496-4642cdcbebb9,7338dd63-a1d1-4e74-9759-cd17bae3c0d8,1,Sample English review 1531.
722f30e2-ce79-4f01-aac0-2bb53d4d58a2,3cb65fff-cb00-4819-8496-4642cdcbebb9,1aa28ea9-5df1-4ce1-a2db-7524bfcfd4ee,7,Sample English review 1532.
980c80ac-90c6-4166-b3bf-1dfb5a08c7f8,3cb65fff-cb00-4819-8496-4642cdcbebb9,9c0da375-3d5a-4608-b8c7-9e36139d6c33,3,
4f7eb3ce-5ee4-4662-b71c-45fbb967a03b,3cb65fff-cb00-4819-8496-4642cdcbebb9,2fd567ca-8efe-4948-bebd-a1a56f976d42,4,
7a51dc3a-d1ed-432c-bec4-cff0520a4a83,3cb65fff-cb00-4819-8496-4642cdcbebb9,24ce7888-3716-43b8-9d28-4239e17abe25,3,
bb340cc7-8204-4abe-99a9-c66cbec07be3,3cb65fff-cb00-4819-8496-4642cdcbebb9,37887751-4d47-4e5c-98fd-9fa0dc90314c,5,Sample English review 1536.
e32cf694-ef14-4245-bc64-364090f9672e,3cb65fff-cb00-4819-8496-4642cdcbebb9,2752b069-f76a-4957-8807-6237a31f6d2c,4,Sample English review 1537.
513377dc-f9be-4599-bd41-faecb1b0a5de,3cb65fff-cb00-4819-8496-4642cdcbebb9,d51ce7b5-dd79-4d62-93c4-4a7cff3d22e3,1,Sample English review 1538.
471fe71b-a85d-4fab-b453-3a89c0f85d26,3cb65fff-cb00-4819-8496-4642cdcbebb9,af3763b7-7954-464c-8287-33c652eaced6,9,
7bd05661-6fab-43a8-8ed5-13cdc077ef78,3cb65fff-cb00-4819-8496-4642cdcbebb9,e994bf32-d050-4e52-b334-5b6074b2a959,5,Sample English review 1540.
096c7b16-a8da-4e87-96d2-959b69bcfda9,3cb65fff-cb00-4819-8496-4642cdcbebb9,fd530ba8-7ae3-47c6-b384-a6b01df494cb,2,Sample English review 1541.
63905f06-3e96-4d52-bf90-93454ecc8550,986a7b6c-718e-457d-b274-1a1a53869d66,23855b90-cb3b-4533-a756-bab9bb81426e,3,Sample English review 1542.
1966857f-d2bf-49bf-bb0c-f6275a318df6,986a7b6c-718e-457d-b274-1a1a53869d66,1b7592f5-0e3c-4c80-b5a2-4bd6f1157cba,1,Sample English review 1543.
5bde3d46-e5ea-4f37-a3f6-af5c0f61e1a4,986a7b6c-718e-457d-b274-1a1a53869d66,47632200-a702-4992-9f11-020d87c3aaed,8,
c81b6f91-50c0-4715-90ac-3681a1648702,986a7b6c-718e-457d-b274-1a1a53869d66,34e41375-9db2-4e92-9f7d-76f36353f4e6,3,Sample English review 1545.
57b14694-b15e-43dc-90e2-88f923d86961,986a7b6c-718e-457d-b274-1a1a53869d66,cb55c939-b208-4183-9cac-dc086cdad4ea,5,Sample English review 1546.
b6ebf6d8-eda5-41a6-889d-aed85ae45eac,986a7b6c-718e-457d-b274-1a1a53869d66,cf58157c-eee8-4cb1-af62-820e7aadb847,2,Sample English review 1547.
90b6e94a-098a-4094-a599-212d8b373393,986a7b6c-718e-457d-b274-1a1a53869d66,7bd0bc4e-e14f-4f46-8e8b-d015a6b4ebc1,6,Sample English review 1548.
77b8c175-5393-4ec5-ae73-b1ada3902760,986a7b6c-718e-457d-b274-1a1a53869d66,1afd4484-49c1-4870-b60c-c754c4ce04d0,6,
7d25fd83-03c7-40a2-bcf9-88a0b12ae05f,986a7b6c-718e-457d-b274-1a1a53869d66,09901650-fe76-4f18-9bf9-e24256f4909e,2,Sample English review 1550.
1f85332b-4d5d-425b-8630-f38e3191cd5b,986a7b6c-718e-457d-b274-1a1a53869d66,33875037-f579-42ed-8aba-818a640c90d9,1,Sample English review 1551.
b3ea3885-ebd3-4807-ac89-4030c2194c70,986a7b6c-718e-457d-b274-1a1a53869d66,aa451009-5df5-4e3e-bce7-7ad1ac26b289,8,Sample English review 1552.
3639c538-687d-46d2-b7e9-f789d9f8ae18,986a7b6c-718e-457d-b274-1a1a53869d66,7c01f309-b5b4-4962-843f-9698ce3ede17,10,
9c900f31-ac57-41dc-9435-0cc6feac5ffa,986a7b6c-718e-457d-b274-1a1a53869d66,9bc42e46-67c9-447f-be78-4ae50e491d93,10,Sample English review 1554.
1e49926d-0a20-4b8c-8a21-895e410fc1cb,986a7b6c-718e-457d-b274-1a1a53869d66,d3206088-b25a-455a-9323-1c8d5829b0b0,5,
b9071aec-e4dc-4a57-b2b2-aa0b6c12a544,986a7b6c-718e-457d-b274-1a1a53869d66,b51a7d8d-dbc7-426e-9013-dd2124a444bb,3,Sample English review 1556.
0f6a1c8e-3452-4849-a00b-1059bfbee129,986a7b6c-718e-457d-b274-1a1a53869d66,009bae3f-9085-415e-81bf-b86503fa9115,1,
f6d07762-5181-47b8-b69a-448437cb1248,d43f70e1-9d2b-4aa8-a59a-6854ad63ea8a,dac8e4dd-9f17-46ef-9865-5e025b74bf9a,6,
090b8a7f-b87d-4551-bd70-8d7bee4d3208,f30f4f0b-4a1c-4045-b189-1f204c32c9d1,3e78c42e-79c6-46a5-84ba-afca64de824b,8,Sample English review 1559.
161b9454-d119-4474-b607-54959fa552b0,f30f4f0b-4a1c-4045-b189-1f204c32c9d1,7338dd63-a1d1-4e74-9759-cd17bae3c0d8,7,Sample English review 1560.
2bc49f98-f952-4754-897e-ebd103c3e098,f30f4f0b-4a1c-4045-b189-1f204c32c9d1,9b151d62-177e-4736-b8e5-6cf69170f9dc,7,Sample English review 1561.
50f3b5f6-320a-42a7-90e8-4e2b681188ec,f30f4f0b-4a1c-4045-b189-1f204c32c9d1,4edba6e8-c8d9-4fe2-a682-124b91f87604,8,Sample English review 1562.
fd813efd-24da-41c1-bfb5-5d53ec3ef4b0,f30f4f0b-4a1c-4045-b189-1f204c32c9d1,2752b069-f76a-4957-8807-6237a31f6d2c,3,Sample English review 1563.
27ce5820-dda6-4866-b325-f415b9371fb0,f30f4f0b-4a1c-4045-b189-1f204c32c9d1,5597d267-e508-4a43-8244-f8ec9fdecae4,4,Sample English review 1564.
7fff9abe-498b-4ba6-9d3d-f3128514bf3e,f30f4f0b-4a1c-4045-b189-1f204c32c9d1,009bae3f-9085-415e-81bf-b86503fa9115,10,Sample English review 1565.
c7391e26-f44b-400a-ad82-c692315f59de,f30f4f0b-4a1c-4045-b189-1f204c32c9d1,6358f21d-d22d-4f6c-b15e-7a1b7ba90800,6,Sample English review 1566.
c22dcc01-3ded-4fed-bd00-ef8a9d3cc6e3,f30f4f0b-4a1c-4045-b189-1f204c32c9d1,7c08735f-311c-4060-9637-87bee6bf9673,5,Sample English review 1567.
14a07ad0-c1d4-4b36-9e1f-e67bc5e107b5,f30f4f0b-4a1c-4045-b189-1f204c32c9d1,aa451009-5df5-4e3e-bce7-7ad1ac26b289,8,Sample English review 1568.
9d1a4514-eef3-4a46-85fd-66e4ccd0498e,f30f4f0b-4a1c-4045-b189-1f204c32c9d1,9dae46b7-7f1a-4d67-b808-9e9c1b622d6c,2,
a8df28ae-dd81-4bd9-802f-d2e319fbd5f2,f30f4f0b-4a1c-4045-b189-1f204c32c9d1,77ae4c44-0946-4323-afdc-9932fc01f4c6,6,Sample English review 1570.
2f230d01-a53a-4613-94ee-fc229d9d571b,f30f4f0b-4a1c-4045-b189-1f204c32c9d1,99f6f5c3-1cb9-4fe1-ab1a-aa9c1d16dbd0,9,Sample English review 1571.
b5594edd-8161-4e74-89ba-fd5c0e36b1db,f30f4f0b-4a1c-4045-b189-1f204c32c9d1,f4fa3e26-130b-42f5-8e08-2d4f884e080d,3,
39c5f680-bc41-4fc8-87d2-1c3ec059c026,f30f4f0b-4a1c-4045-b189-1f204c32c9d1,af3763b7-7954-464c-8287-33c652eaced6,5,Sample English review 1573.
fbe3dcee-cd38-4cda-a375-a5287de8c7e6,98619352-2350-492a-ab62-12c650259081,33b5c78e-cad2-4331-b9b9-a38ef8954dec,4,Sample English review 1574.
f328a8a8-0dac-4a0d-bce8-e7b56ac3f52e,98619352-2350-492a-ab62-12c650259081,47ae8c16-2d72-4c6b-8a12-3dac47db6ed7,1,Sample English review 1575.
a7315289-16b1-4ab4-b0a7-9a743afa6d73,98619352-2350-492a-ab62-12c650259081,67021090-97c3-44f2-82ed-cf5f65828f38,1,Sample English review 1576.
8f4ba54b-4471-4c5d-99ba-185fa3f43826,98619352-2350-492a-ab62-12c650259081,ac17d6c1-f9a9-42be-9c29-6670939d8d5e,10,Sample English review 1577.
3f248280-7bc4-46d8-942b-5ab36a91b2f6,98619352-2350-492a-ab62-12c650259081,f9a7e8ba-2326-4fd7-b228-98060197c4f6,10,Sample English review 1578.
4e17ab57-64cb-4533-9e9d-6214f67362f7,98619352-2350-492a-ab62-12c650259081,8ff07004-cedb-4c53-a5dd-a034c6073f8e,4,Sample English review 1579.
70c3824a-c5a5-4dd6-a621-ec79019e3308,98619352-2350-492a-ab62-12c650259081,85bbf311-5929-482a-a259-21f783c36c59,9,
9e4edba8-5793-4519-9ecf-4990aaac55b5,98619352-2350-492a-ab62-12c650259081,1b7592f5-0e3c-4c80-b5a2-4bd6f1157cba,8,Sample English review 1581.
66c5ce5e-a800-4d95-929e-1cab7c1d3446,98619352-2350-492a-ab62-12c650259081,2d56957e-9087-4750-8598-9d99f1933845,4,
0c42d48b-635b-4e44-903c-e2939e3db5f6,f1fa1710-076d-4525-8260-44a9fce6cbb5,81de516b-9d80-447a-a5f3-7f542dab2e6f,8,Sample English review 1583.
177708b8-be78-4d17-bb37-b1c44475b32b,f1fa1710-076d-4525-8260-44a9fce6cbb5,7bd0bc4e-e14f-4f46-8e8b-d015a6b4ebc1,7,Sample English review 1584.
38e2c9bd-8e88-477e-99e6-eff174d7b594,f1fa1710-076d-4525-8260-44a9fce6cbb5,47ae8c16-2d72-4c6b-8a12-3dac47db6ed7,2,Sample English review 1585.
9b5a277a-2ab9-4927-90a6-e37f3db6da39,f1fa1710-076d-4525-8260-44a9fce6cbb5,6dc440b0-7d0d-4e8c-8dfa-aacb16c25536,5,Sample English review 1586.
2dff7cf7-7ef2-4f80-bc38-63ddf7c5973f,f1fa1710-076d-4525-8260-44a9fce6cbb5,009bae3f-9085-415e-81bf-b86503fa9115,10,Sample English review 1587.
6384f86e-af8a-4147-a580-591246a28a5a,f1fa1710-076d-4525-8260-44a9fce6cbb5,6d0ed363-2c1a-43f7-958a-0e0cb6ea3e49,6,Sample English review 1588.
c2c8c199-12ef-40ce-9f61-20f4df588866,f1fa1710-076d-4525-8260-44a9fce6cbb5,2fd567ca-8efe-4948-bebd-a1a56f976d42,3,Sample English review 1589.
34c45500-aeb1-456c-9a44-b8a614f9f15c,f1fa1710-076d-4525-8260-44a9fce6cbb5,9b151d62-177e-4736-b8e5-6cf69170f9dc,7,Sample English review 1590.
0e7d450b-6280-4717-a59f-3a43a299670f,f1fa1710-076d-4525-8260-44a9fce6cbb5,138aca2e-a48d-46a6-ac06-c902efe4fd18,10,Sample English review 1591.
31725d1f-2e40-474e-8e0b-67c4e6bf4c81,f1fa1710-076d-4525-8260-44a9fce6cbb5,7c01f309-b5b4-4962-843f-9698ce3ede17,7,Sample English review 1592.
673026a0-acec-4eeb-b811-521e9df2ac35,f1fa1710-076d-4525-8260-44a9fce6cbb5,f9a7e8ba-2326-4fd7-b228-98060197c4f6,2,Sample English review 1593.
9b37dc22-aa5b-4c8b-a017-9238677fe039,f1fa1710-076d-4525-8260-44a9fce6cbb5,b3bb325c-6f93-4946-9d94-ca835b5be056,1,
b5fec374-06f2-41c5-9d75-d5100f7e8fe2,f1fa1710-076d-4525-8260-44a9fce6cbb5,4ad5c73a-5c99-4e98-9d90-0e03b0986909,6,Sample English review 1595.
a71bf250-a28e-49c1-aa42-2ce1a5f80660,f1fa1710-076d-4525-8260-44a9fce6cbb5,f58f62f8-c6cd-4d19-adce-d4d1da14b149,2,Sample English review 1596.
d3a09960-7553-42eb-8860-c9b50c8712cb,f1fa1710-076d-4525-8260-44a9fce6cbb5,708f4f48-f883-4f49-97ee-2c0a91c249de,10,
4e1bb7f5-6131-4ccb-acd5-652d57ad8a67,f1fa1710-076d-4525-8260-44a9fce6cbb5,cb55c939-b208-4183-9cac-dc086cdad4ea,4,
887c7169-c835-49a1-ace7-e83f062fdadb,f1fa1710-076d-4525-8260-44a9fce6cbb5,99f8ef2d-c0e8-4290-83a6-b460677b198d,7,Sample English review 1599.
0fda6bde-0939-48d7-96b6-f6499f5ad367,f1fa1710-076d-4525-8260-44a9fce6cbb5,1b3bae68-e409-4055-a2c3-d5f42604c9b1,4,
e22fd6e2-2443-4012-8b83-0a4680ee11ec,f1fa1710-076d-4525-8260-44a9fce6cbb5,09901650-fe76-4f18-9bf9-e24256f4909e,4,
3a128d4d-0e9e-438a-a537-4fab47b29201,b32b3f65-979a-4206-b2fa-8fbd210125b4,9dae46b7-7f1a-4d67-b808-9e9c1b622d6c,9,
b883b63a-81cb-4bf0-94b8-df6657eca8f3,b32b3f65-979a-4206-b2fa-8fbd210125b4,a3128f74-4fcf-4cae-b2db-d585516780d1,4,Sample English review 1603.
d3e3b911-68f5-4543-9987-e1756c64aca1,b32b3f65-979a-4206-b2fa-8fbd210125b4,427354fb-8736-4fd4-9ea1-30b98d1974e7,2,Sample English review 1604.
3fa6eaee-5d21-44f1-86fb-ef417cc791ca,b32b3f65-979a-4206-b2fa-8fbd210125b4,2d56957e-9087-4750-8598-9d99f1933845,3,
dc65c26d-2eb3-47d5-8322-e2d9803b41b7,b32b3f65-979a-4206-b2fa-8fbd210125b4,9bc42e46-67c9-447f-be78-4ae50e491d93,6,
9036dcf0-2442-4983-9a0f-81fa8b06db2c,b32b3f65-979a-4206-b2fa-8fbd210125b4,ccda4639-3814-4892-99ea-7aa00cd42d49,2,
d3a7c878-4e2e-4c76-9d05-19cf6ad72cda,b32b3f65-979a-4206-b2fa-8fbd210125b4,24ce7888-3716-43b8-9d28-4239e17abe25,4,Sample English review 1608.
aa36af90-439a-42e5-ac8f-7437b65470eb,b32b3f65-979a-4206-b2fa-8fbd210125b4,ecab2181-cb9d-42f7-b110-65986cef6204,5,
de34ae95-8387-41bb-941e-accd690cf5d1,b32b3f65-979a-4206-b2fa-8fbd210125b4,6d0ed363-2c1a-43f7-958a-0e0cb6ea3e49,6,Sample English review 1610.
1d06738e-6a1b-402c-83c6-9e157e895590,b32b3f65-979a-4206-b2fa-8fbd210125b4,5597d267-e508-4a43-8244-f8ec9fdecae4,9,
d5409e83-e3fb-46f8-bbb9-8c531c298069,b32b3f65-979a-4206-b2fa-8fbd210125b4,9b151d62-177e-4736-b8e5-6cf69170f9dc,5,Sample English review 1612.
5d2ce47e-9d4b-4195-9814-8bc3e3c31c50,b32b3f65-979a-4206-b2fa-8fbd210125b4,67d8b4ad-4640-43f2-9c53-6b4929f30103,5,Sample English review 1613.
a98bdf13-e559-44f1-a552-d2f06a533eef,b32b3f65-979a-4206-b2fa-8fbd210125b4,33b5c78e-cad2-4331-b9b9-a38ef8954dec,7,Sample English review 1614.
3f5d6348-234f-4012-ab64-19ab24736b1d,b32b3f65-979a-4206-b2fa-8fbd210125b4,62531f1e-00a6-4fce-ab03-320c8c0852e8,3,Sample English review 1615.
a3c0359a-366f-48c6-ab31-a419423cc999,b32b3f65-979a-4206-b2fa-8fbd210125b4,3ea805cf-d96a-4098-9682-f85f57267e43,9,Sample English review 1616.
3ac97340-218f-4294-887e-4c48dc928c70,b32b3f65-979a-4206-b2fa-8fbd210125b4,85bbf311-5929-482a-a259-21f783c36c59,6,
a87cba02-6c05-4cb3-bbb5-2e435a8a0dd5,b32b3f65-979a-4206-b2fa-8fbd210125b4,99f8ef2d-c0e8-4290-83a6-b460677b198d,1,
0dc9946b-322d-430f-ac9e-93f111773b3e,b32b3f65-979a-4206-b2fa-8fbd210125b4,08c2602d-87d3-4851-b7fb-2bad244b5357,7,Sample English review 1619.
ec024c0d-62fa-4523-9621-77fc3345ee27,b32b3f65-979a-4206-b2fa-8fbd210125b4,6c34f6f7-2682-4513-951e-96f325e7eb19,6,
bb457506-2d1a-4618-b098-3ede0d259761,82a26cc1-ed01-4bbb-b59f-1d9a9e2a640c,708f4f48-f883-4f49-97ee-2c0a91c249de,8,Sample English review 1621.
8d98fb83-f3b1-4134-9516-abf2159422bd,82a26cc1-ed01-4bbb-b59f-1d9a9e2a640c,0db8d5e2-1888-4d9f-a451-2f6e2a3e0f7d,6,Sample English review 1622.
cf640eb7-06f7-4e38-b864-541384b0b644,82a26cc1-ed01-4bbb-b59f-1d9a9e2a640c,3c16d474-f898-4cfe-b924-7c38bea20d5c,3,Sample English review 1623.
b53e2fc0-aa78-4202-9792-e82e83116664,82a26cc1-ed01-4bbb-b59f-1d9a9e2a640c,677a4d7a-ae9b-4bdb-a72f-67f73eba99c7,6,Sample English review 1624.
529bc0b2-8c9f-4432-b3b1-d4263c148cfa,82a26cc1-ed01-4bbb-b59f-1d9a9e2a640c,6358f21d-d22d-4f6c-b15e-7a1b7ba90800,3,Sample English review 1625.
efb6a379-a145-4abe-8661-74c8e1856bdf,82a26cc1-ed01-4bbb-b59f-1d9a9e2a640c,9b151d62-177e-4736-b8e5-6cf69170f9dc,1,
1727f58b-18f4-4911-9eaa-f0518bff20d0,82a26cc1-ed01-4bbb-b59f-1d9a9e2a640c,fd530ba8-7ae3-47c6-b384-a6b01df494cb,9,Sample English review 1627.
7e9b898d-fb0e-4e48-922c-a17cfc63727c,82a26cc1-ed01-4bbb-b59f-1d9a9e2a640c,0c6967ae-a4d8-4920-9d51-c7d95b61d752,10,
661efec3-8f8c-4240-8d31-cb92a4d65784,82a26cc1-ed01-4bbb-b59f-1d9a9e2a640c,6dc440b0-7d0d-4e8c-8dfa-aacb16c25536,10,Sample English review 1629.
012693d4-2cfe-455b-9e8d-14c7b4d34c61,4caa6538-4dd1-4b12-8f7a-d52904005052,0c6967ae-a4d8-4920-9d51-c7d95b61d752,7,Sample English review 1630.
59890704-8378-4e06-9c22-b4d76da9e28b,4caa6538-4dd1-4b12-8f7a-d52904005052,1afd4484-49c1-4870-b60c-c754c4ce04d0,8,
4a6a4812-8666-4f46-86a0-b410fc4c8aa6,4caa6538-4dd1-4b12-8f7a-d52904005052,7bd0bc4e-e14f-4f46-8e8b-d015a6b4ebc1,9,Sample English review 1632.
7c150d29-3fd7-45e9-af97-18c404b078f9,4caa6538-4dd1-4b12-8f7a-d52904005052,a3128f74-4fcf-4cae-b2db-d585516780d1,3,Sample English review 1633.
8ec018e8-15fd-4882-9435-17306401168e,4caa6538-4dd1-4b12-8f7a-d52904005052,009bae3f-9085-415e-81bf-b86503fa9115,6,
98016a9b-6baa-429b-a8d1-9ef71379ae1f,4caa6538-4dd1-4b12-8f7a-d52904005052,427354fb-8736-4fd4-9ea1-30b98d1974e7,1,Sample English review 1635.
1a6213f7-5a36-4f26-a9a9-03884cccb7b0,4caa6538-4dd1-4b12-8f7a-d52904005052,1aa28ea9-5df1-4ce1-a2db-7524bfcfd4ee,2,Sample English review 1636.
e9372532-9f49-4e1c-95fe-e441d6673110,4caa6538-4dd1-4b12-8f7a-d52904005052,5e77bfad-cca1-40e3-9460-368c94829eed,4,Sample English review 1637.
30357f85-7858-462d-acb8-d8fbb8d27438,4caa6538-4dd1-4b12-8f7a-d52904005052,4ad5c73a-5c99-4e98-9d90-0e03b0986909,3,Sample English review 1638.
5fe374e7-8623-4ab4-a1ea-794a128b4946,4caa6538-4dd1-4b12-8f7a-d52904005052,47ae8c16-2d72-4c6b-8a12-3dac47db6ed7,1,Sample English review 1639.
ef58d144-cc7d-4712-ac5e-02f112a069a8,4caa6538-4dd1-4b12-8f7a-d52904005052,afc8c392-95b3-4506-8d6c-719f96692939,9,
0353b41a-67e3-4c25-a39f-9552a1c3aa45,4caa6538-4dd1-4b12-8f7a-d52904005052,4edba6e8-c8d9-4fe2-a682-124b91f87604,7,Sample English review 1641.
38cea68b-c7c0-46e6-a00d-1d97c80ca29c,4caa6538-4dd1-4b12-8f7a-d52904005052,e52406b3-6af5-42dc-a087-fe3f73c2cb30,3,Sample English review 1642.
fb955004-31f3-41d1-a770-e0bea1305b25,35bdc53d-57ef-4e36-a9de-6287ead8bfb2,d9b9480a-a1e4-49d4-b8b5-a28a761924b7,7,Sample English review 1643.
d4bd33ab-28ff-4ee3-8b52-f883fa445868,35bdc53d-57ef-4e36-a9de-6287ead8bfb2,2fd567ca-8efe-4948-bebd-a1a56f976d42,4,Sample English review 1644.
504e4496-3078-40e2-8a38-967d31f9ce87,35bdc53d-57ef-4e36-a9de-6287ead8bfb2,0c6967ae-a4d8-4920-9d51-c7d95b61d752,2,Sample English review 1645.
fcc896a4-96e0-437b-ab74-2714944168c0,35bdc53d-57ef-4e36-a9de-6287ead8bfb2,69a62e24-d225-4d89-94b5-ae7f906b57dc,5,
fb807e02-05b3-40ff-a352-3af05845d184,35bdc53d-57ef-4e36-a9de-6287ead8bfb2,2752b069-f76a-4957-8807-6237a31f6d2c,5,Sample English review 1647.
27fe2c7e-f855-4130-9e78-add52d7b76eb,35bdc53d-57ef-4e36-a9de-6287ead8bfb2,ac393398-9266-4f9c-8a2d-d14ae2aa114e,3,Sample English review 1648.
a48517eb-df3e-431b-b261-3ea947aba26b,35bdc53d-57ef-4e36-a9de-6287ead8bfb2,677a4d7a-ae9b-4bdb-a72f-67f73eba99c7,6,Sample English review 1649.
2b80668f-3b27-4123-9e7c-82daefc2aae3,35bdc53d-57ef-4e36-a9de-6287ead8bfb2,67021090-97c3-44f2-82ed-cf5f65828f38,9,Sample English review 1650.
77bf354e-5fed-430a-8141-031fba27ced6,35bdc53d-57ef-4e36-a9de-6287ead8bfb2,21bf0f34-fea3-4cb9-b9a7-94e72ffacc8a,9,Sample English review 1651.
f4a87582-9c83-4ca7-992a-cd1ec9af71db,35bdc53d-57ef-4e36-a9de-6287ead8bfb2,af3763b7-7954-464c-8287-33c652eaced6,8,Sample English review 1652.
ef5a1a26-df80-4377-8ce2-1b19073ee984,35bdc53d-57ef-4e36-a9de-6287ead8bfb2,d01b25df-fe4a-4617-b8b9-ee0c60db6556,3,Sample English review 1653.
faac4809-f408-41b8-9588-67d0e80f2969,35bdc53d-57ef-4e36-a9de-6287ead8bfb2,b51a7d8d-dbc7-426e-9013-dd2124a444bb,1,Sample English review 1654.
c4275fb5-25e2-4800-a645-632ee432216c,35bdc53d-57ef-4e36-a9de-6287ead8bfb2,33875037-f579-42ed-8aba-818a640c90d9,2,
f2179144-970f-415a-b35d-601c4abb7349,35bdc53d-57ef-4e36-a9de-6287ead8bfb2,2c417aef-cf61-4d18-ae06-06ba2317f36f,1,Sample English review 1656.
e4b0a366-40b3-463a-b155-d95054909787,35bdc53d-57ef-4e36-a9de-6287ead8bfb2,1f2f5550-69ee-4ec3-82d2-d6cf2d0fc05c,1,Sample English review 1657.
041b5843-84e1-4eae-a95f-9dbb2d61e9cc,e16fbd3a-e35f-4895-8829-dfc3731590bf,47aa0eb4-151b-4307-b50f-cdd5a44970fd,10,Sample English review 1658.
8456c978-a648-4966-8737-e51c062402f8,e16fbd3a-e35f-4895-8829-dfc3731590bf,7c08735f-311c-4060-9637-87bee6bf9673,2,Sample English review 1659.
0fc0ce58-c81b-4c9f-8d69-d93ce823a864,e16fbd3a-e35f-4895-8829-dfc3731590bf,05de5279-613f-4b9e-b38d-1e4203d75c1a,1,Sample English review 1660.
a757f6ec-7d65-4f06-b974-09c12bcfea83,e16fbd3a-e35f-4895-8829-dfc3731590bf,7bd0bc4e-e14f-4f46-8e8b-d015a6b4ebc1,8,Sample English review 1661.
9a5c7777-de4d-4edd-9546-ca3e1b1eb7b2,e16fbd3a-e35f-4895-8829-dfc3731590bf,fd530ba8-7ae3-47c6-b384-a6b01df494cb,3,Sample English review 1662.
73dd031b-a884-4ba0-a283-849e3406f899,e16fbd3a-e35f-4895-8829-dfc3731590bf,502dde18-86e1-4b5c-88c2-8010d067ede7,9,
e181b94e-f8bf-4280-8ff7-1c0dddd2fa58,e16fbd3a-e35f-4895-8829-dfc3731590bf,af3763b7-7954-464c-8287-33c652eaced6,4,
9c8c743c-4684-442d-8965-9fd832495cd6,e16fbd3a-e35f-4895-8829-dfc3731590bf,85bbf311-5929-482a-a259-21f783c36c59,10,
bbc9d76c-067c-4e0b-b7b9-a7f420f427ef,e16fbd3a-e35f-4895-8829-dfc3731590bf,d9b9480a-a1e4-49d4-b8b5-a28a761924b7,5,Sample English review 1666.
55209209-9bf8-4118-9d41-f79e4f792dc9,e16fbd3a-e35f-4895-8829-dfc3731590bf,37887751-4d47-4e5c-98fd-9fa0dc90314c,2,Sample English review 1667.
13b6a4ea-98e2-4b7b-97c5-bd38549cbae5,e16fbd3a-e35f-4895-8829-dfc3731590bf,a3128f74-4fcf-4cae-b2db-d585516780d1,3,
5f366d28-0546-4e81-870f-0eaa07d0b748,e16fbd3a-e35f-4895-8829-dfc3731590bf,1afd4484-49c1-4870-b60c-c754c4ce04d0,8,Sample English review 1669.
8c8d69ef-571c-42f2-8956-7ac22d89d5c6,e16fbd3a-e35f-4895-8829-dfc3731590bf,34e41375-9db2-4e92-9f7d-76f36353f4e6,1,Sample English review 1670.
c2706905-1734-4440-bcfc-a136988c9608,e16fbd3a-e35f-4895-8829-dfc3731590bf,e52406b3-6af5-42dc-a087-fe3f73c2cb30,1,
6fa2e606-8da1-41e5-b864-ff3d3fb307c5,e16fbd3a-e35f-4895-8829-dfc3731590bf,f58f62f8-c6cd-4d19-adce-d4d1da14b149,1,Sample English review 1672.
b666cb35-702c-47dd-93f6-ebe239c17393,28243c64-10a7-4706-be30-d4dc0c2a676f,e994bf32-d050-4e52-b334-5b6074b2a959,8,Sample English review 1673.
00666992-4506-40a8-8820-ba2c4d367e59,28243c64-10a7-4706-be30-d4dc0c2a676f,dac8e4dd-9f17-46ef-9865-5e025b74bf9a,9,
aa4cf5c4-f839-47b3-89ac-9aca251b2317,28243c64-10a7-4706-be30-d4dc0c2a676f,2d56957e-9087-4750-8598-9d99f1933845,4,Sample English review 1675.
6e90c74e-e22c-4f49-9f38-a36928d31b10,28243c64-10a7-4706-be30-d4dc0c2a676f,67d8b4ad-4640-43f2-9c53-6b4929f30103,8,
45d58732-cdee-48bb-80ca-4975ab07d4b4,28243c64-10a7-4706-be30-d4dc0c2a676f,23855b90-cb3b-4533-a756-bab9bb81426e,2,
62fd88e0-8850-4045-bef2-8985cd26ac0f,28243c64-10a7-4706-be30-d4dc0c2a676f,81de516b-9d80-447a-a5f3-7f542dab2e6f,6,Sample English review 1678.
3b65e24b-9e1b-46fb-8a7c-219be7b517c8,28243c64-10a7-4706-be30-d4dc0c2a676f,24ce7888-3716-43b8-9d28-4239e17abe25,4,Sample English review 1679.
97a19c10-dc71-474f-81ab-21355c466ea9,28243c64-10a7-4706-be30-d4dc0c2a676f,81d5edb0-d9b4-4d01-968c-8eda5f5b6a03,10,Sample English review 1680.
dca07ef9-aa52-40d8-bd4d-3e218b44d0a5,28243c64-10a7-4706-be30-d4dc0c2a676f,0db8d5e2-1888-4d9f-a451-2f6e2a3e0f7d,6,Sample English review 1681.
efa21f5c-950b-498a-a080-23a4f0c4a112,28243c64-10a7-4706-be30-d4dc0c2a676f,138aca2e-a48d-46a6-ac06-c902efe4fd18,7,Sample English review 1682.
c5635434-fbd1-456d-a7af-cf6aa5d2d843,2aad9ea0-ff4d-4895-95c6-587a6097a884,81d5edb0-d9b4-4d01-968c-8eda5f5b6a03,10,Sample English review 1683.
9a4648a7-5f0a-4773-820a-d7ff85c73983,2aad9ea0-ff4d-4895-95c6-587a6097a884,5e77bfad-cca1-40e3-9460-368c94829eed,5,Sample English review 1684.
086251b0-a586-4fb8-9192-3353d61454a9,2aad9ea0-ff4d-4895-95c6-587a6097a884,ecab2181-cb9d-42f7-b110-65986cef6204,7,Sample English review 1685.
eea6b313-5cc3-4f11-af68-d5d1d33c9b5e,2aad9ea0-ff4d-4895-95c6-587a6097a884,677a4d7a-ae9b-4bdb-a72f-67f73eba99c7,6,Sample English review 1686.
28018dd7-980a-41cf-bf11-cf95331e2cb5,2aad9ea0-ff4d-4895-95c6-587a6097a884,425035ef-0093-422c-a760-2740c95f4457,9,
e52d22dd-1a9f-4c5a-8d7f-e415172c3c7a,2aad9ea0-ff4d-4895-95c6-587a6097a884,138aca2e-a48d-46a6-ac06-c902efe4fd18,9,Sample English review 1688.
7781c078-46d3-4a00-9aa8-8eaa1b8c5a0c,2aad9ea0-ff4d-4895-95c6-587a6097a884,3ea805cf-d96a-4098-9682-f85f57267e43,9,Sample English review 1689.
36dc489b-4f0a-416b-8076-b53907338b04,2aad9ea0-ff4d-4895-95c6-587a6097a884,979d4dea-2a55-46c2-a9d1-95d1bd7fab87,8,Sample English review 1690.
ae6b50ae-cc9a-41a2-8992-478b899bd09f,2aad9ea0-ff4d-4895-95c6-587a6097a884,1444ba20-39ac-43a5-bccc-1cc41c2f03b1,5,Sample English review 1691.
4a2cd78c-269c-4a02-93c8-ec6592b83509,2aad9ea0-ff4d-4895-95c6-587a6097a884,9bc42e46-67c9-447f-be78-4ae50e491d93,2,
af7333b0-a05b-4e97-9fc7-006e6243da75,8a6fc76d-c3c6-4488-8681-5b05a582199e,3ea805cf-d96a-4098-9682-f85f57267e43,10,
e61b9817-3312-4888-b0db-496038fb10e0,8a6fc76d-c3c6-4488-8681-5b05a582199e,09876245-335b-4ddd-bdbf-a33e23abc2fb,3,Sample English review 1694.
2b77ab02-15cc-4c56-846a-37990a8a18d7,8a6fc76d-c3c6-4488-8681-5b05a582199e,e9774607-8354-4ac8-adcf-f72a1716c51b,1,Sample English review 1695.
1f22818f-a149-43be-bc35-9dd08b3851d8,8a6fc76d-c3c6-4488-8681-5b05a582199e,4ad5c73a-5c99-4e98-9d90-0e03b0986909,3,
3a5a8a50-fe73-410c-ab40-2d284e05dd06,8a6fc76d-c3c6-4488-8681-5b05a582199e,09901650-fe76-4f18-9bf9-e24256f4909e,10,Sample English review 1697.
ab2b88c2-85ca-48ec-9959-2d1093bdb698,8a6fc76d-c3c6-4488-8681-5b05a582199e,ccda4639-3814-4892-99ea-7aa00cd42d49,3,
f251c5a6-9d4e-41e3-b21f-028cc1d104c8,8a6fc76d-c3c6-4488-8681-5b05a582199e,24ce7888-3716-43b8-9d28-4239e17abe25,3,
4d122b0a-aa96-4c4b-bb41-1cf5ec8f6879,8a6fc76d-c3c6-4488-8681-5b05a582199e,427354fb-8736-4fd4-9ea1-30b98d1974e7,3,Sample English review 1700.
add2c512-34e2-4cee-a2ab-61401863d8cf,8a6fc76d-c3c6-4488-8681-5b05a582199e,d3206088-b25a-455a-9323-1c8d5829b0b0,7,Sample English review 1701.
5f425e51-2924-4a2a-ac12-823e443da6b3,8a6fc76d-c3c6-4488-8681-5b05a582199e,62531f1e-00a6-4fce-ab03-320c8c0852e8,8,
7617a4c1-a781-47ca-a5c3-e862ea7a2a8a,8a6fc76d-c3c6-4488-8681-5b05a582199e,6d0ed363-2c1a-43f7-958a-0e0cb6ea3e49,8,
475875d6-c555-4997-b54a-4d6014de8932,f448d435-4272-4610-babf-64c333f4fe0d,f58f62f8-c6cd-4d19-adce-d4d1da14b149,3,
a5e75389-a603-4b40-97b6-9b84de9e1c1f,f448d435-4272-4610-babf-64c333f4fe0d,d9b9480a-a1e4-49d4-b8b5-a28a761924b7,8,Sample English review 1705.
b0d4d305-0646-4960-b097-231b1fde449d,f448d435-4272-4610-babf-64c333f4fe0d,67d8b4ad-4640-43f2-9c53-6b4929f30103,1,
cad3deb9-c168-4de0-bfdc-eeb5aae846f7,f448d435-4272-4610-babf-64c333f4fe0d,81d5edb0-d9b4-4d01-968c-8eda5f5b6a03,9,Sample English review 1707.
86b34e8f-c33f-4fe7-9a08-6a470edc4fc8,f448d435-4272-4610-babf-64c333f4fe0d,b3bb325c-6f93-4946-9d94-ca835b5be056,7,
644cbffa-83d2-4282-b72f-cf641557b0bc,f448d435-4272-4610-babf-64c333f4fe0d,ecab2181-cb9d-42f7-b110-65986cef6204,9,
845d6dd8-de76-4329-8ced-1bd2aae3ab6a,f448d435-4272-4610-babf-64c333f4fe0d,af3763b7-7954-464c-8287-33c652eaced6,9,Sample English review 1710.
1dc8aac8-5f3c-45bf-931f-1dc39a9292dd,f448d435-4272-4610-babf-64c333f4fe0d,c3820118-4994-4049-8719-6d71466870fe,8,
f66af1f7-c168-4581-86d1-0b6342794c7e,f448d435-4272-4610-babf-64c333f4fe0d,4ad5c73a-5c99-4e98-9d90-0e03b0986909,6,Sample English review 1712.
48ea04d6-ceb5-4561-935f-1253365b3061,f448d435-4272-4610-babf-64c333f4fe0d,ecdbf5f6-ea6e-48ad-8cf1-165f8682b135,6,Sample English review 1713.
03a9f2c5-13e0-4139-880e-d2e47ebd47fe,f448d435-4272-4610-babf-64c333f4fe0d,ac17d6c1-f9a9-42be-9c29-6670939d8d5e,9,Sample English review 1714.
75694072-e510-4252-aa61-8ebe00130ee3,f448d435-4272-4610-babf-64c333f4fe0d,427354fb-8736-4fd4-9ea1-30b98d1974e7,3,
4153c48d-975e-4205-9b88-da7727201bd6,f448d435-4272-4610-babf-64c333f4fe0d,8a99736e-dad6-489d-aa46-0ee02356e5fe,9,Sample English review 1716.
debc9c10-469f-47f9-b771-8b9f92b2cc5b,f448d435-4272-4610-babf-64c333f4fe0d,dac8e4dd-9f17-46ef-9865-5e025b74bf9a,6,
c9201ec6-45cb-4a5e-bc08-676f37299a83,f448d435-4272-4610-babf-64c333f4fe0d,d01b25df-fe4a-4617-b8b9-ee0c60db6556,1,Sample English review 1718.
b43d6944-73aa-43c5-8bad-3841bd21fe6e,f448d435-4272-4610-babf-64c333f4fe0d,62531f1e-00a6-4fce-ab03-320c8c0852e8,7,Sample English review 1719.
02afa3b7-e9c8-4198-b4d1-fd11b386f5ec,f448d435-4272-4610-babf-64c333f4fe0d,502dde18-86e1-4b5c-88c2-8010d067ede7,6,Sample English review 1720.
e0999d46-5810-4ceb-a82b-21aa9755f9f3,f448d435-4272-4610-babf-64c333f4fe0d,09901650-fe76-4f18-9bf9-e24256f4909e,1,Sample English review 1721.
87225205-3cec-47df-80b0-99062de60f40,f448d435-4272-4610-babf-64c333f4fe0d,24ce7888-3716-43b8-9d28-4239e17abe25,4,Sample English review 1722.
1e90b15e-eed2-4742-a8b3-cdb54ff65086,f448d435-4272-4610-babf-64c333f4fe0d,9dae46b7-7f1a-4d67-b808-9e9c1b622d6c,9,
ee2b66c5-3efd-4dce-b488-4c77ead8a13e,f448d435-4272-4610-babf-64c333f4fe0d,99f8ef2d-c0e8-4290-83a6-b460677b198d,3,
f618338e-45ea-4be1-ac71-caae67dd0722,f448d435-4272-4610-babf-64c333f4fe0d,708f4f48-f883-4f49-97ee-2c0a91c249de,10,Sample English review 1725.
e7f90060-ae43-406f-82b1-1ecdc198d383,64c7bdcc-e87d-48ca-aa56-62b9104794f6,f58f62f8-c6cd-4d19-adce-d4d1da14b149,1,Sample English review 1726.
58fba86e-6df4-4ff4-a55e-c0e61da2f8e5,64c7bdcc-e87d-48ca-aa56-62b9104794f6,2752b069-f76a-4957-8807-6237a31f6d2c,9,Sample English review 1727.
382ef55e-ab98-4f86-a91f-9dcee47e6459,64c7bdcc-e87d-48ca-aa56-62b9104794f6,6c34f6f7-2682-4513-951e-96f325e7eb19,8,Sample English review 1728.
3bfd6504-7a6c-4686-995a-e5f450056e83,64c7bdcc-e87d-48ca-aa56-62b9104794f6,2fd567ca-8efe-4948-bebd-a1a56f976d42,9,Sample English review 1729.
7b439b0b-57dd-420b-991e-b784bec939e2,64c7bdcc-e87d-48ca-aa56-62b9104794f6,81de516b-9d80-447a-a5f3-7f542dab2e6f,2,Sample English review 1730.
f9e8a4ca-0919-4c1f-8e1a-99c22c220e51,64c7bdcc-e87d-48ca-aa56-62b9104794f6,b3bb325c-6f93-4946-9d94-ca835b5be056,6,Sample English review 1731.
6e554b2d-cd10-4eb6-b689-09135ab44a34,64c7bdcc-e87d-48ca-aa56-62b9104794f6,cf58157c-eee8-4cb1-af62-820e7aadb847,5,Sample English review 1732.
2b428d43-699a-4bd2-89d2-20ee6017e40f,64c7bdcc-e87d-48ca-aa56-62b9104794f6,b51a7d8d-dbc7-426e-9013-dd2124a444bb,7,Sample English review 1733.
0861769d-5cec-4823-94bb-dbcfc337bf8e,64c7bdcc-e87d-48ca-aa56-62b9104794f6,7c08735f-311c-4060-9637-87bee6bf9673,5,Sample English review 1734.
5c702fcc-b2e6-4e24-a906-658277e62372,64c7bdcc-e87d-48ca-aa56-62b9104794f6,1b3bae68-e409-4055-a2c3-d5f42604c9b1,3,Sample English review 1735.
c1cfc2f0-0cc2-415c-9c29-5044d456f87c,64c7bdcc-e87d-48ca-aa56-62b9104794f6,e994bf32-d050-4e52-b334-5b6074b2a959,8,Sample English review 1736.
a909cc8e-83dc-4987-8b8e-356b74638d0a,64c7bdcc-e87d-48ca-aa56-62b9104794f6,77ae4c44-0946-4323-afdc-9932fc01f4c6,8,Sample English review 1737.
e5a40f16-ae04-4030-a53d-fa9d12472c20,64c7bdcc-e87d-48ca-aa56-62b9104794f6,0eda6729-995b-43a0-9a17-b89035543c47,4,Sample English review 1738.
a0142170-9e8f-4c86-bfff-62902e24e7db,64c7bdcc-e87d-48ca-aa56-62b9104794f6,5e77bfad-cca1-40e3-9460-368c94829eed,6,Sample English review 1739.
f72c205f-167b-4b8e-8023-835942cec399,64c7bdcc-e87d-48ca-aa56-62b9104794f6,7338dd63-a1d1-4e74-9759-cd17bae3c0d8,5,Sample English review 1740.
b06305eb-2d20-431f-b2c2-34ca1b31d737,64c7bdcc-e87d-48ca-aa56-62b9104794f6,f9a7e8ba-2326-4fd7-b228-98060197c4f6,1,Sample English review 1741.
5cbc0d1a-04d9-40d2-a972-fc726ff0c61b,64c7bdcc-e87d-48ca-aa56-62b9104794f6,5597d267-e508-4a43-8244-f8ec9fdecae4,4,Sample English review 1742.
d928ff66-b436-457e-b795-85423c1b338c,64c7bdcc-e87d-48ca-aa56-62b9104794f6,1444ba20-39ac-43a5-bccc-1cc41c2f03b1,8,Sample English review 1743.
379a4dc9-d37e-46e7-bb76-07311ff8fc7f,c12b26fb-ce1b-470b-ace3-0ba335fb2fb9,7c08735f-311c-4060-9637-87bee6bf9673,4,Sample English review 1744.
8304a576-99bb-4182-8ef3-900583105e47,c12b26fb-ce1b-470b-ace3-0ba335fb2fb9,ccda4639-3814-4892-99ea-7aa00cd42d49,1,
8a4c0443-c0f6-48cf-89af-7bf9c0b307aa,c12b26fb-ce1b-470b-ace3-0ba335fb2fb9,ebaef81b-0f73-4e06-bb20-5ef173be29af,10,Sample English review 1746.
9e5e6350-3cca-487a-ab6a-4ed6e8475a60,c12b26fb-ce1b-470b-ace3-0ba335fb2fb9,3c16d474-f898-4cfe-b924-7c38bea20d5c,2,Sample English review 1747.
66f90f68-6654-49df-911a-cf25f95c6e4b,c12b26fb-ce1b-470b-ace3-0ba335fb2fb9,138aca2e-a48d-46a6-ac06-c902efe4fd18,7,Sample English review 1748.
6bd67133-4e89-4131-a7cf-d7f1c64b67f5,c12b26fb-ce1b-470b-ace3-0ba335fb2fb9,62531f1e-00a6-4fce-ab03-320c8c0852e8,5,
da471b09-f368-4abb-90ba-9a83f5a08a89,c12b26fb-ce1b-470b-ace3-0ba335fb2fb9,6dc440b0-7d0d-4e8c-8dfa-aacb16c25536,10,Sample English review 1750.
5f766b43-440d-403c-9943-358cc6bf13b9,c12b26fb-ce1b-470b-ace3-0ba335fb2fb9,47632200-a702-4992-9f11-020d87c3aaed,7,Sample English review 1751.
67025e46-cbff-448e-9b65-5b472830bc42,c12b26fb-ce1b-470b-ace3-0ba335fb2fb9,9c0da375-3d5a-4608-b8c7-9e36139d6c33,1,
fffb1ddf-520a-4aa5-983d-2b7a2a821601,c12b26fb-ce1b-470b-ace3-0ba335fb2fb9,2fd567ca-8efe-4948-bebd-a1a56f976d42,10,
bd0c4166-23f2-4c44-ac55-3e43f8d4c95f,c12b26fb-ce1b-470b-ace3-0ba335fb2fb9,f58f62f8-c6cd-4d19-adce-d4d1da14b149,10,
367dc34f-ca1c-4f51-8d02-78b930bd10f3,c12b26fb-ce1b-470b-ace3-0ba335fb2fb9,4072477a-0e21-47ca-9a86-73f662b98398,4,Sample English review 1755.
995fa75e-0fa9-4db2-be88-d4b8718a605d,c12b26fb-ce1b-470b-ace3-0ba335fb2fb9,08c2602d-87d3-4851-b7fb-2bad244b5357,8,Sample English review 1756.
b8fd859a-34ab-4454-84e9-00e0645a00cf,c12b26fb-ce1b-470b-ace3-0ba335fb2fb9,1444ba20-39ac-43a5-bccc-1cc41c2f03b1,8,Sample English review 1757.
ab2bb45d-9b71-4615-ac82-fa063448379b,9fae724f-1a3f-41ee-a81e-c478a75ab82e,2752b069-f76a-4957-8807-6237a31f6d2c,8,Sample English review 1758.
8ca3e9f5-e3c9-41f3-88a1-123fd960c180,9fae724f-1a3f-41ee-a81e-c478a75ab82e,67021090-97c3-44f2-82ed-cf5f65828f38,8,
2283db90-ffd2-4a28-9f69-1b0bfb016b68,9fae724f-1a3f-41ee-a81e-c478a75ab82e,3ea805cf-d96a-4098-9682-f85f57267e43,10,Sample English review 1760.
8254444b-bd1d-436c-8e79-2a2fbb96bd96,9fae724f-1a3f-41ee-a81e-c478a75ab82e,33b5c78e-cad2-4331-b9b9-a38ef8954dec,3,
35b3c05f-c5d1-4d7d-822c-1e639a2586e5,9fae724f-1a3f-41ee-a81e-c478a75ab82e,ccda4639-3814-4892-99ea-7aa00cd42d49,1,
6fbff3e4-ec40-4915-9b53-7690adcd1e4f,9fae724f-1a3f-41ee-a81e-c478a75ab82e,4edba6e8-c8d9-4fe2-a682-124b91f87604,4,Sample English review 1763.
e0c1cdde-c063-460c-9534-c09ae9d17a16,9fae724f-1a3f-41ee-a81e-c478a75ab82e,1afd4484-49c1-4870-b60c-c754c4ce04d0,1,
810d812c-e4ec-47a4-b6af-71b26d175157,9fae724f-1a3f-41ee-a81e-c478a75ab82e,d01b25df-fe4a-4617-b8b9-ee0c60db6556,5,Sample English review 1765.
24026614-9cba-4518-a5f9-af2b96788725,9fae724f-1a3f-41ee-a81e-c478a75ab82e,81de516b-9d80-447a-a5f3-7f542dab2e6f,8,Sample English review 1766.
b5115eba-764e-4c98-9109-a83aa23bdad8,9fae724f-1a3f-41ee-a81e-c478a75ab82e,23855b90-cb3b-4533-a756-bab9bb81426e,8,Sample English review 1767.
6b4bc322-26eb-4d1f-a756-db759116139e,9fae724f-1a3f-41ee-a81e-c478a75ab82e,7bd0bc4e-e14f-4f46-8e8b-d015a6b4ebc1,4,Sample English review 1768.
b69a8e63-a1fa-4fed-894a-63e936fecb7a,9fae724f-1a3f-41ee-a81e-c478a75ab82e,1aa28ea9-5df1-4ce1-a2db-7524bfcfd4ee,5,Sample English review 1769.
b60acad2-320e-4f5a-9e6b-12cad0165c1d,9fae724f-1a3f-41ee-a81e-c478a75ab82e,9008a579-51a2-4cde-80db-8e277bfd15c0,9,Sample English review 1770.
b2e91baa-21e5-481c-b128-95a43baf5f2e,9fae724f-1a3f-41ee-a81e-c478a75ab82e,c3820118-4994-4049-8719-6d71466870fe,6,Sample English review 1771.
3b606873-7389-4cd6-8d7b-bfa159c9a079,9fae724f-1a3f-41ee-a81e-c478a75ab82e,ecdbf5f6-ea6e-48ad-8cf1-165f8682b135,4,
28f06e6f-8e43-4682-8c4d-33c6539477eb,9fae724f-1a3f-41ee-a81e-c478a75ab82e,81d5edb0-d9b4-4d01-968c-8eda5f5b6a03,9,Sample English review 1773.
4268b55e-854b-4c78-868e-2562c556c368,9fae724f-1a3f-41ee-a81e-c478a75ab82e,af3763b7-7954-464c-8287-33c652eaced6,4,Sample English review 1774.
8af78469-c542-4466-9bdf-5329935fdb92,9fae724f-1a3f-41ee-a81e-c478a75ab82e,2d56957e-9087-4750-8598-9d99f1933845,2,Sample English review 1775.
dd159849-8983-4713-b54d-0ba88ca46938,9fae724f-1a3f-41ee-a81e-c478a75ab82e,3844a965-19f9-41ec-9515-28393113f8c8,10,Sample English review 1776.
f20f3943-1099-4be1-aeb6-822fe3142c33,91492fc5-e82d-4743-95af-0ea161f06fed,ac17d6c1-f9a9-42be-9c29-6670939d8d5e,6,Sample English review 1777.
74cae005-9ba2-4143-aa23-5878f816fa03,91492fc5-e82d-4743-95af-0ea161f06fed,9c0da375-3d5a-4608-b8c7-9e36139d6c33,2,Sample English review 1778.
8f0ec997-297e-4a15-b0d6-0c614a15c9b2,91492fc5-e82d-4743-95af-0ea161f06fed,99f8ef2d-c0e8-4290-83a6-b460677b198d,6,Sample English review 1779.
39b9172e-c40f-45a0-85da-cac1ddca9d3d,91492fc5-e82d-4743-95af-0ea161f06fed,1b3bae68-e409-4055-a2c3-d5f42604c9b1,8,
7a47cfc6-183f-48ac-a8de-50b3a31fa4d0,91492fc5-e82d-4743-95af-0ea161f06fed,47632200-a702-4992-9f11-020d87c3aaed,4,Sample English review 1781.
c94545d3-1a1f-480f-acee-5cad8442e5de,91492fc5-e82d-4743-95af-0ea161f06fed,85bbf311-5929-482a-a259-21f783c36c59,3,Sample English review 1782.
2a2ec73d-a2e4-4e96-b3a4-3282420876fe,91492fc5-e82d-4743-95af-0ea161f06fed,f9a7e8ba-2326-4fd7-b228-98060197c4f6,10,Sample English review 1783.
9678a3e5-b36d-487a-b99c-24c888f47818,91492fc5-e82d-4743-95af-0ea161f06fed,4072477a-0e21-47ca-9a86-73f662b98398,8,Sample English review 1784.
05e90994-7553-40a4-aee5-a28ac1c9b3fd,91492fc5-e82d-4743-95af-0ea161f06fed,3e78c42e-79c6-46a5-84ba-afca64de824b,3,Sample English review 1785.
55bb7e0e-23af-4b37-8d3e-b196a39f064c,91492fc5-e82d-4743-95af-0ea161f06fed,009bae3f-9085-415e-81bf-b86503fa9115,1,Sample English review 1786.
25d6a3a4-15eb-443d-b9e9-ffe34837c55b,91492fc5-e82d-4743-95af-0ea161f06fed,33b5c78e-cad2-4331-b9b9-a38ef8954dec,10,
68419ca9-eadd-4d76-a8e2-d3ccdbc80660,91492fc5-e82d-4743-95af-0ea161f06fed,afc8c392-95b3-4506-8d6c-719f96692939,3,
e25430cf-7db7-451f-8f1b-169684a2e847,91492fc5-e82d-4743-95af-0ea161f06fed,d9b9480a-a1e4-49d4-b8b5-a28a761924b7,4,Sample English review 1789.
88b2148f-807c-4222-b439-842a0c805d61,91492fc5-e82d-4743-95af-0ea161f06fed,ccda4639-3814-4892-99ea-7aa00cd42d49,10,Sample English review 1790.
ee2c98ed-87ea-4a5f-85a7-1d85c602ba89,91492fc5-e82d-4743-95af-0ea161f06fed,8a99736e-dad6-489d-aa46-0ee02356e5fe,10,Sample English review 1791.
54ae3707-ac7f-42f7-8d00-f5e1ccc8bbe3,b6033adb-78a7-4f2e-921d-870bcb7371d7,3c16d474-f898-4cfe-b924-7c38bea20d5c,2,
0ceb3211-e91c-434b-9c47-178d9d5f5007,b6033adb-78a7-4f2e-921d-870bcb7371d7,09dc474c-41e1-47c7-bd11-8bcc61aba3cc,10,
1e371f22-13b8-4c10-a7c9-afd6b021554a,b6033adb-78a7-4f2e-921d-870bcb7371d7,99f8ef2d-c0e8-4290-83a6-b460677b198d,7,Sample English review 1794.
d18fcc1f-cba3-4e86-9c83-3bbbc72cb781,b6033adb-78a7-4f2e-921d-870bcb7371d7,33875037-f579-42ed-8aba-818a640c90d9,3,
c140e423-c099-499d-841c-5fce76a81e4b,b6033adb-78a7-4f2e-921d-870bcb7371d7,9dae46b7-7f1a-4d67-b808-9e9c1b622d6c,6,Sample English review 1796.
93eeb18b-6c20-484c-b256-a8b6bf3badc9,b6033adb-78a7-4f2e-921d-870bcb7371d7,d51ce7b5-dd79-4d62-93c4-4a7cff3d22e3,2,Sample English review 1797.
cdb0536f-bbba-4873-b565-dcd4f411a4fc,b6033adb-78a7-4f2e-921d-870bcb7371d7,85bbf311-5929-482a-a259-21f783c36c59,7,Sample English review 1798.
19d1302b-51c6-4d29-8fbc-48ddd74451a1,b6033adb-78a7-4f2e-921d-870bcb7371d7,677a4d7a-ae9b-4bdb-a72f-67f73eba99c7,7,
1aa9466d-8741-4adc-88db-485397af3a06,729180d4-2284-40bb-852e-c3ad4fe47e32,979d4dea-2a55-46c2-a9d1-95d1bd7fab87,5,Sample English review 1800.
7dae1927-5240-4b58-bdf7-781aca806198,729180d4-2284-40bb-852e-c3ad4fe47e32,47ae8c16-2d72-4c6b-8a12-3dac47db6ed7,6,
41c7444c-5622-4686-b8c7-6f99ad7e9d9a,729180d4-2284-40bb-852e-c3ad4fe47e32,0eda6729-995b-43a0-9a17-b89035543c47,5,Sample English review 1802.
48c62115-c3c1-4079-8dfa-6dd62ec9c9ca,729180d4-2284-40bb-852e-c3ad4fe47e32,1f2f5550-69ee-4ec3-82d2-d6cf2d0fc05c,2,Sample English review 1803.
ee7cd8d7-5bfa-426a-ac39-f599cfd6705f,729180d4-2284-40bb-852e-c3ad4fe47e32,f9a7e8ba-2326-4fd7-b228-98060197c4f6,4,
c22050c4-0b9f-45c7-877b-4e2ee318ce73,9d0179c7-81d2-4f10-a65a-ef9003f0e7cf,5e77bfad-cca1-40e3-9460-368c94829eed,10,
c6e9cf13-fbc3-471e-953d-a1a954963ad4,9d0179c7-81d2-4f10-a65a-ef9003f0e7cf,99f6f5c3-1cb9-4fe1-ab1a-aa9c1d16dbd0,4,Sample English review 1806.
1b22a1c3-185e-43c5-b8ca-27e864b2a0fd,9d0179c7-81d2-4f10-a65a-ef9003f0e7cf,74429405-c801-4e71-87cd-1d726e8cd8f7,4,Sample English review 1807.
835abcc0-8655-4d04-bdea-f8bed81b5f1f,9d0179c7-81d2-4f10-a65a-ef9003f0e7cf,1f2f5550-69ee-4ec3-82d2-d6cf2d0fc05c,7,Sample English review 1808.
984e1914-a3e0-492c-ba6a-b651b9b983aa,9d0179c7-81d2-4f10-a65a-ef9003f0e7cf,33b5c78e-cad2-4331-b9b9-a38ef8954dec,4,
b5b278c4-69b1-45a0-96b1-6f33c6faf5a0,9d0179c7-81d2-4f10-a65a-ef9003f0e7cf,427354fb-8736-4fd4-9ea1-30b98d1974e7,8,Sample English review 1810.
7fbf7704-902c-4037-8d80-dd064e8a37eb,9d0179c7-81d2-4f10-a65a-ef9003f0e7cf,aa451009-5df5-4e3e-bce7-7ad1ac26b289,2,
677acb3b-48ec-4568-a933-62013ef100a5,9d0179c7-81d2-4f10-a65a-ef9003f0e7cf,6d0ed363-2c1a-43f7-958a-0e0cb6ea3e49,8,
e4966b98-1994-49fd-a8f9-6210322ff92a,9d0179c7-81d2-4f10-a65a-ef9003f0e7cf,fd530ba8-7ae3-47c6-b384-a6b01df494cb,5,
608ec4d5-b86f-4c01-8166-0f942bd7f9bf,9d0179c7-81d2-4f10-a65a-ef9003f0e7cf,3c16d474-f898-4cfe-b924-7c38bea20d5c,10,
2922cfef-fd45-48c9-a237-0d16f4896bb5,9d0179c7-81d2-4f10-a65a-ef9003f0e7cf,1aa28ea9-5df1-4ce1-a2db-7524bfcfd4ee,9,Sample English review 1815.
42855476-f242-41e8-9fa6-8215472eae06,f14dfac4-5356-4317-abe1-c78621e417fa,ecdbf5f6-ea6e-48ad-8cf1-165f8682b135,6,
d380aa61-3287-4915-94cf-1ae6f68db398,f14dfac4-5356-4317-abe1-c78621e417fa,f4fa3e26-130b-42f5-8e08-2d4f884e080d,4,Sample English review 1817.
5a930316-cfd6-464e-9d42-33c0396ead42,10b709db-11f6-4859-abaf-5eea1283c363,0eda6729-995b-43a0-9a17-b89035543c47,5,Sample English review 1818.
af456e71-135f-4e3e-b312-0a1bbb5761b7,10b709db-11f6-4859-abaf-5eea1283c363,1444ba20-39ac-43a5-bccc-1cc41c2f03b1,4,Sample English review 1819.
4bbfc7aa-ad2e-44f6-b789-d532f61aba66,10b709db-11f6-4859-abaf-5eea1283c363,9b151d62-177e-4736-b8e5-6cf69170f9dc,1,Sample English review 1820.
92cb2cb0-1769-4d11-8682-de38293e6c12,10b709db-11f6-4859-abaf-5eea1283c363,d9b9480a-a1e4-49d4-b8b5-a28a761924b7,7,Sample English review 1821.
bad2ade4-e666-4d4c-9387-924800998c9d,10b709db-11f6-4859-abaf-5eea1283c363,77ae4c44-0946-4323-afdc-9932fc01f4c6,8,Sample English review 1822.
6d4e85ea-2014-4ae9-be6c-f2cda8625cf4,10b709db-11f6-4859-abaf-5eea1283c363,62531f1e-00a6-4fce-ab03-320c8c0852e8,1,Sample English review 1823.
d87e6e7d-64d3-4b07-a52c-846d5967c1ca,10b709db-11f6-4859-abaf-5eea1283c363,f9a7e8ba-2326-4fd7-b228-98060197c4f6,4,Sample English review 1824.
cce6d317-aebd-412c-b262-d94040641dfd,10b709db-11f6-4859-abaf-5eea1283c363,1afd4484-49c1-4870-b60c-c754c4ce04d0,5,Sample English review 1825.
70c8bd60-beca-4aff-9b42-20145da10712,10b709db-11f6-4859-abaf-5eea1283c363,708f4f48-f883-4f49-97ee-2c0a91c249de,8,Sample English review 1826.
395cf472-445e-458b-933b-57c8878c882f,10b709db-11f6-4859-abaf-5eea1283c363,b51a7d8d-dbc7-426e-9013-dd2124a444bb,8,Sample English review 1827.
1f73a925-090b-4fd6-ab36-95772588c491,10b709db-11f6-4859-abaf-5eea1283c363,138aca2e-a48d-46a6-ac06-c902efe4fd18,8,Sample English review 1828.
6d524b35-e6a8-49a8-b1e2-c330fbc3dd2d,10b709db-11f6-4859-abaf-5eea1283c363,cf58157c-eee8-4cb1-af62-820e7aadb847,2,
3c73a5b2-f590-45ed-9c10-814869a85bc4,10b709db-11f6-4859-abaf-5eea1283c363,427354fb-8736-4fd4-9ea1-30b98d1974e7,7,Sample English review 1830.
d0921aab-3fef-4900-bcbf-f7c8de422fc9,10b709db-11f6-4859-abaf-5eea1283c363,7bd0bc4e-e14f-4f46-8e8b-d015a6b4ebc1,10,
d8de5927-3930-4892-985f-dcf67fd2fd25,764837b2-5263-4b8d-b8ee-d25c168ff48a,ecab2181-cb9d-42f7-b110-65986cef6204,10,
833c215c-cae2-4807-a035-bdcaff59b302,764837b2-5263-4b8d-b8ee-d25c168ff48a,21bf0f34-fea3-4cb9-b9a7-94e72ffacc8a,5,Sample English review 1833.
1d4a6815-27f2-4933-b98f-b0df596e0fc3,764837b2-5263-4b8d-b8ee-d25c168ff48a,81d5edb0-d9b4-4d01-968c-8eda5f5b6a03,10,
a4e3fd19-f90e-41df-b184-36b1ce1a5404,764837b2-5263-4b8d-b8ee-d25c168ff48a,138aca2e-a48d-46a6-ac06-c902efe4fd18,1,Sample English review 1835.
5b758eba-8c3e-4bcd-b55d-3f040b95703e,764837b2-5263-4b8d-b8ee-d25c168ff48a,677a4d7a-ae9b-4bdb-a72f-67f73eba99c7,1,Sample English review 1836.
22a6ce8c-12de-43a1-8a00-236ecc5ff430,764837b2-5263-4b8d-b8ee-d25c168ff48a,5e77bfad-cca1-40e3-9460-368c94829eed,5,Sample English review 1837.
edf75743-85d0-4327-80e1-989d436478af,764837b2-5263-4b8d-b8ee-d25c168ff48a,aa451009-5df5-4e3e-bce7-7ad1ac26b289,5,Sample English review 1838.
0738f43d-277e-4f41-ba4d-603cae1a08c0,764837b2-5263-4b8d-b8ee-d25c168ff48a,d01b25df-fe4a-4617-b8b9-ee0c60db6556,1,
ef441bf2-378b-41d7-9c2d-2d3f19ddc524,764837b2-5263-4b8d-b8ee-d25c168ff48a,b51a7d8d-dbc7-426e-9013-dd2124a444bb,1,
36a6acc8-5edb-4b16-8eeb-634a32fca41b,b307c0a6-e9ec-48c4-b4f3-08bccf94256a,ebaef81b-0f73-4e06-bb20-5ef173be29af,4,Sample English review 1841.
ef4a4005-455b-41d0-95e9-41dd6e6ba4ca,b307c0a6-e9ec-48c4-b4f3-08bccf94256a,aa451009-5df5-4e3e-bce7-7ad1ac26b289,7,Sample English review 1842.
fe44ac8f-9511-455d-ad37-e367ef000dd8,b307c0a6-e9ec-48c4-b4f3-08bccf94256a,99f6f5c3-1cb9-4fe1-ab1a-aa9c1d16dbd0,9,
df54b381-0f17-40ef-b86e-4c4dd3e0488f,b307c0a6-e9ec-48c4-b4f3-08bccf94256a,fd530ba8-7ae3-47c6-b384-a6b01df494cb,7,
7dc02a5a-1bd5-41eb-a247-a4ed39b95ab8,b307c0a6-e9ec-48c4-b4f3-08bccf94256a,1b3bae68-e409-4055-a2c3-d5f42604c9b1,1,
cecefef3-2363-4abe-a593-c3251502fc6d,b307c0a6-e9ec-48c4-b4f3-08bccf94256a,47ae8c16-2d72-4c6b-8a12-3dac47db6ed7,9,Sample English review 1846.
5260c8b8-8ad9-4f87-8b90-cfc5b15be422,b307c0a6-e9ec-48c4-b4f3-08bccf94256a,d01b25df-fe4a-4617-b8b9-ee0c60db6556,3,Sample English review 1847.
695ef5e7-69b1-4eca-be2a-e6af48ff5d0d,b307c0a6-e9ec-48c4-b4f3-08bccf94256a,427354fb-8736-4fd4-9ea1-30b98d1974e7,9,Sample English review 1848.
e5ec4e9e-c601-4cc7-a519-f561294d0ae0,b307c0a6-e9ec-48c4-b4f3-08bccf94256a,8ff07004-cedb-4c53-a5dd-a034c6073f8e,3,Sample English review 1849.
1cedd930-c0c5-428a-9603-6e0b7f9ef84b,b307c0a6-e9ec-48c4-b4f3-08bccf94256a,c3820118-4994-4049-8719-6d71466870fe,10,
1e394643-d36b-47f9-b315-d4fc0e9620d9,b307c0a6-e9ec-48c4-b4f3-08bccf94256a,21bf0f34-fea3-4cb9-b9a7-94e72ffacc8a,3,
ac0d3bc8-39d2-4000-a95c-4bd8e470149d,b307c0a6-e9ec-48c4-b4f3-08bccf94256a,7c08735f-311c-4060-9637-87bee6bf9673,10,Sample English review 1852.
2ebc9902-f8f5-443e-b25d-f74a58fcf514,7bb132c1-2ce1-4a98-9cfc-d91a81f11b48,8ff07004-cedb-4c53-a5dd-a034c6073f8e,7,Sample English review 1853.
a00c052b-28ad-4b36-9302-f84faa6a3203,7bb132c1-2ce1-4a98-9cfc-d91a81f11b48,2d56957e-9087-4750-8598-9d99f1933845,10,Sample English review 1854.
748a943c-6d4b-4245-b003-672763592a9d,7bb132c1-2ce1-4a98-9cfc-d91a81f11b48,7bd0bc4e-e14f-4f46-8e8b-d015a6b4ebc1,7,
358a061a-7f1d-4856-bdc9-5b356a99ef15,7bb132c1-2ce1-4a98-9cfc-d91a81f11b48,47632200-a702-4992-9f11-020d87c3aaed,9,Sample English review 1856.
a403b175-8881-44bf-93ca-3d56793f2f5c,7bb132c1-2ce1-4a98-9cfc-d91a81f11b48,9dae46b7-7f1a-4d67-b808-9e9c1b622d6c,10,
e4f63de7-f742-48db-a5b1-35a9a9d6046e,7bb132c1-2ce1-4a98-9cfc-d91a81f11b48,23855b90-cb3b-4533-a756-bab9bb81426e,7,Sample English review 1858.
f0bfb1a2-a25d-48e1-82fc-521dec1058db,7bb132c1-2ce1-4a98-9cfc-d91a81f11b48,1b7592f5-0e3c-4c80-b5a2-4bd6f1157cba,10,
85296555-ad61-4d38-b733-e98627363d17,f53ebde6-9831-4878-af7b-094550ee5eaa,9b151d62-177e-4736-b8e5-6cf69170f9dc,7,
55bcfab6-e6c3-447a-998c-e564390b28e5,f53ebde6-9831-4878-af7b-094550ee5eaa,2752b069-f76a-4957-8807-6237a31f6d2c,1,Sample English review 1861.
3e9df406-4cad-490b-aebc-a2448b7c7c9a,f53ebde6-9831-4878-af7b-094550ee5eaa,08c2602d-87d3-4851-b7fb-2bad244b5357,1,
6cce4000-d6de-4275-8421-07075f47b766,f53ebde6-9831-4878-af7b-094550ee5eaa,8ff07004-cedb-4c53-a5dd-a034c6073f8e,6,Sample English review 1863.
a0086f52-d33f-40c3-8a98-411e58b0beb3,f53ebde6-9831-4878-af7b-094550ee5eaa,1afd4484-49c1-4870-b60c-c754c4ce04d0,2,
35768ab6-ec21-4122-b3d9-807c64416d05,ed0bdc78-8ceb-42f2-b3dd-c86cced41af4,7338dd63-a1d1-4e74-9759-cd17bae3c0d8,5,
e815d1a1-9cd2-4d14-af2a-43511b1121de,ed0bdc78-8ceb-42f2-b3dd-c86cced41af4,6358f21d-d22d-4f6c-b15e-7a1b7ba90800,10,
22b7bd51-fc1d-4878-98a4-880a54ea1fc3,ed0bdc78-8ceb-42f2-b3dd-c86cced41af4,1444ba20-39ac-43a5-bccc-1cc41c2f03b1,8,Sample English review 1867.
5d0726a6-5c61-4493-b354-a1e514d18bda,6ec56d4b-7d7c-4440-a751-4cfa3721483e,d01b25df-fe4a-4617-b8b9-ee0c60db6556,4,Sample English review 1868.
b45d7f32-278f-4973-97f0-c60bfed2f83e,6ec56d4b-7d7c-4440-a751-4cfa3721483e,f9a7e8ba-2326-4fd7-b228-98060197c4f6,7,
deb83db0-cd62-432e-a1bf-47cae0a1f96b,6ec56d4b-7d7c-4440-a751-4cfa3721483e,aa451009-5df5-4e3e-bce7-7ad1ac26b289,6,
e46fe4f4-8d4a-4205-8b02-c9582cac0bec,6ec56d4b-7d7c-4440-a751-4cfa3721483e,0db8d5e2-1888-4d9f-a451-2f6e2a3e0f7d,5,
1c18c05c-9dd1-4cce-88bf-ab79c708645a,6ec56d4b-7d7c-4440-a751-4cfa3721483e,37887751-4d47-4e5c-98fd-9fa0dc90314c,5,Sample English review 1872.
3815ed83-aad3-46db-87a3-c9247ff392a4,6ec56d4b-7d7c-4440-a751-4cfa3721483e,08c2602d-87d3-4851-b7fb-2bad244b5357,4,Sample English review 1873.
d577fe5b-46cc-4ce5-9ff0-ae8ca3922cd5,6ec56d4b-7d7c-4440-a751-4cfa3721483e,67d8b4ad-4640-43f2-9c53-6b4929f30103,2,Sample English review 1874.
8dd40f49-1696-4061-bdb9-c4d41ec411bf,6ec56d4b-7d7c-4440-a751-4cfa3721483e,9008a579-51a2-4cde-80db-8e277bfd15c0,7,
04167994-4dc0-4f5b-99d2-05381cde372c,6ec56d4b-7d7c-4440-a751-4cfa3721483e,6d0ed363-2c1a-43f7-958a-0e0cb6ea3e49,5,
37d89ef5-309d-4d48-97fb-5f9a9f304237,6ec56d4b-7d7c-4440-a751-4cfa3721483e,1aa28ea9-5df1-4ce1-a2db-7524bfcfd4ee,5,Sample English review 1877.
f29ff815-33e9-4fae-8acc-fa169c2379e4,6ec56d4b-7d7c-4440-a751-4cfa3721483e,3e78c42e-79c6-46a5-84ba-afca64de824b,2,Sample English review 1878.
a2defc23-ecdd-490a-92f7-71bf81b6b3b2,6ec56d4b-7d7c-4440-a751-4cfa3721483e,23855b90-cb3b-4533-a756-bab9bb81426e,4,Sample English review 1879.
e897b037-a041-42f8-a523-8aa9d705e79f,6ec56d4b-7d7c-4440-a751-4cfa3721483e,4ad5c73a-5c99-4e98-9d90-0e03b0986909,5,Sample English review 1880.
85c9ef2f-e412-4b27-acec-0af0ec406a86,6ec56d4b-7d7c-4440-a751-4cfa3721483e,ecdbf5f6-ea6e-48ad-8cf1-165f8682b135,9,Sample English review 1881.
27500766-7e29-4c0d-8ed4-9b4509d313cc,6ec56d4b-7d7c-4440-a751-4cfa3721483e,09dc474c-41e1-47c7-bd11-8bcc61aba3cc,8,Sample English review 1882.
1d92b275-2e09-4c21-9857-e96b6e1259ed,6ec56d4b-7d7c-4440-a751-4cfa3721483e,09876245-335b-4ddd-bdbf-a33e23abc2fb,2,Sample English review 1883.
3c3aeeb6-d4dd-43b8-8e18-34e595b0f6ba,6ec56d4b-7d7c-4440-a751-4cfa3721483e,b51a7d8d-dbc7-426e-9013-dd2124a444bb,3,Sample English review 1884.
0c1e5ad5-b418-46f8-b99a-3c7a2d3963c3,6ec56d4b-7d7c-4440-a751-4cfa3721483e,2752b069-f76a-4957-8807-6237a31f6d2c,4,
2a2f4b7a-5449-49b3-89b7-ee9e37d9533d,6ec56d4b-7d7c-4440-a751-4cfa3721483e,47aa0eb4-151b-4307-b50f-cdd5a44970fd,8,Sample English review 1886.
3af9c2e3-f45a-426f-9775-ac59ac0e087b,392f1ecd-c76a-43f6-bd60-170588d23edc,ac393398-9266-4f9c-8a2d-d14ae2aa114e,9,Sample English review 1887.
901fc663-3cfb-457b-962b-27b49e1d1794,0228a653-eb6c-400a-852d-ffbe6a97903c,4ad5c73a-5c99-4e98-9d90-0e03b0986909,7,Sample English review 1888.
9f78e5d0-5c88-4ce9-ac7b-56f1fb4ece9b,0228a653-eb6c-400a-852d-ffbe6a97903c,7c08735f-311c-4060-9637-87bee6bf9673,10,
1ce2fda4-cb2c-48b3-90f0-37176a42493a,0228a653-eb6c-400a-852d-ffbe6a97903c,1afd4484-49c1-4870-b60c-c754c4ce04d0,6,Sample English review 1890.
864b7892-c0ed-480b-934b-3820bd179906,0228a653-eb6c-400a-852d-ffbe6a97903c,009bae3f-9085-415e-81bf-b86503fa9115,5,Sample English review 1891.
1881f642-c41c-4235-b43f-bab5174e0d36,0228a653-eb6c-400a-852d-ffbe6a97903c,1b7592f5-0e3c-4c80-b5a2-4bd6f1157cba,3,Sample English review 1892.
33bf0636-7811-4033-8b7a-a531dce1b6d0,0228a653-eb6c-400a-852d-ffbe6a97903c,979d4dea-2a55-46c2-a9d1-95d1bd7fab87,6,
8e87876d-d6cc-4dd4-9c8d-0e578dd4d479,0228a653-eb6c-400a-852d-ffbe6a97903c,6d0ed363-2c1a-43f7-958a-0e0cb6ea3e49,2,Sample English review 1894.
21be6f23-a49d-4871-a93a-07b7b5c6d5ef,0228a653-eb6c-400a-852d-ffbe6a97903c,24ce7888-3716-43b8-9d28-4239e17abe25,4,Sample English review 1895.
9eccbb57-09a5-4b23-876f-dd7ed17ba37d,0228a653-eb6c-400a-852d-ffbe6a97903c,b51a7d8d-dbc7-426e-9013-dd2124a444bb,8,
11d7e9f8-7858-4588-a158-52dd4b181863,0228a653-eb6c-400a-852d-ffbe6a97903c,5fb1457b-691f-48fd-aeca-0103d0a88833,6,Sample English review 1897.
8cfa498f-a245-4f16-a92c-b8ee25343c18,0228a653-eb6c-400a-852d-ffbe6a97903c,2752b069-f76a-4957-8807-6237a31f6d2c,5,Sample English review 1898.
cb778b28-ffce-412d-8251-936e2a14be64,0228a653-eb6c-400a-852d-ffbe6a97903c,99f6f5c3-1cb9-4fe1-ab1a-aa9c1d16dbd0,2,Sample English review 1899.
da8e095a-c803-4b43-82b6-988ac0dcec4d,0228a653-eb6c-400a-852d-ffbe6a97903c,1aa28ea9-5df1-4ce1-a2db-7524bfcfd4ee,8,Sample English review 1900.
6bf13988-6d92-4e82-9252-64f0892371a5,e78284a5-55e3-405a-b135-d915adfba02e,4edba6e8-c8d9-4fe2-a682-124b91f87604,4,Sample English review 1901.
ba681035-cc1c-495f-86f7-cb4666832229,e78284a5-55e3-405a-b135-d915adfba02e,1444ba20-39ac-43a5-bccc-1cc41c2f03b1,4,Sample English review 1902.
9b61bd54-a170-44fa-8156-9d8bea78ef30,e78284a5-55e3-405a-b135-d915adfba02e,f9a7e8ba-2326-4fd7-b228-98060197c4f6,2,
4852cff8-2196-4d7a-b3da-80e9d46f086b,e78284a5-55e3-405a-b135-d915adfba02e,9dae46b7-7f1a-4d67-b808-9e9c1b622d6c,8,Sample English review 1904.
172887b9-0e97-451d-8d8d-e2faf30a37eb,e78284a5-55e3-405a-b135-d915adfba02e,1afd4484-49c1-4870-b60c-c754c4ce04d0,8,Sample English review 1905.
0b9ef803-4622-4a31-afd6-c98ef19fee02,e78284a5-55e3-405a-b135-d915adfba02e,d51ce7b5-dd79-4d62-93c4-4a7cff3d22e3,2,
57d1113b-6bc5-462b-b578-7c3d35c00a2d,9d094be7-1ea1-4e58-86b7-9faaca9a2498,425035ef-0093-422c-a760-2740c95f4457,9,Sample English review 1907.
0272f743-e2ba-4c1b-9965-59867e27b8e7,9d094be7-1ea1-4e58-86b7-9faaca9a2498,4072477a-0e21-47ca-9a86-73f662b98398,7,Sample English review 1908.
80a409d9-e090-4584-9c88-f214e88b93ff,9d094be7-1ea1-4e58-86b7-9faaca9a2498,427354fb-8736-4fd4-9ea1-30b98d1974e7,3,
876bcc3c-7ac8-4a2e-9779-7df9da3c2954,9d094be7-1ea1-4e58-86b7-9faaca9a2498,6d0ed363-2c1a-43f7-958a-0e0cb6ea3e49,6,Sample English review 1910.
52f727e7-0159-4bc6-91ea-39e0cf18d819,9d094be7-1ea1-4e58-86b7-9faaca9a2498,9c0da375-3d5a-4608-b8c7-9e36139d6c33,5,
1898fc01-cde2-463e-a905-af9aa75f56e6,9d094be7-1ea1-4e58-86b7-9faaca9a2498,7c08735f-311c-4060-9637-87bee6bf9673,1,
1bfbbe0c-3851-4189-8146-bfe8198c3733,9d094be7-1ea1-4e58-86b7-9faaca9a2498,33875037-f579-42ed-8aba-818a640c90d9,5,Sample English review 1913.
ebf8a53f-1baa-44a2-97b9-9675ed48cb6e,9d094be7-1ea1-4e58-86b7-9faaca9a2498,7bd0bc4e-e14f-4f46-8e8b-d015a6b4ebc1,10,Sample English review 1914.
006028a5-3668-4385-bed9-eaff90fef2ed,9d094be7-1ea1-4e58-86b7-9faaca9a2498,f4fa3e26-130b-42f5-8e08-2d4f884e080d,5,Sample English review 1915.
acfb4a65-a136-4362-bf4b-85f5b4f5ce2a,9d094be7-1ea1-4e58-86b7-9faaca9a2498,8a99736e-dad6-489d-aa46-0ee02356e5fe,4,Sample English review 1916.
96743f34-f64d-4106-a522-1bd86e8b03c5,9d094be7-1ea1-4e58-86b7-9faaca9a2498,b51a7d8d-dbc7-426e-9013-dd2124a444bb,5,
982e0d17-df50-4585-b102-1b50a1e7063c,9d094be7-1ea1-4e58-86b7-9faaca9a2498,7c01f309-b5b4-4962-843f-9698ce3ede17,7,
6e542cc8-4cdf-424f-b5cb-425e40c4b2ec,9d094be7-1ea1-4e58-86b7-9faaca9a2498,99f8ef2d-c0e8-4290-83a6-b460677b198d,9,Sample English review 1919.
48cb6722-3c1b-457d-8b14-74530b58d879,9d094be7-1ea1-4e58-86b7-9faaca9a2498,7338dd63-a1d1-4e74-9759-cd17bae3c0d8,7,Sample English review 1920.
5c0176cf-6ee6-4c3e-9c40-3a95f1bf4d5c,9d094be7-1ea1-4e58-86b7-9faaca9a2498,81d5edb0-d9b4-4d01-968c-8eda5f5b6a03,8,Sample English review 1921.
8f16bd4e-d9d8-4f8a-852a-62d4f6c39152,9d094be7-1ea1-4e58-86b7-9faaca9a2498,08c2602d-87d3-4851-b7fb-2bad244b5357,10,
b5002300-85c9-4247-be0e-2d4a5fd26156,4adc1296-57b1-43c4-b620-bd28008f2a99,1b3bae68-e409-4055-a2c3-d5f42604c9b1,8,Sample English review 1923.
92d6fc22-94f1-4242-a474-3ca49a6a7e8e,4adc1296-57b1-43c4-b620-bd28008f2a99,5fb1457b-691f-48fd-aeca-0103d0a88833,7,Sample English review 1924.
38004c77-02e7-4a30-9903-dfc0c4da13de,4adc1296-57b1-43c4-b620-bd28008f2a99,d51ce7b5-dd79-4d62-93c4-4a7cff3d22e3,5,Sample English review 1925.
c76bde61-1ecc-4bfe-8140-5d90ca316bf7,4adc1296-57b1-43c4-b620-bd28008f2a99,6358f21d-d22d-4f6c-b15e-7a1b7ba90800,8,Sample English review 1926.
5962386d-bce7-49e4-a492-131d8ff98939,4adc1296-57b1-43c4-b620-bd28008f2a99,ecab2181-cb9d-42f7-b110-65986cef6204,4,
14060439-f2e4-4a78-b40d-522163c8cd0d,4adc1296-57b1-43c4-b620-bd28008f2a99,009bae3f-9085-415e-81bf-b86503fa9115,3,
9705f23f-7729-4a8f-b657-5a11e8a16472,4adc1296-57b1-43c4-b620-bd28008f2a99,1aa28ea9-5df1-4ce1-a2db-7524bfcfd4ee,3,
2bedb60a-2cf7-487c-9531-90dd6463fa48,4adc1296-57b1-43c4-b620-bd28008f2a99,e994bf32-d050-4e52-b334-5b6074b2a959,1,
bbec2472-951e-4c59-8f95-34d6f196538c,4adc1296-57b1-43c4-b620-bd28008f2a99,34e41375-9db2-4e92-9f7d-76f36353f4e6,4,Sample English review 1931.
410803b6-1e3f-44a9-a6b6-2cc1d6d639ce,4adc1296-57b1-43c4-b620-bd28008f2a99,1444ba20-39ac-43a5-bccc-1cc41c2f03b1,3,Sample English review 1932.
4d0d2ef4-a951-471b-8cfa-561cdf683b41,924b9891-88c9-4ac6-82b7-f12fa3caf589,5fb1457b-691f-48fd-aeca-0103d0a88833,9,Sample English review 1933.
27638398-0c6a-4753-912d-2d0f23ec5451,924b9891-88c9-4ac6-82b7-f12fa3caf589,ac393398-9266-4f9c-8a2d-d14ae2aa114e,9,
b128fb24-0e4f-4f98-a2a9-e87040ca3f02,924b9891-88c9-4ac6-82b7-f12fa3caf589,8a99736e-dad6-489d-aa46-0ee02356e5fe,3,Sample English review 1935.
eccac45c-cc38-4952-825b-2de39aabf880,924b9891-88c9-4ac6-82b7-f12fa3caf589,5597d267-e508-4a43-8244-f8ec9fdecae4,7,Sample English review 1936.
2a245b32-d46e-4549-8c49-e105a0692a6e,924b9891-88c9-4ac6-82b7-f12fa3caf589,e52406b3-6af5-42dc-a087-fe3f73c2cb30,9,
23971270-5c31-4b92-b990-da534bfb7b30,924b9891-88c9-4ac6-82b7-f12fa3caf589,708f4f48-f883-4f49-97ee-2c0a91c249de,7,Sample English review 1938.
76fbf4a8-eb41-426b-b8dc-da983678ef82,924b9891-88c9-4ac6-82b7-f12fa3caf589,cb55c939-b208-4183-9cac-dc086cdad4ea,5,Sample English review 1939.
073b3f28-a0fb-4572-99a3-50787cf71ed8,924b9891-88c9-4ac6-82b7-f12fa3caf589,3c16d474-f898-4cfe-b924-7c38bea20d5c,2,Sample English review 1940.
239f2197-7fb0-4bcf-8322-15104f331e86,924b9891-88c9-4ac6-82b7-f12fa3caf589,f9a7e8ba-2326-4fd7-b228-98060197c4f6,9,
ad721cc7-d606-4501-a750-9f5ed9f245e7,924b9891-88c9-4ac6-82b7-f12fa3caf589,ecdbf5f6-ea6e-48ad-8cf1-165f8682b135,5,Sample English review 1942.
92c64ebe-9352-4a64-8e5b-53833152ce56,924b9891-88c9-4ac6-82b7-f12fa3caf589,08c2602d-87d3-4851-b7fb-2bad244b5357,9,Sample English review 1943.
ee258be4-d302-4422-a9d3-228c9d280702,924b9891-88c9-4ac6-82b7-f12fa3caf589,1aa28ea9-5df1-4ce1-a2db-7524bfcfd4ee,3,Sample English review 1944.
5e5f9d39-c851-4809-9f3f-e3a869771e99,924b9891-88c9-4ac6-82b7-f12fa3caf589,09876245-335b-4ddd-bdbf-a33e23abc2fb,9,Sample English review 1945.
3353d20b-c3d5-418d-82c3-4f47a5fd77fa,924b9891-88c9-4ac6-82b7-f12fa3caf589,b3bb325c-6f93-4946-9d94-ca835b5be056,9,Sample English review 1946.
76943569-98db-4b70-a50b-b944461ecd00,924b9891-88c9-4ac6-82b7-f12fa3caf589,9008a579-51a2-4cde-80db-8e277bfd15c0,4,
d1e67a6f-010c-4659-a07a-ca7d30bffd4b,924b9891-88c9-4ac6-82b7-f12fa3caf589,09dc474c-41e1-47c7-bd11-8bcc61aba3cc,1,Sample English review 1948.
f3aa3e81-da38-4700-97aa-d4b029618f91,924b9891-88c9-4ac6-82b7-f12fa3caf589,2c417aef-cf61-4d18-ae06-06ba2317f36f,9,Sample English review 1949.
067dcb06-2f5a-4469-9554-0099a7453789,90dbeb42-c7c6-41fd-9124-72d9a3a955e6,ecdbf5f6-ea6e-48ad-8cf1-165f8682b135,2,Sample English review 1950.
da730cf6-a22c-4593-adcd-6bb2e7d07ff8,90dbeb42-c7c6-41fd-9124-72d9a3a955e6,3ea805cf-d96a-4098-9682-f85f57267e43,4,Sample English review 1951.
a2397388-ff7c-482e-82d2-6c7f1c0b6b77,90dbeb42-c7c6-41fd-9124-72d9a3a955e6,09901650-fe76-4f18-9bf9-e24256f4909e,9,Sample English review 1952.
31cb645a-d435-491c-ac2d-5e76f2a504f3,90dbeb42-c7c6-41fd-9124-72d9a3a955e6,979d4dea-2a55-46c2-a9d1-95d1bd7fab87,3,
ca093ef7-5786-4d84-8215-b91e153838a4,90dbeb42-c7c6-41fd-9124-72d9a3a955e6,24ce7888-3716-43b8-9d28-4239e17abe25,2,
525e27c2-73c2-4992-a435-75756d1e55ba,90dbeb42-c7c6-41fd-9124-72d9a3a955e6,47aa0eb4-151b-4307-b50f-cdd5a44970fd,2,Sample English review 1955.
de091108-bc95-4250-836a-0681aedf8161,90dbeb42-c7c6-41fd-9124-72d9a3a955e6,1afd4484-49c1-4870-b60c-c754c4ce04d0,10,Sample English review 1956.
58bd7321-8f52-4738-84d1-d1df12f1cd9c,90dbeb42-c7c6-41fd-9124-72d9a3a955e6,2d56957e-9087-4750-8598-9d99f1933845,9,Sample English review 1957.
d5b6bce1-0e91-4bab-9354-eca8fc559f63,90dbeb42-c7c6-41fd-9124-72d9a3a955e6,dac8e4dd-9f17-46ef-9865-5e025b74bf9a,4,Sample English review 1958.
8262cab1-5c07-4f34-874b-ed02b1d516e6,90dbeb42-c7c6-41fd-9124-72d9a3a955e6,502dde18-86e1-4b5c-88c2-8010d067ede7,8,Sample English review 1959.
2579463f-8745-4e87-a4b2-9c6f6a5405f7,90dbeb42-c7c6-41fd-9124-72d9a3a955e6,ecab2181-cb9d-42f7-b110-65986cef6204,7,Sample English review 1960.
5cb320ad-517d-41a2-896c-cec6ec7efbad,90dbeb42-c7c6-41fd-9124-72d9a3a955e6,427354fb-8736-4fd4-9ea1-30b98d1974e7,10,Sample English review 1961.
ed68cce6-88e7-40d4-85bc-f4a7c712754b,90dbeb42-c7c6-41fd-9124-72d9a3a955e6,1b3bae68-e409-4055-a2c3-d5f42604c9b1,4,Sample English review 1962.
16b96bd2-f82a-478e-8796-e5732f018652,90dbeb42-c7c6-41fd-9124-72d9a3a955e6,1aa28ea9-5df1-4ce1-a2db-7524bfcfd4ee,7,Sample English review 1963.
10dbaa0e-7b91-407c-a59b-b40bff06c133,81433bac-82c4-4d47-9ffb-c3473d175a8c,3ea805cf-d96a-4098-9682-f85f57267e43,4,Sample English review 1964.
b57fc736-4161-4101-b00b-bd534ff2c95b,81433bac-82c4-4d47-9ffb-c3473d175a8c,2c417aef-cf61-4d18-ae06-06ba2317f36f,1,
58e39db5-9efb-4d44-b84b-e8503de2702f,81433bac-82c4-4d47-9ffb-c3473d175a8c,99f8ef2d-c0e8-4290-83a6-b460677b198d,1,Sample English review 1966.
509ff026-f42d-4b28-b456-46b25199ce03,81433bac-82c4-4d47-9ffb-c3473d175a8c,f58f62f8-c6cd-4d19-adce-d4d1da14b149,6,Sample English review 1967.
d1fb3124-e05b-4609-bfac-a3ffd7504df8,81433bac-82c4-4d47-9ffb-c3473d175a8c,3c16d474-f898-4cfe-b924-7c38bea20d5c,4,
c234fb96-a57f-4e11-bd49-f54a7ec44b55,81433bac-82c4-4d47-9ffb-c3473d175a8c,4edba6e8-c8d9-4fe2-a682-124b91f87604,5,Sample English review 1969.
d53a39ac-aef0-40b3-8cc2-764ad72576ab,81433bac-82c4-4d47-9ffb-c3473d175a8c,979d4dea-2a55-46c2-a9d1-95d1bd7fab87,4,Sample English review 1970.
77cbe89f-90ab-49f7-984b-de6a99f4e560,81433bac-82c4-4d47-9ffb-c3473d175a8c,d01b25df-fe4a-4617-b8b9-ee0c60db6556,6,Sample English review 1971.
2d769b2e-a322-4c4c-818e-52bb691ff8a2,81433bac-82c4-4d47-9ffb-c3473d175a8c,0c6967ae-a4d8-4920-9d51-c7d95b61d752,1,Sample English review 1972.
a4b2c457-808f-47d5-b05a-2a212f574251,81433bac-82c4-4d47-9ffb-c3473d175a8c,ecab2181-cb9d-42f7-b110-65986cef6204,9,Sample English review 1973.
5001ab8b-b2a1-4ce0-bf10-f7a015b603e3,81433bac-82c4-4d47-9ffb-c3473d175a8c,09901650-fe76-4f18-9bf9-e24256f4909e,4,
adff2cfa-5a65-4d86-84cf-5759cfd076fb,8eaa9d98-5121-41f3-ab09-b86331868037,37887751-4d47-4e5c-98fd-9fa0dc90314c,8,Sample English review 1975.
6b85e5d4-2b2f-4295-aefb-61fbc89fb2ed,8eaa9d98-5121-41f3-ab09-b86331868037,69a62e24-d225-4d89-94b5-ae7f906b57dc,5,
11040bff-b819-4fc5-bd13-d3af79d2318a,8eaa9d98-5121-41f3-ab09-b86331868037,7bd0bc4e-e14f-4f46-8e8b-d015a6b4ebc1,6,
1e614263-f090-4b1e-b5e0-343f62bc89b3,8eaa9d98-5121-41f3-ab09-b86331868037,1afd4484-49c1-4870-b60c-c754c4ce04d0,10,Sample English review 1978.
bf8e9907-ac14-4f67-a86a-01b00388843c,8eaa9d98-5121-41f3-ab09-b86331868037,d9b9480a-a1e4-49d4-b8b5-a28a761924b7,1,Sample English review 1979.
fc3bb0b5-d48b-484c-ae94-a25362ead0f9,8eaa9d98-5121-41f3-ab09-b86331868037,23855b90-cb3b-4533-a756-bab9bb81426e,8,Sample English review 1980.
cd4e71db-db60-4bb5-bb43-81d03cae72fa,8eaa9d98-5121-41f3-ab09-b86331868037,9dae46b7-7f1a-4d67-b808-9e9c1b622d6c,9,Sample English review 1981.
50059bcb-ec30-4c3d-86b8-8eacd5391b4a,8eaa9d98-5121-41f3-ab09-b86331868037,d3206088-b25a-455a-9323-1c8d5829b0b0,3,Sample English review 1982.
f5207499-649d-4805-989c-655764713a9b,8eaa9d98-5121-41f3-ab09-b86331868037,138aca2e-a48d-46a6-ac06-c902efe4fd18,1,Sample English review 1983.
eefeebd4-2a9c-4876-870b-b27630880e35,8eaa9d98-5121-41f3-ab09-b86331868037,8ff07004-cedb-4c53-a5dd-a034c6073f8e,3,Sample English review 1984.
88a715fb-38a6-48a8-af20-8ea920deb0fc,8eaa9d98-5121-41f3-ab09-b86331868037,99f6f5c3-1cb9-4fe1-ab1a-aa9c1d16dbd0,6,Sample English review 1985.
dbebd38f-5cc4-4458-91d1-494bce3e1f54,8eaa9d98-5121-41f3-ab09-b86331868037,09876245-335b-4ddd-bdbf-a33e23abc2fb,1,
2eb63c97-22e6-4214-b3a3-01b52e1e43c1,8eaa9d98-5121-41f3-ab09-b86331868037,af3763b7-7954-464c-8287-33c652eaced6,3,
2dd9cc6e-03e7-4706-8ea9-9dbc933ff245,8eaa9d98-5121-41f3-ab09-b86331868037,d51ce7b5-dd79-4d62-93c4-4a7cff3d22e3,3,Sample English review 1988.
45627d83-1668-4e37-99cf-ca1dc209a49f,8eaa9d98-5121-41f3-ab09-b86331868037,427354fb-8736-4fd4-9ea1-30b98d1974e7,6,Sample English review 1989.
4a228fd8-e581-4497-89bd-5bbc0c38c4c3,8eaa9d98-5121-41f3-ab09-b86331868037,ccda4639-3814-4892-99ea-7aa00cd42d49,2,Sample English review 1990.
daadba93-1fe5-4176-a995-b1683c55c8dd,8eaa9d98-5121-41f3-ab09-b86331868037,9008a579-51a2-4cde-80db-8e277bfd15c0,5,Sample English review 1991.
36e51e39-f46c-42a7-b1b2-69e46f928c41,8eaa9d98-5121-41f3-ab09-b86331868037,aa451009-5df5-4e3e-bce7-7ad1ac26b289,1,
41ee2afb-5aee-4b75-868d-01ce057eaef5,8eaa9d98-5121-41f3-ab09-b86331868037,979d4dea-2a55-46c2-a9d1-95d1bd7fab87,3,Sample English review 1993.
e76fe650-1078-4e81-99e4-e26aac2c88f4,8eaa9d98-5121-41f3-ab09-b86331868037,47ae8c16-2d72-4c6b-8a12-3dac47db6ed7,4,
3740b684-8175-400c-859a-ccaf78b49e7c,d6f28d71-3ad6-4ac1-a847-2c8d467a25e9,1b7592f5-0e3c-4c80-b5a2-4bd6f1157cba,6,Sample English review 1995.
ac3cd3c6-6441-4508-8d28-f6b5affc35e7,d6f28d71-3ad6-4ac1-a847-2c8d467a25e9,f4fa3e26-130b-42f5-8e08-2d4f884e080d,9,Sample English review 1996.
3ae8feeb-1365-482b-9d7e-5e2077ea3fb2,86d4165e-f883-4468-a696-a582217b7ea4,e994bf32-d050-4e52-b334-5b6074b2a959,5,
7c9060a2-617c-45f4-8cae-8b86211ad862,86d4165e-f883-4468-a696-a582217b7ea4,ebaef81b-0f73-4e06-bb20-5ef173be29af,6,
7f22ab12-c2da-4108-8401-86dfa6a3096f,86d4165e-f883-4468-a696-a582217b7ea4,09901650-fe76-4f18-9bf9-e24256f4909e,4,Sample English review 1999.
57067db7-465c-4a7f-ac26-381b58305bef,86d4165e-f883-4468-a696-a582217b7ea4,e9774607-8354-4ac8-adcf-f72a1716c51b,7,Sample English review 2000.
8c37dba8-f04d-4225-989f-5e569c6a4852,86d4165e-f883-4468-a696-a582217b7ea4,99f6f5c3-1cb9-4fe1-ab1a-aa9c1d16dbd0,5,Sample English review 2001.
be727a36-926e-494b-9115-5d0a5cab12c2,86d4165e-f883-4468-a696-a582217b7ea4,af3763b7-7954-464c-8287-33c652eaced6,2,
cf00f5d2-ab3c-4230-b645-6185501e26a4,86d4165e-f883-4468-a696-a582217b7ea4,0c6967ae-a4d8-4920-9d51-c7d95b61d752,1,
8ea93bc0-f965-42ab-b567-51509e6e0760,86d4165e-f883-4468-a696-a582217b7ea4,0db8d5e2-1888-4d9f-a451-2f6e2a3e0f7d,3,Sample English review 2004.
8d578c17-a29f-4282-b72a-0333051f15b4,86d4165e-f883-4468-a696-a582217b7ea4,9c0da375-3d5a-4608-b8c7-9e36139d6c33,9,
d3ee7ff0-aed4-484c-95f9-88c1d51a6030,86d4165e-f883-4468-a696-a582217b7ea4,5597d267-e508-4a43-8244-f8ec9fdecae4,7,Sample English review 2006.
91131ba9-fe71-4d41-bb0c-7646d1215798,86d4165e-f883-4468-a696-a582217b7ea4,138aca2e-a48d-46a6-ac06-c902efe4fd18,7,Sample English review 2007.
92212301-a720-4abe-9126-34d90864cff3,86d4165e-f883-4468-a696-a582217b7ea4,7c08735f-311c-4060-9637-87bee6bf9673,9,Sample English review 2008.
cc401db3-d133-48ef-a85d-a2373e8423a2,86d4165e-f883-4468-a696-a582217b7ea4,2fd567ca-8efe-4948-bebd-a1a56f976d42,7,Sample English review 2009.
feb6c1bf-cc04-476b-a7a4-26bfc69f5c04,86d4165e-f883-4468-a696-a582217b7ea4,009bae3f-9085-415e-81bf-b86503fa9115,4,Sample English review 2010.
6176b27c-48e9-4a5e-9ab3-77f0de224161,86d4165e-f883-4468-a696-a582217b7ea4,5fb1457b-691f-48fd-aeca-0103d0a88833,6,Sample English review 2011.
28fb1965-c425-4415-bd55-7253fc362303,f5dab845-0348-4aad-8154-5b5fdbcdd098,ecdbf5f6-ea6e-48ad-8cf1-165f8682b135,7,
f191fd9e-fd7b-4480-8633-db86021a4003,f5dab845-0348-4aad-8154-5b5fdbcdd098,34e41375-9db2-4e92-9f7d-76f36353f4e6,5,
9f4aaa17-2378-49b3-8715-1fc8f90971a5,f5dab845-0348-4aad-8154-5b5fdbcdd098,9008a579-51a2-4cde-80db-8e277bfd15c0,4,Sample English review 2014.
1bd73384-8087-4f40-b628-9c579d06cb7b,f5dab845-0348-4aad-8154-5b5fdbcdd098,81d5edb0-d9b4-4d01-968c-8eda5f5b6a03,4,Sample English review 2015.
67ecf553-33d1-4fdb-ab26-3633a31f358d,f5dab845-0348-4aad-8154-5b5fdbcdd098,8ff07004-cedb-4c53-a5dd-a034c6073f8e,10,
b1e0700c-cdcb-455a-b750-6ce9f281461f,f5dab845-0348-4aad-8154-5b5fdbcdd098,708f4f48-f883-4f49-97ee-2c0a91c249de,10,Sample English review 2017.
34e0460b-c1d3-4a09-bbc4-ea2c08a1dd2a,f5dab845-0348-4aad-8154-5b5fdbcdd098,09901650-fe76-4f18-9bf9-e24256f4909e,7,
c8239a1e-8fa0-4c33-b1e5-a7de925791cf,f5dab845-0348-4aad-8154-5b5fdbcdd098,425035ef-0093-422c-a760-2740c95f4457,9,Sample English review 2019.
fa85c29f-beb5-4e37-9f57-bae73bc11aa7,f5dab845-0348-4aad-8154-5b5fdbcdd098,fd530ba8-7ae3-47c6-b384-a6b01df494cb,8,Sample English review 2020.
f67fd6c5-b5c1-484a-8359-09ef425ed6d9,f5dab845-0348-4aad-8154-5b5fdbcdd098,0c6967ae-a4d8-4920-9d51-c7d95b61d752,4,
4fb584e6-9b4f-4e68-9274-2fe2495cee79,f5dab845-0348-4aad-8154-5b5fdbcdd098,e52406b3-6af5-42dc-a087-fe3f73c2cb30,5,Sample English review 2022.
5274833e-c077-4751-8c1b-99d0a6fd26e9,f5dab845-0348-4aad-8154-5b5fdbcdd098,09876245-335b-4ddd-bdbf-a33e23abc2fb,3,Sample English review 2023.
9fb79db7-a04f-473c-8546-c5c1adbd0c0e,f5dab845-0348-4aad-8154-5b5fdbcdd098,47ae8c16-2d72-4c6b-8a12-3dac47db6ed7,10,Sample English review 2024.
536b1473-029e-4eb2-990f-e8acf774ca09,f5dab845-0348-4aad-8154-5b5fdbcdd098,2fd567ca-8efe-4948-bebd-a1a56f976d42,9,Sample English review 2025.
2fa7b579-fde5-409d-9dcf-9a6c93c57dd6,f5dab845-0348-4aad-8154-5b5fdbcdd098,0db8d5e2-1888-4d9f-a451-2f6e2a3e0f7d,3,Sample English review 2026.
b9691a1c-8789-4162-b5db-9858dea8bb01,f5dab845-0348-4aad-8154-5b5fdbcdd098,138aca2e-a48d-46a6-ac06-c902efe4fd18,6,Sample English review 2027.
f62a2c61-fedd-4f88-8528-5f49d794e728,f5dab845-0348-4aad-8154-5b5fdbcdd098,a3128f74-4fcf-4cae-b2db-d585516780d1,10,
5c66358c-aede-42cd-bace-4e3814f24544,f5dab845-0348-4aad-8154-5b5fdbcdd098,7c01f309-b5b4-4962-843f-9698ce3ede17,5,Sample English review 2029.
a3a3b207-95fb-4457-9493-e9ef459087bd,f5dab845-0348-4aad-8154-5b5fdbcdd098,6dc440b0-7d0d-4e8c-8dfa-aacb16c25536,7,Sample English review 2030.
0632a8de-73b3-4207-84ca-27f838c8e0cf,f5dab845-0348-4aad-8154-5b5fdbcdd098,3c16d474-f898-4cfe-b924-7c38bea20d5c,3,Sample English review 2031.
08b7300e-f563-40e8-8e4e-0bacff30efbd,f5dab845-0348-4aad-8154-5b5fdbcdd098,69a62e24-d225-4d89-94b5-ae7f906b57dc,2,Sample English review 2032.
54f6096e-b1b0-4aba-895e-c830e31c3868,88c48ea2-2bc2-40f2-80c4-1a8f54151af5,2fd567ca-8efe-4948-bebd-a1a56f976d42,7,
f50c1ced-f55d-40d4-b125-3c2825f35a8a,88c48ea2-2bc2-40f2-80c4-1a8f54151af5,6dc440b0-7d0d-4e8c-8dfa-aacb16c25536,6,
7270a91f-065b-4fdb-944a-c7b0dbd676d9,88c48ea2-2bc2-40f2-80c4-1a8f54151af5,1b3bae68-e409-4055-a2c3-d5f42604c9b1,8,
79362155-2f5d-434e-9d60-a7cd91086719,88c48ea2-2bc2-40f2-80c4-1a8f54151af5,ac393398-9266-4f9c-8a2d-d14ae2aa114e,6,
ee29af9d-638c-46ad-b0e4-b90aefc7f137,88c48ea2-2bc2-40f2-80c4-1a8f54151af5,33875037-f579-42ed-8aba-818a640c90d9,6,Sample English review 2037.
0a86fd18-7530-44a0-bfd5-f62684fae194,88c48ea2-2bc2-40f2-80c4-1a8f54151af5,09dc474c-41e1-47c7-bd11-8bcc61aba3cc,10,Sample English review 2038.
ff5315c2-7b83-4afe-ad95-d0fa4e54d8bb,88c48ea2-2bc2-40f2-80c4-1a8f54151af5,7c08735f-311c-4060-9637-87bee6bf9673,2,Sample English review 2039.
43d9f5e9-b993-45f9-a451-047913e81c8f,88c48ea2-2bc2-40f2-80c4-1a8f54151af5,4ad5c73a-5c99-4e98-9d90-0e03b0986909,1,Sample English review 2040.
680060be-40d5-4955-ac49-2e55b412f679,88c48ea2-2bc2-40f2-80c4-1a8f54151af5,21bf0f34-fea3-4cb9-b9a7-94e72ffacc8a,6,Sample English review 2041.
3cc912c9-4e52-4bf1-a4b2-3737f443bb6c,88c48ea2-2bc2-40f2-80c4-1a8f54151af5,fd530ba8-7ae3-47c6-b384-a6b01df494cb,6,
0504b242-6dc9-42a8-a2a6-173d9e5fa9ef,88c48ea2-2bc2-40f2-80c4-1a8f54151af5,4072477a-0e21-47ca-9a86-73f662b98398,8,Sample English review 2043.
2511c746-5a9d-4905-961d-cd1c8ec9e147,88c48ea2-2bc2-40f2-80c4-1a8f54151af5,ecab2181-cb9d-42f7-b110-65986cef6204,1,
6ff02aa3-f54a-474b-9a1e-44c64311c6ff,88c48ea2-2bc2-40f2-80c4-1a8f54151af5,0eda6729-995b-43a0-9a17-b89035543c47,6,
d91c6c0c-2cc0-48ad-8659-de5bdaf45fd4,88c48ea2-2bc2-40f2-80c4-1a8f54151af5,722c5ad2-9175-4d47-9f8a-d10e496d97f8,1,Sample English review 2046.
bda18062-e3cf-4b9f-8d9b-0e6dc1a4dc1a,0e04b81e-d618-402e-ac1e-9b33e4f81aa4,afc8c392-95b3-4506-8d6c-719f96692939,1,Sample English review 2047.
78786039-ca54-464b-b9ed-33ed2863e916,0e04b81e-d618-402e-ac1e-9b33e4f81aa4,33b5c78e-cad2-4331-b9b9-a38ef8954dec,4,Sample English review 2048.
c1e0a223-562f-4372-8acb-656d2bc14143,0e04b81e-d618-402e-ac1e-9b33e4f81aa4,0db8d5e2-1888-4d9f-a451-2f6e2a3e0f7d,8,Sample English review 2049.
f154d636-2fdc-4259-adbb-742a7bc4676f,0e04b81e-d618-402e-ac1e-9b33e4f81aa4,ecab2181-cb9d-42f7-b110-65986cef6204,7,Sample English review 2050.
eba67c64-cf9d-4019-9186-fea632c91cf1,0e04b81e-d618-402e-ac1e-9b33e4f81aa4,502dde18-86e1-4b5c-88c2-8010d067ede7,6,
051aa092-dbed-4931-96c6-c5f5b1ab20a4,0e04b81e-d618-402e-ac1e-9b33e4f81aa4,9b151d62-177e-4736-b8e5-6cf69170f9dc,1,Sample English review 2052.
b7977c28-2291-4086-b994-212e5ac0d5ef,0e04b81e-d618-402e-ac1e-9b33e4f81aa4,d01b25df-fe4a-4617-b8b9-ee0c60db6556,2,
df570b4a-07c4-4a2a-8f9c-2450fa74fe53,0e04b81e-d618-402e-ac1e-9b33e4f81aa4,ebaef81b-0f73-4e06-bb20-5ef173be29af,8,Sample English review 2054.
0152bc7b-ddec-4429-ac71-68877847f282,0e04b81e-d618-402e-ac1e-9b33e4f81aa4,9bc42e46-67c9-447f-be78-4ae50e491d93,2,
08a02d81-592b-4821-b7cd-4ddacdbb3f3d,0e04b81e-d618-402e-ac1e-9b33e4f81aa4,f58f62f8-c6cd-4d19-adce-d4d1da14b149,6,
38480518-b4f1-4b0f-b6da-38b0d00e3899,0e04b81e-d618-402e-ac1e-9b33e4f81aa4,cb55c939-b208-4183-9cac-dc086cdad4ea,6,Sample English review 2057.
607ce586-afcf-47b1-9da8-7de471320f72,0e04b81e-d618-402e-ac1e-9b33e4f81aa4,425035ef-0093-422c-a760-2740c95f4457,9,
4ed4995f-69b9-4bbf-b7d8-27fa369f0564,0e04b81e-d618-402e-ac1e-9b33e4f81aa4,ac17d6c1-f9a9-42be-9c29-6670939d8d5e,7,
1b6f08bd-c51c-47a6-9278-36117d635438,0e04b81e-d618-402e-ac1e-9b33e4f81aa4,6c34f6f7-2682-4513-951e-96f325e7eb19,5,
89f13619-b2af-4e12-9e4d-3038e42958b7,0e04b81e-d618-402e-ac1e-9b33e4f81aa4,21bf0f34-fea3-4cb9-b9a7-94e72ffacc8a,10,Sample English review 2061.
65a67e5e-4562-48b3-96c4-d38f5598b871,0e04b81e-d618-402e-ac1e-9b33e4f81aa4,77ae4c44-0946-4323-afdc-9932fc01f4c6,6,Sample English review 2062.
07e357aa-30cf-45c6-aa73-6436957ffe58,0e04b81e-d618-402e-ac1e-9b33e4f81aa4,3e78c42e-79c6-46a5-84ba-afca64de824b,5,Sample English review 2063.
4e17c0d6-891b-42d4-8da6-aac31c87cf3d,76b6d1f9-2671-4d5f-9c79-8dac743885b5,67d8b4ad-4640-43f2-9c53-6b4929f30103,7,Sample English review 2064.
8219a0d4-9326-4b05-9307-4b824e7f71f8,76b6d1f9-2671-4d5f-9c79-8dac743885b5,77ae4c44-0946-4323-afdc-9932fc01f4c6,2,Sample English review 2065.
c782d334-f5ed-40b1-afb9-e1b918461812,76b6d1f9-2671-4d5f-9c79-8dac743885b5,81d5edb0-d9b4-4d01-968c-8eda5f5b6a03,2,Sample English review 2066.
d51ffc2c-c07f-4623-a00a-decdda4b3069,76b6d1f9-2671-4d5f-9c79-8dac743885b5,4072477a-0e21-47ca-9a86-73f662b98398,9,Sample English review 2067.
0885052b-1c48-49de-a8b7-03945e99fc16,76b6d1f9-2671-4d5f-9c79-8dac743885b5,3c16d474-f898-4cfe-b924-7c38bea20d5c,2,Sample English review 2068.
8aae22de-20fd-434d-b995-d2da6220e55a,76b6d1f9-2671-4d5f-9c79-8dac743885b5,0c6967ae-a4d8-4920-9d51-c7d95b61d752,9,
35d6e78e-8fee-4176-9e82-9a2aa3c63435,76b6d1f9-2671-4d5f-9c79-8dac743885b5,69a62e24-d225-4d89-94b5-ae7f906b57dc,7,
00b696b4-1999-4ad5-8890-145babc0a4fa,76b6d1f9-2671-4d5f-9c79-8dac743885b5,9bc42e46-67c9-447f-be78-4ae50e491d93,1,Sample English review 2071.
872217b0-259f-4659-a161-f50db43680f4,733119c7-56b5-4a67-b3d8-f7acd38000c5,81de516b-9d80-447a-a5f3-7f542dab2e6f,2,
8e81c912-1722-4ed0-b249-150b73fd7733,733119c7-56b5-4a67-b3d8-f7acd38000c5,6358f21d-d22d-4f6c-b15e-7a1b7ba90800,8,Sample English review 2073.
746ae79d-08ca-429a-874f-15ec4d66f7d3,733119c7-56b5-4a67-b3d8-f7acd38000c5,ccda4639-3814-4892-99ea-7aa00cd42d49,5,Sample English review 2074.
c0a02320-c1d6-400d-9bb2-60ca119f19b0,733119c7-56b5-4a67-b3d8-f7acd38000c5,722c5ad2-9175-4d47-9f8a-d10e496d97f8,2,
2abfa0d6-9190-45ac-9ee5-0fd606069034,733119c7-56b5-4a67-b3d8-f7acd38000c5,74429405-c801-4e71-87cd-1d726e8cd8f7,2,
e6584268-bcbf-4d20-a369-ce42e7d0d9b6,733119c7-56b5-4a67-b3d8-f7acd38000c5,21bf0f34-fea3-4cb9-b9a7-94e72ffacc8a,3,Sample English review 2077.
518ba071-63ce-4a92-a4c5-62991fed4c7c,733119c7-56b5-4a67-b3d8-f7acd38000c5,99f8ef2d-c0e8-4290-83a6-b460677b198d,7,Sample English review 2078.
670c1a76-387d-45aa-b35c-3467ab286782,733119c7-56b5-4a67-b3d8-f7acd38000c5,09876245-335b-4ddd-bdbf-a33e23abc2fb,5,
6329a23b-db95-4bcd-bb64-f97f5e35ec99,733119c7-56b5-4a67-b3d8-f7acd38000c5,9dae46b7-7f1a-4d67-b808-9e9c1b622d6c,1,Sample English review 2080.
f88623fe-1c93-4e21-a52f-7deac49ddb2c,733119c7-56b5-4a67-b3d8-f7acd38000c5,c3820118-4994-4049-8719-6d71466870fe,3,
096157af-1ae8-4ae1-8b15-25888ad24165,733119c7-56b5-4a67-b3d8-f7acd38000c5,9b151d62-177e-4736-b8e5-6cf69170f9dc,2,
5d66bddd-0fde-4944-a208-01b6df3ff3bd,733119c7-56b5-4a67-b3d8-f7acd38000c5,37887751-4d47-4e5c-98fd-9fa0dc90314c,7,Sample English review 2083.
1f258cb7-2cf8-4c70-8e2e-ae26e74879a8,733119c7-56b5-4a67-b3d8-f7acd38000c5,a3128f74-4fcf-4cae-b2db-d585516780d1,2,
04bc3838-23cd-4936-8b96-f6d560379dd7,733119c7-56b5-4a67-b3d8-f7acd38000c5,708f4f48-f883-4f49-97ee-2c0a91c249de,8,Sample English review 2085.
3131cb62-7def-49ca-8323-6b90355372e7,733119c7-56b5-4a67-b3d8-f7acd38000c5,4072477a-0e21-47ca-9a86-73f662b98398,5,Sample English review 2086.
05be557c-d367-4cc3-8d29-1666392d99fd,733119c7-56b5-4a67-b3d8-f7acd38000c5,5fb1457b-691f-48fd-aeca-0103d0a88833,9,Sample English review 2087.
f31fdf6d-48c6-4354-b034-a27a2f55ea14,733119c7-56b5-4a67-b3d8-f7acd38000c5,8a99736e-dad6-489d-aa46-0ee02356e5fe,7,Sample English review 2088.
eade4013-95c1-4bed-8661-028b76810004,733119c7-56b5-4a67-b3d8-f7acd38000c5,8ff07004-cedb-4c53-a5dd-a034c6073f8e,6,
4eb32ec2-99ce-4887-b584-137e769cdf74,733119c7-56b5-4a67-b3d8-f7acd38000c5,85bbf311-5929-482a-a259-21f783c36c59,3,Sample English review 2090.
2bc52324-f281-4690-adf8-9a3c2760b4b1,a62a6071-c5ec-48f2-ba03-ae905430fc4d,d51ce7b5-dd79-4d62-93c4-4a7cff3d22e3,9,Sample English review 2091.
593e7f43-b0a1-43c0-9535-b6ee91ba1a1d,a62a6071-c5ec-48f2-ba03-ae905430fc4d,81d5edb0-d9b4-4d01-968c-8eda5f5b6a03,4,Sample English review 2092.
113c5e0e-14e9-498c-8785-375b09a1e70f,a62a6071-c5ec-48f2-ba03-ae905430fc4d,427354fb-8736-4fd4-9ea1-30b98d1974e7,8,Sample English review 2093.
a1de125f-ace7-4d94-af36-6d5ba496dc4d,a62a6071-c5ec-48f2-ba03-ae905430fc4d,9008a579-51a2-4cde-80db-8e277bfd15c0,9,
23b7f46b-81f7-41ae-b51b-cab63de74c33,a62a6071-c5ec-48f2-ba03-ae905430fc4d,502dde18-86e1-4b5c-88c2-8010d067ede7,6,Sample English review 2095.
ed36aded-ae98-4697-a50a-c26c7e10a178,a62a6071-c5ec-48f2-ba03-ae905430fc4d,81de516b-9d80-447a-a5f3-7f542dab2e6f,3,
4b493a98-e4a4-4158-a557-4be03a42e7e3,a62a6071-c5ec-48f2-ba03-ae905430fc4d,6dc440b0-7d0d-4e8c-8dfa-aacb16c25536,9,
8d8123ff-dc3d-474a-b1cf-1618dbceb902,a62a6071-c5ec-48f2-ba03-ae905430fc4d,99f8ef2d-c0e8-4290-83a6-b460677b198d,2,Sample English review 2098.
7cc17626-bcb0-4e9c-9a92-387a53e19c8a,a62a6071-c5ec-48f2-ba03-ae905430fc4d,cb55c939-b208-4183-9cac-dc086cdad4ea,8,Sample English review 2099.
0d372c79-8691-4842-886e-1d259ff01cf0,e8119fa6-c904-4184-ba24-84b0515021d2,427354fb-8736-4fd4-9ea1-30b98d1974e7,4,Sample English review 2100.
b28e1e5d-9054-4ba1-aa0c-4d089c88f0d2,e8119fa6-c904-4184-ba24-84b0515021d2,3844a965-19f9-41ec-9515-28393113f8c8,10,Sample English review 2101.
e0a247fe-e470-4d8a-8f08-0df8b000f50a,e8119fa6-c904-4184-ba24-84b0515021d2,cb55c939-b208-4183-9cac-dc086cdad4ea,10,
1cf9256f-9470-460c-a37a-f56e991dfa6f,e8119fa6-c904-4184-ba24-84b0515021d2,009bae3f-9085-415e-81bf-b86503fa9115,10,Sample English review 2103.
178527dc-a974-4663-a2bc-55326257211a,e8119fa6-c904-4184-ba24-84b0515021d2,979d4dea-2a55-46c2-a9d1-95d1bd7fab87,4,Sample English review 2104.
61dc0f2b-8bea-4f3d-9b73-68a34a9227cb,e8119fa6-c904-4184-ba24-84b0515021d2,81de516b-9d80-447a-a5f3-7f542dab2e6f,9,Sample English review 2105.
50990532-a90c-4985-896f-6d4d0fd2f8c6,2a0e0de7-91ba-4fbc-87cd-c92cb0980b8a,23855b90-cb3b-4533-a756-bab9bb81426e,2,Sample English review 2106.
1c7b02a0-bb9e-4f51-be35-ee1f391c944a,2a0e0de7-91ba-4fbc-87cd-c92cb0980b8a,24ce7888-3716-43b8-9d28-4239e17abe25,3,Sample English review 2107.
3a7530ee-99ca-4a01-95f6-c8253ff6b4b9,2a0e0de7-91ba-4fbc-87cd-c92cb0980b8a,8ff07004-cedb-4c53-a5dd-a034c6073f8e,1,Sample English review 2108.
de4a40c0-e357-4599-9da7-7c6dddaeb2bd,2a0e0de7-91ba-4fbc-87cd-c92cb0980b8a,85bbf311-5929-482a-a259-21f783c36c59,7,Sample English review 2109.
a02e2698-ad9a-416e-9cab-6bf7a491529c,2a0e0de7-91ba-4fbc-87cd-c92cb0980b8a,05de5279-613f-4b9e-b38d-1e4203d75c1a,1,Sample English review 2110.
1d8b7e28-f7d0-42c8-8667-f80d5b70529e,2a0e0de7-91ba-4fbc-87cd-c92cb0980b8a,2fd567ca-8efe-4948-bebd-a1a56f976d42,1,Sample English review 2111.
f5b84776-9dbe-43d3-a8fe-8ade0efa90f4,2a0e0de7-91ba-4fbc-87cd-c92cb0980b8a,4072477a-0e21-47ca-9a86-73f662b98398,8,
f20cda6d-a08d-4f65-92c3-022f661e9175,2a0e0de7-91ba-4fbc-87cd-c92cb0980b8a,74429405-c801-4e71-87cd-1d726e8cd8f7,9,Sample English review 2113.
dee7fcca-e93b-405b-8c22-7cb3848ee65c,2a0e0de7-91ba-4fbc-87cd-c92cb0980b8a,6358f21d-d22d-4f6c-b15e-7a1b7ba90800,2,Sample English review 2114.
9258a5b6-f30a-4b35-a3f4-52c8d916c291,2a0e0de7-91ba-4fbc-87cd-c92cb0980b8a,3c16d474-f898-4cfe-b924-7c38bea20d5c,3,Sample English review 2115.
61bcd3d6-f143-4da9-979b-ccf080ab44af,2a0e0de7-91ba-4fbc-87cd-c92cb0980b8a,ac393398-9266-4f9c-8a2d-d14ae2aa114e,4,Sample English review 2116.
01742bfa-ada2-479a-9ad3-4d41732f44df,2a0e0de7-91ba-4fbc-87cd-c92cb0980b8a,0db8d5e2-1888-4d9f-a451-2f6e2a3e0f7d,9,Sample English review 2117.
b6df4e4e-a609-43cc-9566-789833fdd344,2a0e0de7-91ba-4fbc-87cd-c92cb0980b8a,47ae8c16-2d72-4c6b-8a12-3dac47db6ed7,5,Sample English review 2118.
1114a01e-905a-442c-b3ac-4c75b710b9ba,2a0e0de7-91ba-4fbc-87cd-c92cb0980b8a,99f8ef2d-c0e8-4290-83a6-b460677b198d,6,Sample English review 2119.
81f2fbc9-ba2a-4b6e-b5fe-04ea36a2c131,2a0e0de7-91ba-4fbc-87cd-c92cb0980b8a,69a62e24-d225-4d89-94b5-ae7f906b57dc,6,Sample English review 2120.
bf955c29-e9eb-4f3c-b7e2-d719940c6c3e,283ec9ba-4547-4d4d-8768-f22cb498a13b,f58f62f8-c6cd-4d19-adce-d4d1da14b149,10,Sample English review 2121.
a4a2d88c-bb77-450f-b3ef-d267e415abe8,283ec9ba-4547-4d4d-8768-f22cb498a13b,ecab2181-cb9d-42f7-b110-65986cef6204,8,Sample English review 2122.
3d878abb-2197-45c2-b73e-ff7ec04c28c3,283ec9ba-4547-4d4d-8768-f22cb498a13b,7c01f309-b5b4-4962-843f-9698ce3ede17,1,Sample English review 2123.
a2adc010-1679-4da3-acf4-86fa9b29b3e5,283ec9ba-4547-4d4d-8768-f22cb498a13b,d01b25df-fe4a-4617-b8b9-ee0c60db6556,2,Sample English review 2124.
cac20f03-dcf3-4593-b163-7bb90ecc45e9,283ec9ba-4547-4d4d-8768-f22cb498a13b,09dc474c-41e1-47c7-bd11-8bcc61aba3cc,4,Sample English review 2125.
7a27e178-c5ed-4a02-a628-e5738ef6636e,283ec9ba-4547-4d4d-8768-f22cb498a13b,0eda6729-995b-43a0-9a17-b89035543c47,7,
afc078dc-6a4c-4642-9fba-6975a1a50197,283ec9ba-4547-4d4d-8768-f22cb498a13b,e9774607-8354-4ac8-adcf-f72a1716c51b,1,Sample English review 2127.
145a101b-ebc2-4dd8-9fe8-be1fc3d2a92e,283ec9ba-4547-4d4d-8768-f22cb498a13b,ccda4639-3814-4892-99ea-7aa00cd42d49,1,
25efb264-7f5c-4cee-abbe-055cd0ae8f87,283ec9ba-4547-4d4d-8768-f22cb498a13b,c3820118-4994-4049-8719-6d71466870fe,6,
42d49b67-2863-467f-8d89-d1264178cdcd,283ec9ba-4547-4d4d-8768-f22cb498a13b,24ce7888-3716-43b8-9d28-4239e17abe25,10,Sample English review 2130.
98c3233f-812c-415a-9410-ca8a3c8122cd,283ec9ba-4547-4d4d-8768-f22cb498a13b,502dde18-86e1-4b5c-88c2-8010d067ede7,10,Sample English review 2131.
a6318448-3f5e-43d5-bc96-0490f20e7758,283ec9ba-4547-4d4d-8768-f22cb498a13b,708f4f48-f883-4f49-97ee-2c0a91c249de,4,Sample English review 2132.
563a0faf-f3e5-4939-876f-ebb075fa1ffb,283ec9ba-4547-4d4d-8768-f22cb498a13b,7bd0bc4e-e14f-4f46-8e8b-d015a6b4ebc1,6,Sample English review 2133.
6ee6068d-85cb-4b7d-8656-86c88aed1945,283ec9ba-4547-4d4d-8768-f22cb498a13b,69a62e24-d225-4d89-94b5-ae7f906b57dc,4,Sample English review 2134.
7934c3b9-42a7-45ee-987c-207d470cd9b0,283ec9ba-4547-4d4d-8768-f22cb498a13b,5fb1457b-691f-48fd-aeca-0103d0a88833,3,Sample English review 2135.
f742fcc5-0ee5-483e-8c2a-a9dad6f59c6d,283ec9ba-4547-4d4d-8768-f22cb498a13b,81de516b-9d80-447a-a5f3-7f542dab2e6f,10,
262a77e7-25f7-4bb6-b4da-d914e256329a,283ec9ba-4547-4d4d-8768-f22cb498a13b,47aa0eb4-151b-4307-b50f-cdd5a44970fd,7,Sample English review 2137.
c431e82f-3f6d-4e30-a9b3-507f0a5c21e9,283ec9ba-4547-4d4d-8768-f22cb498a13b,ac17d6c1-f9a9-42be-9c29-6670939d8d5e,8,Sample English review 2138.
63eb52cb-ce57-4979-9ca7-3f3efff91145,283ec9ba-4547-4d4d-8768-f22cb498a13b,138aca2e-a48d-46a6-ac06-c902efe4fd18,2,Sample English review 2139.
62f46e1d-7b80-4520-b253-c9c6eab79f05,26f7bfa8-fbcf-40ca-b12c-ae34414a4706,09901650-fe76-4f18-9bf9-e24256f4909e,7,Sample English review 2140.
fa5e7461-1419-48ea-8cf5-c9c925cff25d,26f7bfa8-fbcf-40ca-b12c-ae34414a4706,425035ef-0093-422c-a760-2740c95f4457,1,Sample English review 2141.
50000949-fba5-490c-9cbd-1fe2391f36f5,26f7bfa8-fbcf-40ca-b12c-ae34414a4706,21bf0f34-fea3-4cb9-b9a7-94e72ffacc8a,3,
29720278-f070-4a68-b1ad-167790b8a96e,26f7bfa8-fbcf-40ca-b12c-ae34414a4706,b51a7d8d-dbc7-426e-9013-dd2124a444bb,2,Sample English review 2143.
7ea0932f-62ca-4cf1-b347-5dcd67eca666,26f7bfa8-fbcf-40ca-b12c-ae34414a4706,708f4f48-f883-4f49-97ee-2c0a91c249de,8,
48397587-0c60-4a64-841b-b1bfc8d9078a,26f7bfa8-fbcf-40ca-b12c-ae34414a4706,8a99736e-dad6-489d-aa46-0ee02356e5fe,2,Sample English review 2145.
c58a801e-9726-4562-9dd7-e9a1d1d84e02,26f7bfa8-fbcf-40ca-b12c-ae34414a4706,5fb1457b-691f-48fd-aeca-0103d0a88833,1,Sample English review 2146.
2b5085a9-14af-461d-842f-b02227400bc5,26f7bfa8-fbcf-40ca-b12c-ae34414a4706,0c6967ae-a4d8-4920-9d51-c7d95b61d752,4,Sample English review 2147.
818917c6-e175-4c32-bbad-7576d30d4181,26f7bfa8-fbcf-40ca-b12c-ae34414a4706,d01b25df-fe4a-4617-b8b9-ee0c60db6556,4,
3296bd46-0fbe-44c3-8904-a610f5f186f4,26f7bfa8-fbcf-40ca-b12c-ae34414a4706,9b151d62-177e-4736-b8e5-6cf69170f9dc,8,
859cd9ea-6051-4726-9297-8f6fd292e46b,26f7bfa8-fbcf-40ca-b12c-ae34414a4706,37887751-4d47-4e5c-98fd-9fa0dc90314c,8,Sample English review 2150.
3ad27731-4e37-4cee-b8e4-94bc1551f387,26f7bfa8-fbcf-40ca-b12c-ae34414a4706,722c5ad2-9175-4d47-9f8a-d10e496d97f8,9,Sample English review 2151.
579e0e63-6ad8-4f9e-ae13-bcdc9ee7f4b1,26f7bfa8-fbcf-40ca-b12c-ae34414a4706,979d4dea-2a55-46c2-a9d1-95d1bd7fab87,4,Sample English review 2152.
77dda6f5-920b-4348-bc9f-fe599a5bb697,26f7bfa8-fbcf-40ca-b12c-ae34414a4706,5597d267-e508-4a43-8244-f8ec9fdecae4,9,Sample English review 2153.
132321d7-04c5-425d-8d48-970f0a248e7e,26f7bfa8-fbcf-40ca-b12c-ae34414a4706,d51ce7b5-dd79-4d62-93c4-4a7cff3d22e3,8,Sample English review 2154.
95471a80-73da-4ca7-97e5-565cd927c0af,26f7bfa8-fbcf-40ca-b12c-ae34414a4706,e994bf32-d050-4e52-b334-5b6074b2a959,2,Sample English review 2155.
dbe9f902-ad25-40cb-97d3-a3dece897496,b1f58419-b7ed-45f0-a4ec-854bee102098,81de516b-9d80-447a-a5f3-7f542dab2e6f,5,Sample English review 2156.
326bf015-26e4-4f42-91bb-5570d12ed5e4,b1f58419-b7ed-45f0-a4ec-854bee102098,7338dd63-a1d1-4e74-9759-cd17bae3c0d8,6,Sample English review 2157.
1bd83409-e389-4b81-9cf6-40442fa9fee7,b1f58419-b7ed-45f0-a4ec-854bee102098,0c6967ae-a4d8-4920-9d51-c7d95b61d752,10,
79b53556-e7a2-4acd-b9cf-3cec5f84208c,b1f58419-b7ed-45f0-a4ec-854bee102098,138aca2e-a48d-46a6-ac06-c902efe4fd18,9,Sample English review 2159.
726f38e8-d9af-4255-a5f5-ab9f4ad539ec,b1f58419-b7ed-45f0-a4ec-854bee102098,e9774607-8354-4ac8-adcf-f72a1716c51b,1,Sample English review 2160.
e65f1a87-6a8c-4fa9-a5d3-382ad07c9f0f,b1f58419-b7ed-45f0-a4ec-854bee102098,5e77bfad-cca1-40e3-9460-368c94829eed,9,
b1860c49-4331-4939-9d62-5a7b9b96ae98,b1f58419-b7ed-45f0-a4ec-854bee102098,427354fb-8736-4fd4-9ea1-30b98d1974e7,5,Sample English review 2162.
a646d118-4146-4d87-80b0-2c305d993608,b1f58419-b7ed-45f0-a4ec-854bee102098,4edba6e8-c8d9-4fe2-a682-124b91f87604,7,
d9c5547e-2374-46c9-b7fa-96306f1c718f,b1f58419-b7ed-45f0-a4ec-854bee102098,1afd4484-49c1-4870-b60c-c754c4ce04d0,5,
60a06fde-7794-4478-8206-0b0f11867cbc,b1f58419-b7ed-45f0-a4ec-854bee102098,33b5c78e-cad2-4331-b9b9-a38ef8954dec,10,Sample English review 2165.
d26085f8-1cd3-4fbf-b2ec-b08f579fc3d4,b1f58419-b7ed-45f0-a4ec-854bee102098,4072477a-0e21-47ca-9a86-73f662b98398,1,
4dbaa7d8-c317-4d2a-bf2d-17722d4eb1ba,b1f58419-b7ed-45f0-a4ec-854bee102098,ecdbf5f6-ea6e-48ad-8cf1-165f8682b135,2,Sample English review 2167.
bed3a35d-4164-4fcd-9c5e-c95fab27ca17,b1f58419-b7ed-45f0-a4ec-854bee102098,b51a7d8d-dbc7-426e-9013-dd2124a444bb,5,
90f48889-50b6-4a9b-a237-e62f5892eef3,b1f58419-b7ed-45f0-a4ec-854bee102098,1aa28ea9-5df1-4ce1-a2db-7524bfcfd4ee,7,Sample English review 2169.
2d99a2c8-b308-45bc-9cbe-e379fd87b733,b1f58419-b7ed-45f0-a4ec-854bee102098,6358f21d-d22d-4f6c-b15e-7a1b7ba90800,1,
39d7cee2-2220-4f2e-ba7b-4a6da9cf697a,b1f58419-b7ed-45f0-a4ec-854bee102098,5fb1457b-691f-48fd-aeca-0103d0a88833,10,
0617654e-d271-4acd-a81b-eec0024eb313,b1f58419-b7ed-45f0-a4ec-854bee102098,99f6f5c3-1cb9-4fe1-ab1a-aa9c1d16dbd0,10,
4ecdb9b2-3848-447f-ab23-e28e94dc3187,a7af8735-e485-49dd-8aa1-23518677ad21,3e78c42e-79c6-46a5-84ba-afca64de824b,6,Sample English review 2173.
d0f93266-4794-43c6-8049-40fd1296f2cd,a7af8735-e485-49dd-8aa1-23518677ad21,21bf0f34-fea3-4cb9-b9a7-94e72ffacc8a,4,Sample English review 2174.
e2e16c46-cf15-482d-86dc-0217358c8d6f,a7af8735-e485-49dd-8aa1-23518677ad21,979d4dea-2a55-46c2-a9d1-95d1bd7fab87,3,Sample English review 2175.
d0a0d0b4-8389-4cc1-a245-3efb6bc3ef29,a7af8735-e485-49dd-8aa1-23518677ad21,69a62e24-d225-4d89-94b5-ae7f906b57dc,7,Sample English review 2176.
4423f07e-a736-4e5e-8f0c-3a2d550ec74d,a7af8735-e485-49dd-8aa1-23518677ad21,2fd567ca-8efe-4948-bebd-a1a56f976d42,10,
809ea05e-84eb-4178-8c21-252f284a4eeb,a7af8735-e485-49dd-8aa1-23518677ad21,138aca2e-a48d-46a6-ac06-c902efe4fd18,2,
bc584f89-c747-4190-ad87-090c8f6ffa55,a7af8735-e485-49dd-8aa1-23518677ad21,b51a7d8d-dbc7-426e-9013-dd2124a444bb,4,Sample English review 2179.
cb69ed78-3ef9-4ba6-9b41-5357471798f0,a7af8735-e485-49dd-8aa1-23518677ad21,99f8ef2d-c0e8-4290-83a6-b460677b198d,1,Sample English review 2180.
f88ba7a7-9ad4-49a0-88dd-4a4c8c1aa797,a7af8735-e485-49dd-8aa1-23518677ad21,b3bb325c-6f93-4946-9d94-ca835b5be056,10,Sample English review 2181.
09a57d4f-2d08-4e7a-a37a-03fccab4b6f4,f507c9a5-2532-4eb4-bebf-24fbf9ffeb3e,0eda6729-995b-43a0-9a17-b89035543c47,3,
ac753c84-6724-408a-9f5c-a3922ba745ef,f507c9a5-2532-4eb4-bebf-24fbf9ffeb3e,33b5c78e-cad2-4331-b9b9-a38ef8954dec,9,Sample English review 2183.
d0dc2e39-1391-403a-8eb9-5d8e0a875470,f507c9a5-2532-4eb4-bebf-24fbf9ffeb3e,7c08735f-311c-4060-9637-87bee6bf9673,4,
07591102-8db0-4d33-ab6c-65a2f63259e6,f507c9a5-2532-4eb4-bebf-24fbf9ffeb3e,f58f62f8-c6cd-4d19-adce-d4d1da14b149,8,
24dea1ed-0163-413f-9b46-d09f6ee31d56,f507c9a5-2532-4eb4-bebf-24fbf9ffeb3e,2d56957e-9087-4750-8598-9d99f1933845,10,Sample English review 2186.
1875ccaa-d977-4400-aff9-ca6dc13bd2c8,f507c9a5-2532-4eb4-bebf-24fbf9ffeb3e,ac17d6c1-f9a9-42be-9c29-6670939d8d5e,8,
e922d828-1d71-415f-8235-c522adc4738b,f507c9a5-2532-4eb4-bebf-24fbf9ffeb3e,8ff07004-cedb-4c53-a5dd-a034c6073f8e,8,Sample English review 2188.
9f04a583-54e8-4564-bb59-5c828367b0c4,f507c9a5-2532-4eb4-bebf-24fbf9ffeb3e,3844a965-19f9-41ec-9515-28393113f8c8,5,
0d8b71cd-11da-472b-a18f-3f21a86b3673,f507c9a5-2532-4eb4-bebf-24fbf9ffeb3e,ccda4639-3814-4892-99ea-7aa00cd42d49,9,Sample English review 2190.
a003b07f-2b30-4d0e-81b6-cead164473aa,f507c9a5-2532-4eb4-bebf-24fbf9ffeb3e,33875037-f579-42ed-8aba-818a640c90d9,9,Sample English review 2191.
f914d3bd-44af-42fe-8487-4a3fff8ae857,f507c9a5-2532-4eb4-bebf-24fbf9ffeb3e,99f8ef2d-c0e8-4290-83a6-b460677b198d,7,
d3814107-dd60-4add-853b-47bef20a45ff,f507c9a5-2532-4eb4-bebf-24fbf9ffeb3e,c3820118-4994-4049-8719-6d71466870fe,8,Sample English review 2193.
03f2d5c4-85dd-4f02-a446-ac205092322a,f507c9a5-2532-4eb4-bebf-24fbf9ffeb3e,1b3bae68-e409-4055-a2c3-d5f42604c9b1,10,Sample English review 2194.
e2d4c509-2038-4870-9f18-54a753b11133,dc603d06-9915-417f-85e4-4b39a831c109,0db8d5e2-1888-4d9f-a451-2f6e2a3e0f7d,1,Sample English review 2195.
19029f70-301e-4d4e-b14e-944f869e6970,dc603d06-9915-417f-85e4-4b39a831c109,81de516b-9d80-447a-a5f3-7f542dab2e6f,4,
6326982d-7af5-4e55-b368-93ab7771026e,dc603d06-9915-417f-85e4-4b39a831c109,67021090-97c3-44f2-82ed-cf5f65828f38,5,Sample English review 2197.
04b85634-6074-410c-a4cf-bac540381f5c,172c57e6-de14-48b0-923d-697819aa2695,425035ef-0093-422c-a760-2740c95f4457,5,Sample English review 2198.
c827dc6e-18e3-4726-a127-cfd7fc5e159c,172c57e6-de14-48b0-923d-697819aa2695,0c6967ae-a4d8-4920-9d51-c7d95b61d752,1,Sample English review 2199.
330a0d26-7d22-41a9-b92b-83916863b996,172c57e6-de14-48b0-923d-697819aa2695,6dc440b0-7d0d-4e8c-8dfa-aacb16c25536,6,Sample English review 2200.
70955321-e637-4f1c-b9c1-40850747bba9,172c57e6-de14-48b0-923d-697819aa2695,af3763b7-7954-464c-8287-33c652eaced6,7,Sample English review 2201.
547f3d90-5eb3-46e0-b238-26aa75ba1e05,172c57e6-de14-48b0-923d-697819aa2695,b51a7d8d-dbc7-426e-9013-dd2124a444bb,5,Sample English review 2202.
2c40e7f8-d119-48a4-ad9c-fd6d95e6ce2e,172c57e6-de14-48b0-923d-697819aa2695,74429405-c801-4e71-87cd-1d726e8cd8f7,7,Sample English review 2203.
f0c61dc8-58a3-4c09-bc0f-2e7b2a2f2d3e,172c57e6-de14-48b0-923d-697819aa2695,ccda4639-3814-4892-99ea-7aa00cd42d49,6,
b3087bcd-8b0e-4b9c-8c0a-8fe05e6802b6,172c57e6-de14-48b0-923d-697819aa2695,09876245-335b-4ddd-bdbf-a33e23abc2fb,9,Sample English review 2205.
c25001f8-ca4b-453a-bd6d-fa5a3a8bdfe6,172c57e6-de14-48b0-923d-697819aa2695,afc8c392-95b3-4506-8d6c-719f96692939,1,Sample English review 2206.
76b739dc-de4b-4b59-9b4d-2092a7cc2fc6,172c57e6-de14-48b0-923d-697819aa2695,1afd4484-49c1-4870-b60c-c754c4ce04d0,9,Sample English review 2207.
30c7d8d3-a2ea-420f-94e0-d2be79e6948d,172c57e6-de14-48b0-923d-697819aa2695,69a62e24-d225-4d89-94b5-ae7f906b57dc,3,Sample English review 2208.
3bdc91e2-572f-4700-a700-6aa66351d96a,172c57e6-de14-48b0-923d-697819aa2695,9b151d62-177e-4736-b8e5-6cf69170f9dc,1,
85017da0-1020-48a1-b455-588a9d6ff7be,172c57e6-de14-48b0-923d-697819aa2695,fd530ba8-7ae3-47c6-b384-a6b01df494cb,3,
20e7d3bc-d831-473b-b82a-cf52a02d6111,172c57e6-de14-48b0-923d-697819aa2695,37887751-4d47-4e5c-98fd-9fa0dc90314c,7,Sample English review 2211.
be0e0a3b-b9b8-408d-bdf4-5cd5424238d0,172c57e6-de14-48b0-923d-697819aa2695,67d8b4ad-4640-43f2-9c53-6b4929f30103,6,Sample English review 2212.
f5036589-5479-4dc8-9694-f34468e84762,172c57e6-de14-48b0-923d-697819aa2695,5597d267-e508-4a43-8244-f8ec9fdecae4,4,Sample English review 2213.
fd36664b-4c68-43b8-84c8-b00086849098,172c57e6-de14-48b0-923d-697819aa2695,77ae4c44-0946-4323-afdc-9932fc01f4c6,7,
98870b9e-c091-47cb-a552-80da520790a2,06173a24-32fe-4d33-b522-0653f623114d,4ad5c73a-5c99-4e98-9d90-0e03b0986909,10,
0b041105-5b56-4433-bf18-e7c72190d439,350e2730-d825-4d28-87a1-a9b65f16bae6,6dc440b0-7d0d-4e8c-8dfa-aacb16c25536,1,
bca99902-0be9-4b7f-bf4a-346049b09f63,350e2730-d825-4d28-87a1-a9b65f16bae6,d51ce7b5-dd79-4d62-93c4-4a7cff3d22e3,5,Sample English review 2217.
805178f8-9690-47a2-aa8c-232b5c42236e,350e2730-d825-4d28-87a1-a9b65f16bae6,7338dd63-a1d1-4e74-9759-cd17bae3c0d8,9,Sample English review 2218.
b50ab24b-86c9-404d-8e00-5f807ddeb276,350e2730-d825-4d28-87a1-a9b65f16bae6,2d56957e-9087-4750-8598-9d99f1933845,4,
dd4c7bc7-3ff5-42b5-b069-82fc97577cc1,350e2730-d825-4d28-87a1-a9b65f16bae6,ecdbf5f6-ea6e-48ad-8cf1-165f8682b135,6,
91666770-7657-443a-b487-c66526fce639,350e2730-d825-4d28-87a1-a9b65f16bae6,7c01f309-b5b4-4962-843f-9698ce3ede17,4,Sample English review 2221.
b8ddd5dd-846d-4248-8bd6-e1ee4abb60ed,350e2730-d825-4d28-87a1-a9b65f16bae6,3c16d474-f898-4cfe-b924-7c38bea20d5c,8,Sample English review 2222.
66646fd5-be47-4620-982a-078696930ef1,350e2730-d825-4d28-87a1-a9b65f16bae6,33875037-f579-42ed-8aba-818a640c90d9,7,Sample English review 2223.
fc207e5f-7d7c-40b2-8a76-8bed22568454,350e2730-d825-4d28-87a1-a9b65f16bae6,af3763b7-7954-464c-8287-33c652eaced6,4,
91712cf6-663a-4bb1-b542-aacef4e837f0,350e2730-d825-4d28-87a1-a9b65f16bae6,5597d267-e508-4a43-8244-f8ec9fdecae4,10,
71b4834f-e93b-4a49-b871-18830ab30465,350e2730-d825-4d28-87a1-a9b65f16bae6,47ae8c16-2d72-4c6b-8a12-3dac47db6ed7,5,
f13d1d25-7c8d-4225-aab7-7bf25c08b07f,c66550eb-8533-472c-b3d6-4699bb2ce53f,1444ba20-39ac-43a5-bccc-1cc41c2f03b1,7,Sample English review 2227.
c86b3786-0a67-4863-ab07-5efc6ebd983d,c66550eb-8533-472c-b3d6-4699bb2ce53f,502dde18-86e1-4b5c-88c2-8010d067ede7,6,Sample English review 2228.
67261878-dc02-4211-a236-1fb841c132cb,c66550eb-8533-472c-b3d6-4699bb2ce53f,09dc474c-41e1-47c7-bd11-8bcc61aba3cc,8,Sample English review 2229.
6c352c34-ee2d-4766-b366-c397066c9b10,c66550eb-8533-472c-b3d6-4699bb2ce53f,ebaef81b-0f73-4e06-bb20-5ef173be29af,8,Sample English review 2230.
5ea25a98-4cb5-4a4c-9c80-6d8047c97365,c66550eb-8533-472c-b3d6-4699bb2ce53f,6358f21d-d22d-4f6c-b15e-7a1b7ba90800,1,Sample English review 2231.
acf807be-2e6f-4b59-9f1e-87a6093dd90a,c66550eb-8533-472c-b3d6-4699bb2ce53f,427354fb-8736-4fd4-9ea1-30b98d1974e7,2,Sample English review 2232.
b7e025cc-530b-45e2-81fe-82f8342eab65,c66550eb-8533-472c-b3d6-4699bb2ce53f,d01b25df-fe4a-4617-b8b9-ee0c60db6556,5,Sample English review 2233.
6bc759ee-fbac-4419-877e-b44dd73adbe7,c66550eb-8533-472c-b3d6-4699bb2ce53f,fd530ba8-7ae3-47c6-b384-a6b01df494cb,6,
13fd28bb-4ba2-4edb-8521-344b03368542,c66550eb-8533-472c-b3d6-4699bb2ce53f,e994bf32-d050-4e52-b334-5b6074b2a959,9,
313a05fa-bd42-439f-9430-d62407574b78,c66550eb-8533-472c-b3d6-4699bb2ce53f,5fb1457b-691f-48fd-aeca-0103d0a88833,6,Sample English review 2236.
89492580-e1f3-4072-89bd-4f3548dc944c,c66550eb-8533-472c-b3d6-4699bb2ce53f,af3763b7-7954-464c-8287-33c652eaced6,10,
70476470-d735-405c-909b-2219400abd5c,c66550eb-8533-472c-b3d6-4699bb2ce53f,1aa28ea9-5df1-4ce1-a2db-7524bfcfd4ee,5,Sample English review 2238.
8463c505-da7d-4c2f-b6ac-a8f51fce5cd7,c66550eb-8533-472c-b3d6-4699bb2ce53f,dac8e4dd-9f17-46ef-9865-5e025b74bf9a,3,Sample English review 2239.
0a874038-8d80-4f20-8382-5c9bf4d63048,c66550eb-8533-472c-b3d6-4699bb2ce53f,67d8b4ad-4640-43f2-9c53-6b4929f30103,1,Sample English review 2240.
5de81be6-2b63-445e-8c52-c821f6afbffe,c66550eb-8533-472c-b3d6-4699bb2ce53f,6dc440b0-7d0d-4e8c-8dfa-aacb16c25536,1,
984bdf7e-3e6e-4b7b-aa14-082bbcd1d9fe,5765c926-b7a3-4991-8073-7a6249556c30,37887751-4d47-4e5c-98fd-9fa0dc90314c,8,Sample English review 2242.
bedf107d-94a6-478f-9db9-453e2e7302d1,5765c926-b7a3-4991-8073-7a6249556c30,e52406b3-6af5-42dc-a087-fe3f73c2cb30,9,
8f3ef1d9-0883-4a88-8170-efc3c448b3bd,5765c926-b7a3-4991-8073-7a6249556c30,23855b90-cb3b-4533-a756-bab9bb81426e,10,Sample English review 2244.
2ee44b84-34ea-416b-92d1-fc816b4c4092,5765c926-b7a3-4991-8073-7a6249556c30,7338dd63-a1d1-4e74-9759-cd17bae3c0d8,2,Sample English review 2245.
9baddb3f-752e-4cb5-9ce4-6156986cc7b4,5765c926-b7a3-4991-8073-7a6249556c30,2c417aef-cf61-4d18-ae06-06ba2317f36f,4,Sample English review 2246.
09cc2191-78e9-442d-9b85-7a58248a2bc4,2c30b981-6b2d-471d-8775-daff5781dcc8,ecab2181-cb9d-42f7-b110-65986cef6204,3,Sample English review 2247.
f71cb74e-91b4-4abd-943d-0f56fa21a546,2c30b981-6b2d-471d-8775-daff5781dcc8,9bc42e46-67c9-447f-be78-4ae50e491d93,5,Sample English review 2248.
49e3ece8-3c32-402c-9dbf-71f1edd09ae8,2c30b981-6b2d-471d-8775-daff5781dcc8,a3128f74-4fcf-4cae-b2db-d585516780d1,2,
f7a11e92-6bef-4f42-90d9-139d7e18eca3,2c30b981-6b2d-471d-8775-daff5781dcc8,708f4f48-f883-4f49-97ee-2c0a91c249de,10,Sample English review 2250.
99a1c3ea-9bec-480a-983a-4412a0f4c950,2c30b981-6b2d-471d-8775-daff5781dcc8,2c417aef-cf61-4d18-ae06-06ba2317f36f,9,Sample English review 2251.
0f60bc6a-b1e1-4dce-9d70-861a47f7055c,2c30b981-6b2d-471d-8775-daff5781dcc8,f9a7e8ba-2326-4fd7-b228-98060197c4f6,10,
b42679da-617f-46f9-b37a-ada4b150d9ed,2c30b981-6b2d-471d-8775-daff5781dcc8,99f6f5c3-1cb9-4fe1-ab1a-aa9c1d16dbd0,8,Sample English review 2253.
b4a32514-626a-470b-8252-fae171b4d26d,2c30b981-6b2d-471d-8775-daff5781dcc8,85bbf311-5929-482a-a259-21f783c36c59,7,Sample English review 2254.
db724feb-9e7d-4746-9a65-cd38122ab442,2c30b981-6b2d-471d-8775-daff5781dcc8,722c5ad2-9175-4d47-9f8a-d10e496d97f8,2,
29dfe9cb-251a-440f-9812-e5a570a8d6b8,2c30b981-6b2d-471d-8775-daff5781dcc8,f4fa3e26-130b-42f5-8e08-2d4f884e080d,7,Sample English review 2256.
80861a1f-149c-4c6d-aa0d-50cf99b27df9,2c30b981-6b2d-471d-8775-daff5781dcc8,67d8b4ad-4640-43f2-9c53-6b4929f30103,3,
00eb7646-e5bd-486b-8891-a903bb4cea94,2c30b981-6b2d-471d-8775-daff5781dcc8,6dc440b0-7d0d-4e8c-8dfa-aacb16c25536,8,Sample English review 2258.
6c010fd9-ee7c-462d-b8f5-47d0880fb421,2c30b981-6b2d-471d-8775-daff5781dcc8,1b7592f5-0e3c-4c80-b5a2-4bd6f1157cba,5,Sample English review 2259.
cf2b6420-2deb-4eeb-85e3-ef6776559f00,2c30b981-6b2d-471d-8775-daff5781dcc8,5e77bfad-cca1-40e3-9460-368c94829eed,2,Sample English review 2260.
ed9e9fc7-e297-4c89-994b-0976992824fa,2c30b981-6b2d-471d-8775-daff5781dcc8,f58f62f8-c6cd-4d19-adce-d4d1da14b149,4,Sample English review 2261.
9dcb25aa-2ce6-40e7-9937-0fba17000ba6,2c30b981-6b2d-471d-8775-daff5781dcc8,05de5279-613f-4b9e-b38d-1e4203d75c1a,8,Sample English review 2262.
0af51471-3270-4feb-ac87-34a510f0cd18,2c30b981-6b2d-471d-8775-daff5781dcc8,33875037-f579-42ed-8aba-818a640c90d9,4,Sample English review 2263.
effb61cf-7fab-4f54-8faa-a5cd31935152,80c21186-cae1-4091-8dc4-ea3a045679cc,85bbf311-5929-482a-a259-21f783c36c59,10,Sample English review 2264.
d9f29db9-9547-400c-94a1-4c2e23d6945d,80c21186-cae1-4091-8dc4-ea3a045679cc,a3128f74-4fcf-4cae-b2db-d585516780d1,5,
dfacf50d-4abd-44a7-861d-b5fd82a5056e,80c21186-cae1-4091-8dc4-ea3a045679cc,23855b90-cb3b-4533-a756-bab9bb81426e,7,Sample English review 2266.
c2db6f05-0a15-4b61-a2cf-dff9b09da2c8,80c21186-cae1-4091-8dc4-ea3a045679cc,09901650-fe76-4f18-9bf9-e24256f4909e,9,
c18248a6-e8e3-4274-8d41-37358a8745e8,80c21186-cae1-4091-8dc4-ea3a045679cc,7338dd63-a1d1-4e74-9759-cd17bae3c0d8,7,Sample English review 2268.
9bf4d569-5827-482e-abf2-a9be3471080b,80c21186-cae1-4091-8dc4-ea3a045679cc,3c16d474-f898-4cfe-b924-7c38bea20d5c,1,Sample English review 2269.
db16865b-aabf-44a8-9f88-1de922cf9a30,80c21186-cae1-4091-8dc4-ea3a045679cc,f4fa3e26-130b-42f5-8e08-2d4f884e080d,3,Sample English review 2270.
4bf5bc87-cd2f-490c-bb97-508554edbcb0,80c21186-cae1-4091-8dc4-ea3a045679cc,e9774607-8354-4ac8-adcf-f72a1716c51b,6,
183ed154-49be-45f8-b527-fbe16b7e2bb5,80c21186-cae1-4091-8dc4-ea3a045679cc,f9a7e8ba-2326-4fd7-b228-98060197c4f6,2,
5e5732a6-c63c-47d5-b598-aaf18e459ebe,80c21186-cae1-4091-8dc4-ea3a045679cc,47ae8c16-2d72-4c6b-8a12-3dac47db6ed7,9,Sample English review 2273.
8de82d1f-c080-4301-9fb4-ab3b05c494ae,80c21186-cae1-4091-8dc4-ea3a045679cc,1b3bae68-e409-4055-a2c3-d5f42604c9b1,5,Sample English review 2274.
b059f124-d28b-499e-af67-234df58cf89e,80c21186-cae1-4091-8dc4-ea3a045679cc,7c08735f-311c-4060-9637-87bee6bf9673,8,Sample English review 2275.
21bf182c-9df6-49ad-a3f5-9cce8bbd6ee7,80c21186-cae1-4091-8dc4-ea3a045679cc,1aa28ea9-5df1-4ce1-a2db-7524bfcfd4ee,4,
0c620e37-8ffc-4ec8-bb06-72d6147b67bb,80c21186-cae1-4091-8dc4-ea3a045679cc,afc8c392-95b3-4506-8d6c-719f96692939,9,Sample English review 2277.
b3a6b541-c6ab-4e90-896b-0c801c1aa24e,80c21186-cae1-4091-8dc4-ea3a045679cc,ebaef81b-0f73-4e06-bb20-5ef173be29af,2,Sample English review 2278.
d7540055-fb3f-44cb-83c3-eee75f690c3e,380002ae-f547-480f-ad79-206c787bcded,c3820118-4994-4049-8719-6d71466870fe,10,Sample English review 2279.
92effe3a-6682-460b-9dde-b915d1091ca5,380002ae-f547-480f-ad79-206c787bcded,ac17d6c1-f9a9-42be-9c29-6670939d8d5e,5,Sample English review 2280.
f11fe2da-96f0-4280-8fac-5e6249ece57f,380002ae-f547-480f-ad79-206c787bcded,05de5279-613f-4b9e-b38d-1e4203d75c1a,6,Sample English review 2281.
156f5bd5-e7bd-40be-a30d-492138805c5f,380002ae-f547-480f-ad79-206c787bcded,722c5ad2-9175-4d47-9f8a-d10e496d97f8,4,
910fb326-86c2-4ffc-b8b7-8c293eaaf228,380002ae-f547-480f-ad79-206c787bcded,9c0da375-3d5a-4608-b8c7-9e36139d6c33,8,Sample English review 2283.
8ff4255c-3d65-4209-bb0b-7f32092323d6,380002ae-f547-480f-ad79-206c787bcded,0db8d5e2-1888-4d9f-a451-2f6e2a3e0f7d,10,Sample English review 2284.
5447eb97-a87f-4ee6-b350-cd341062b814,380002ae-f547-480f-ad79-206c787bcded,5e77bfad-cca1-40e3-9460-368c94829eed,5,Sample English review 2285.
7a8e2d53-d239-4da4-9668-11e332e58f34,380002ae-f547-480f-ad79-206c787bcded,6d0ed363-2c1a-43f7-958a-0e0cb6ea3e49,1,Sample English review 2286.
f34303ef-1f6d-4d10-926e-5a5a2fcf09a8,380002ae-f547-480f-ad79-206c787bcded,e52406b3-6af5-42dc-a087-fe3f73c2cb30,4,
68f0dd5a-9963-4814-a46a-492228640e34,380002ae-f547-480f-ad79-206c787bcded,9008a579-51a2-4cde-80db-8e277bfd15c0,7,Sample English review 2288.
822ab1ff-dec5-4745-a611-3da58fb35e3c,380002ae-f547-480f-ad79-206c787bcded,47aa0eb4-151b-4307-b50f-cdd5a44970fd,8,Sample English review 2289.
c6e36bcd-083b-4765-bc3c-0a456615d1bb,5e05c01f-e53b-4829-903d-f4a3b19f31ea,0db8d5e2-1888-4d9f-a451-2f6e2a3e0f7d,10,Sample English review 2290.
d70bf5a4-b784-4d18-a537-9830972e8895,5e05c01f-e53b-4829-903d-f4a3b19f31ea,5e77bfad-cca1-40e3-9460-368c94829eed,4,Sample English review 2291.
e6ed7649-1994-4135-8e7f-8f8fc23a86c6,5e05c01f-e53b-4829-903d-f4a3b19f31ea,427354fb-8736-4fd4-9ea1-30b98d1974e7,6,
c243adf1-6017-41cb-ab6e-b9a0806c2373,5e05c01f-e53b-4829-903d-f4a3b19f31ea,67d8b4ad-4640-43f2-9c53-6b4929f30103,5,
06ca7458-9d09-4bf8-a3e8-546b48a26240,5e05c01f-e53b-4829-903d-f4a3b19f31ea,9008a579-51a2-4cde-80db-8e277bfd15c0,4,Sample English review 2294.
6ea80d40-c6b5-442e-9fa1-7556580b832b,5e05c01f-e53b-4829-903d-f4a3b19f31ea,2c417aef-cf61-4d18-ae06-06ba2317f36f,6,
32b6655d-97df-4376-a8fb-5e3909771120,5e05c01f-e53b-4829-903d-f4a3b19f31ea,3e78c42e-79c6-46a5-84ba-afca64de824b,1,Sample English review 2296.
7b69c1b4-208b-4b0f-bf7b-fa07ed21dd2c,5e05c01f-e53b-4829-903d-f4a3b19f31ea,cf58157c-eee8-4cb1-af62-820e7aadb847,10,Sample English review 2297.
3cbe5885-fa72-4390-ac1b-f3f73f4d7a39,5e05c01f-e53b-4829-903d-f4a3b19f31ea,708f4f48-f883-4f49-97ee-2c0a91c249de,4,Sample English review 2298.
8ae8496f-057f-43c2-b370-16e2a6d0df84,5e05c01f-e53b-4829-903d-f4a3b19f31ea,81d5edb0-d9b4-4d01-968c-8eda5f5b6a03,3,Sample English review 2299.
f496094d-66e2-45a2-9369-d4d8cd986057,5e05c01f-e53b-4829-903d-f4a3b19f31ea,722c5ad2-9175-4d47-9f8a-d10e496d97f8,4,Sample English review 2300.
081c3e07-8e74-474e-b050-44cd21e7e7cd,5e05c01f-e53b-4829-903d-f4a3b19f31ea,69a62e24-d225-4d89-94b5-ae7f906b57dc,2,
7df263e7-ab98-4a14-b9c3-e0eb2704ec72,5e05c01f-e53b-4829-903d-f4a3b19f31ea,7bd0bc4e-e14f-4f46-8e8b-d015a6b4ebc1,8,Sample English review 2302.
7deee6ba-9db8-432a-862f-fbbb790ed188,5e05c01f-e53b-4829-903d-f4a3b19f31ea,e994bf32-d050-4e52-b334-5b6074b2a959,4,
4f645509-ee28-412d-b765-c445732aab17,5e05c01f-e53b-4829-903d-f4a3b19f31ea,77ae4c44-0946-4323-afdc-9932fc01f4c6,2,Sample English review 2304.
96b439aa-d87e-4950-8b7e-be48aad04236,5e05c01f-e53b-4829-903d-f4a3b19f31ea,aa451009-5df5-4e3e-bce7-7ad1ac26b289,2,Sample English review 2305.
be15a67c-be78-48d6-ac48-3ecc9451b883,5e05c01f-e53b-4829-903d-f4a3b19f31ea,2fd567ca-8efe-4948-bebd-a1a56f976d42,2,Sample English review 2306.
24138e72-0b19-4368-8b18-f84fe7a11ae9,5e05c01f-e53b-4829-903d-f4a3b19f31ea,1afd4484-49c1-4870-b60c-c754c4ce04d0,2,
b98f9a6d-5233-4ab8-ba70-95f3e1f83659,5e05c01f-e53b-4829-903d-f4a3b19f31ea,3c16d474-f898-4cfe-b924-7c38bea20d5c,1,Sample English review 2308.
c6386b05-9dc1-4eb1-8062-987a39868b49,69995b57-07a8-4b7b-ba77-234ff394d9da,3e78c42e-79c6-46a5-84ba-afca64de824b,7,Sample English review 2309.
55e88775-d85c-4570-bd88-ff6274f2f465,69995b57-07a8-4b7b-ba77-234ff394d9da,a3128f74-4fcf-4cae-b2db-d585516780d1,2,Sample English review 2310.
cc694e41-49bd-4550-8541-5923b40e4018,69995b57-07a8-4b7b-ba77-234ff394d9da,09876245-335b-4ddd-bdbf-a33e23abc2fb,10,Sample English review 2311.
2e864f37-2d01-41e0-9865-9af6677b5880,69995b57-07a8-4b7b-ba77-234ff394d9da,05de5279-613f-4b9e-b38d-1e4203d75c1a,2,Sample English review 2312.
fa19497e-1356-423e-957b-6bf0b8d66454,69995b57-07a8-4b7b-ba77-234ff394d9da,8a99736e-dad6-489d-aa46-0ee02356e5fe,1,Sample English review 2313.
92e77119-a53b-4eb3-9778-f9eaacffe9a4,69995b57-07a8-4b7b-ba77-234ff394d9da,ecdbf5f6-ea6e-48ad-8cf1-165f8682b135,3,Sample English review 2314.
f7e7ab8e-5b05-4479-a066-fa420acf01f2,69995b57-07a8-4b7b-ba77-234ff394d9da,09901650-fe76-4f18-9bf9-e24256f4909e,8,Sample English review 2315.
f720b5a6-7e5a-414e-94d3-f8a7a7b14c0f,69995b57-07a8-4b7b-ba77-234ff394d9da,9bc42e46-67c9-447f-be78-4ae50e491d93,6,Sample English review 2316.
2ea055fd-2841-4027-9e28-c73c9fa4b024,69995b57-07a8-4b7b-ba77-234ff394d9da,6c34f6f7-2682-4513-951e-96f325e7eb19,4,Sample English review 2317.
70d7b62d-74e3-4196-96cd-2295d5f22481,69995b57-07a8-4b7b-ba77-234ff394d9da,f58f62f8-c6cd-4d19-adce-d4d1da14b149,2,Sample English review 2318.
132ff887-f492-409b-afc6-7e6335ffedd0,69995b57-07a8-4b7b-ba77-234ff394d9da,ecab2181-cb9d-42f7-b110-65986cef6204,9,Sample English review 2319.
6af24d1b-f319-483d-a0f5-c5a0fbf42cca,4502477a-6890-43ea-adad-0a58bcd3238a,aa451009-5df5-4e3e-bce7-7ad1ac26b289,7,Sample English review 2320.
34e2d468-e8c7-47fe-8bae-5b798f93787a,4502477a-6890-43ea-adad-0a58bcd3238a,21bf0f34-fea3-4cb9-b9a7-94e72ffacc8a,4,Sample English review 2321.
6dc4bcab-9a6f-4220-a846-fe3dbe840ba3,4502477a-6890-43ea-adad-0a58bcd3238a,09876245-335b-4ddd-bdbf-a33e23abc2fb,4,Sample English review 2322.
272ccb24-5a72-43e3-88d7-19a4b2c1337d,4502477a-6890-43ea-adad-0a58bcd3238a,009bae3f-9085-415e-81bf-b86503fa9115,9,Sample English review 2323.
4476f01f-b77e-40a2-903f-3e0b4884cc68,4502477a-6890-43ea-adad-0a58bcd3238a,2fd567ca-8efe-4948-bebd-a1a56f976d42,1,Sample English review 2324.
b75b18bc-d939-4628-b37b-ccbf4f202819,4502477a-6890-43ea-adad-0a58bcd3238a,cb55c939-b208-4183-9cac-dc086cdad4ea,8,Sample English review 2325.
935b68b7-4609-41d0-bd2b-50c6b2e67de0,4502477a-6890-43ea-adad-0a58bcd3238a,47ae8c16-2d72-4c6b-8a12-3dac47db6ed7,10,Sample English review 2326.
064c6983-1fe8-4863-aefa-5afa8b5635ff,4502477a-6890-43ea-adad-0a58bcd3238a,62531f1e-00a6-4fce-ab03-320c8c0852e8,6,Sample English review 2327.
63d7fe57-7f86-4e2c-9b96-51c7305c9e24,4502477a-6890-43ea-adad-0a58bcd3238a,33875037-f579-42ed-8aba-818a640c90d9,9,Sample English review 2328.
371f57e7-9c55-4d29-9328-9dff3f970756,4502477a-6890-43ea-adad-0a58bcd3238a,4ad5c73a-5c99-4e98-9d90-0e03b0986909,6,Sample English review 2329.
f135ec8d-9480-43c5-ad1e-c39d70bb9314,4502477a-6890-43ea-adad-0a58bcd3238a,23855b90-cb3b-4533-a756-bab9bb81426e,7,Sample English review 2330.
9e1b72cd-e5c2-4889-a8fd-3cd98bcd3c3f,4502477a-6890-43ea-adad-0a58bcd3238a,3c16d474-f898-4cfe-b924-7c38bea20d5c,6,
49205fd3-91c6-4247-a588-9f34a3e983d2,4502477a-6890-43ea-adad-0a58bcd3238a,67021090-97c3-44f2-82ed-cf5f65828f38,5,
681709d6-958f-4212-8b57-097a9b8a5da4,4502477a-6890-43ea-adad-0a58bcd3238a,d51ce7b5-dd79-4d62-93c4-4a7cff3d22e3,10,
eeb32c37-fb32-4108-9651-dff4ad3b163e,4502477a-6890-43ea-adad-0a58bcd3238a,37887751-4d47-4e5c-98fd-9fa0dc90314c,3,Sample English review 2334.
a9db9366-8e39-40d4-8586-c6ca5ce03297,4502477a-6890-43ea-adad-0a58bcd3238a,425035ef-0093-422c-a760-2740c95f4457,3,Sample English review 2335.
4d015da5-0a2e-442e-8e16-24633dbb5e5c,4502477a-6890-43ea-adad-0a58bcd3238a,5fb1457b-691f-48fd-aeca-0103d0a88833,7,Sample English review 2336.
b9db23c1-d2f0-4839-abe7-4c398c0b0c36,4502477a-6890-43ea-adad-0a58bcd3238a,2752b069-f76a-4957-8807-6237a31f6d2c,4,Sample English review 2337.
e7bcb1a5-04b0-44ee-b2ac-a99ba7ab5500,4502477a-6890-43ea-adad-0a58bcd3238a,4072477a-0e21-47ca-9a86-73f662b98398,4,Sample English review 2338.
37d7cbdc-ba33-4695-846a-a2fcd52ab1da,4502477a-6890-43ea-adad-0a58bcd3238a,722c5ad2-9175-4d47-9f8a-d10e496d97f8,4,Sample English review 2339.
f09560ef-2220-41c4-97a7-bb2d08287bb2,4502477a-6890-43ea-adad-0a58bcd3238a,67d8b4ad-4640-43f2-9c53-6b4929f30103,2,Sample English review 2340.
bf5ab798-4e92-4703-aa9c-13c24820fdbd,4502477a-6890-43ea-adad-0a58bcd3238a,3844a965-19f9-41ec-9515-28393113f8c8,1,Sample English review 2341.
2ae87be4-e4b5-482e-9657-b4af0cd5c26c,4502477a-6890-43ea-adad-0a58bcd3238a,f4fa3e26-130b-42f5-8e08-2d4f884e080d,2,
fcac1563-990a-4027-bde8-b852c7029e94,6495e7ba-bcd0-4af7-856a-5b03f41e6f0e,6dc440b0-7d0d-4e8c-8dfa-aacb16c25536,2,Sample English review 2343.
b154cc6e-82ad-4b45-8406-a0bfa78699fb,6495e7ba-bcd0-4af7-856a-5b03f41e6f0e,3844a965-19f9-41ec-9515-28393113f8c8,9,Sample English review 2344.
6126702e-060f-4ba2-b2be-22ea6ee56430,6495e7ba-bcd0-4af7-856a-5b03f41e6f0e,1f2f5550-69ee-4ec3-82d2-d6cf2d0fc05c,4,Sample English review 2345.
ac653b5f-1944-49b0-87d6-d1fc3de1d88e,6495e7ba-bcd0-4af7-856a-5b03f41e6f0e,d3206088-b25a-455a-9323-1c8d5829b0b0,1,Sample English review 2346.
2f0ceca1-f6d8-4676-9327-f9e3c469d92a,6495e7ba-bcd0-4af7-856a-5b03f41e6f0e,37887751-4d47-4e5c-98fd-9fa0dc90314c,7,Sample English review 2347.
af1baf1e-9aa5-43fe-b13a-85d99ecebf1f,6495e7ba-bcd0-4af7-856a-5b03f41e6f0e,f58f62f8-c6cd-4d19-adce-d4d1da14b149,2,Sample English review 2348.
fdb16851-7d18-4568-8a0b-abeecded11cf,6495e7ba-bcd0-4af7-856a-5b03f41e6f0e,62531f1e-00a6-4fce-ab03-320c8c0852e8,7,Sample English review 2349.
d59ecd36-2bd7-44e7-a945-a5c44ad5b808,6495e7ba-bcd0-4af7-856a-5b03f41e6f0e,77ae4c44-0946-4323-afdc-9932fc01f4c6,2,Sample English review 2350.
bf22c653-2e54-4e47-9d2b-dcd3dcd35e8d,c13ab128-f91c-4bef-a76a-417c87c71380,fd530ba8-7ae3-47c6-b384-a6b01df494cb,1,Sample English review 2351.
bcac44b9-f365-479e-85f9-1d1878781d8f,c13ab128-f91c-4bef-a76a-417c87c71380,4072477a-0e21-47ca-9a86-73f662b98398,3,Sample English review 2352.
989e7f74-c90e-4281-8bde-1d85789d633f,c13ab128-f91c-4bef-a76a-417c87c71380,67021090-97c3-44f2-82ed-cf5f65828f38,7,Sample English review 2353.
c19b9e22-9e51-48b7-a3ec-1eb28f8ac7a7,c13ab128-f91c-4bef-a76a-417c87c71380,99f6f5c3-1cb9-4fe1-ab1a-aa9c1d16dbd0,2,Sample English review 2354.
b2987d81-4974-415a-9807-efcd836a91d5,c13ab128-f91c-4bef-a76a-417c87c71380,9b151d62-177e-4736-b8e5-6cf69170f9dc,5,Sample English review 2355.
67c23d68-7e2e-469f-9b88-8884d900224f,c13ab128-f91c-4bef-a76a-417c87c71380,1b7592f5-0e3c-4c80-b5a2-4bd6f1157cba,5,Sample English review 2356.
30729475-2a56-4345-b2d2-5fc23271b668,d0b56e56-27e5-4bf1-8211-dfc8d196ebc9,1b3bae68-e409-4055-a2c3-d5f42604c9b1,4,
491503f4-595b-4cc6-9c05-450aba038e9d,d0b56e56-27e5-4bf1-8211-dfc8d196ebc9,4ad5c73a-5c99-4e98-9d90-0e03b0986909,4,
bdd5f8fb-b49c-4db1-9298-5a4ad522853c,d0b56e56-27e5-4bf1-8211-dfc8d196ebc9,1afd4484-49c1-4870-b60c-c754c4ce04d0,10,
0ff5e348-5b44-41b6-a6ca-28e855ad6b9e,d0b56e56-27e5-4bf1-8211-dfc8d196ebc9,c3820118-4994-4049-8719-6d71466870fe,2,Sample English review 2360.
992bf680-6558-48a1-a646-72b28e17e6bc,d0b56e56-27e5-4bf1-8211-dfc8d196ebc9,5597d267-e508-4a43-8244-f8ec9fdecae4,4,Sample English review 2361.
7df43f06-5905-4008-82c5-2a51d1b9dd38,d0b56e56-27e5-4bf1-8211-dfc8d196ebc9,09876245-335b-4ddd-bdbf-a33e23abc2fb,9,Sample English review 2362.
ab93f5d7-64a6-4e1f-8cda-bf7242555dc6,d0b56e56-27e5-4bf1-8211-dfc8d196ebc9,ebaef81b-0f73-4e06-bb20-5ef173be29af,1,
270b6e46-9226-4c2d-9f1d-4a57e81045eb,d0b56e56-27e5-4bf1-8211-dfc8d196ebc9,cb55c939-b208-4183-9cac-dc086cdad4ea,1,Sample English review 2364.
7e98ce00-c181-492b-9e8a-2786a9515d28,d0b56e56-27e5-4bf1-8211-dfc8d196ebc9,24ce7888-3716-43b8-9d28-4239e17abe25,1,Sample English review 2365.
81e35fd9-47e1-4958-b181-57f96788a5f0,d0b56e56-27e5-4bf1-8211-dfc8d196ebc9,722c5ad2-9175-4d47-9f8a-d10e496d97f8,2,Sample English review 2366.
88ec5526-c984-4027-8a3d-913a9279967e,d0b56e56-27e5-4bf1-8211-dfc8d196ebc9,9bc42e46-67c9-447f-be78-4ae50e491d93,7,Sample English review 2367.
097bb267-cef8-478a-87b9-934aae92380b,d0b56e56-27e5-4bf1-8211-dfc8d196ebc9,708f4f48-f883-4f49-97ee-2c0a91c249de,8,Sample English review 2368.
97174352-8496-4aed-8d2b-ca7b457553d2,d0b56e56-27e5-4bf1-8211-dfc8d196ebc9,0eda6729-995b-43a0-9a17-b89035543c47,3,Sample English review 2369.
447a5ddb-415d-4c67-a9bb-9d1d460b731c,d0b56e56-27e5-4bf1-8211-dfc8d196ebc9,e9774607-8354-4ac8-adcf-f72a1716c51b,5,Sample English review 2370.
efe867f6-9005-4481-ae8c-ca668863dc73,21b848d6-3a69-4314-b9cf-68051f647927,af3763b7-7954-464c-8287-33c652eaced6,10,Sample English review 2371.
24f9f509-c12d-494b-a9f3-20ad9f7008a9,21b848d6-3a69-4314-b9cf-68051f647927,c3820118-4994-4049-8719-6d71466870fe,8,
b5cbfe8e-b84f-4cf8-b15c-bbf546012b18,21b848d6-3a69-4314-b9cf-68051f647927,d01b25df-fe4a-4617-b8b9-ee0c60db6556,2,
6029c7db-86b3-4e44-9cc8-c2a43cced041,21b848d6-3a69-4314-b9cf-68051f647927,ac393398-9266-4f9c-8a2d-d14ae2aa114e,6,
918774a0-bf8f-4496-8a9c-478db5f24b3a,21b848d6-3a69-4314-b9cf-68051f647927,33875037-f579-42ed-8aba-818a640c90d9,3,Sample English review 2375.
3648faf2-4683-4f3d-9ef3-4300306f7590,21b848d6-3a69-4314-b9cf-68051f647927,9008a579-51a2-4cde-80db-8e277bfd15c0,2,Sample English review 2376.
0f60a54b-83d4-4925-9f34-d3d6096bdcb7,21b848d6-3a69-4314-b9cf-68051f647927,47632200-a702-4992-9f11-020d87c3aaed,6,
d7fc3370-8072-4302-8a7a-d27b5f9cd662,21b848d6-3a69-4314-b9cf-68051f647927,85bbf311-5929-482a-a259-21f783c36c59,7,Sample English review 2378.
2dffb585-66c4-42c7-80c6-9d219268ff2f,1cb6c9e0-1f0b-4f34-968e-1270d7e0eac1,ecab2181-cb9d-42f7-b110-65986cef6204,9,Sample English review 2379.
74dcbf9a-48cc-434b-abec-42107330ce7d,1cb6c9e0-1f0b-4f34-968e-1270d7e0eac1,3844a965-19f9-41ec-9515-28393113f8c8,3,Sample English review 2380.
86e68b0f-2d58-4eca-8ffb-bd94e3a4f91c,1cb6c9e0-1f0b-4f34-968e-1270d7e0eac1,9b151d62-177e-4736-b8e5-6cf69170f9dc,6,Sample English review 2381.
9492df9a-3a56-40c2-8c62-717683a0054f,1cb6c9e0-1f0b-4f34-968e-1270d7e0eac1,7c01f309-b5b4-4962-843f-9698ce3ede17,7,Sample English review 2382.
d845ae05-5a11-41cd-8ae8-05c026862fef,1cb6c9e0-1f0b-4f34-968e-1270d7e0eac1,2752b069-f76a-4957-8807-6237a31f6d2c,8,Sample English review 2383.
4ee4ef10-7b1b-4a12-9e0c-15de4aae7508,1cb6c9e0-1f0b-4f34-968e-1270d7e0eac1,cb55c939-b208-4183-9cac-dc086cdad4ea,8,Sample English review 2384.
7febad94-82c6-4808-b13f-7e35d371f31c,1cb6c9e0-1f0b-4f34-968e-1270d7e0eac1,47ae8c16-2d72-4c6b-8a12-3dac47db6ed7,3,Sample English review 2385.
c4057f59-29c0-424a-9939-9137ce1ad440,1cb6c9e0-1f0b-4f34-968e-1270d7e0eac1,9bc42e46-67c9-447f-be78-4ae50e491d93,8,Sample English review 2386.
5f6b9c8b-0f7a-4507-8790-aad643cfbd8b,1cb6c9e0-1f0b-4f34-968e-1270d7e0eac1,2fd567ca-8efe-4948-bebd-a1a56f976d42,8,
d077edef-5e3c-4477-bbb3-badd5d2fb53d,1cb6c9e0-1f0b-4f34-968e-1270d7e0eac1,ac17d6c1-f9a9-42be-9c29-6670939d8d5e,9,
09ad67dc-2aaf-408d-b9cb-d810f5f620ae,cf2a02bd-109d-4b75-a308-3e93369a7530,08c2602d-87d3-4851-b7fb-2bad244b5357,6,
a7f4ea3d-4782-4749-905d-791e8849b1ee,cf2a02bd-109d-4b75-a308-3e93369a7530,37887751-4d47-4e5c-98fd-9fa0dc90314c,2,Sample English review 2390.
174f9946-7190-43d0-900e-ca6142f9676f,cf2a02bd-109d-4b75-a308-3e93369a7530,2fd567ca-8efe-4948-bebd-a1a56f976d42,7,Sample English review 2391.
488743d3-0319-4d20-a7e8-48c14d659b11,cf2a02bd-109d-4b75-a308-3e93369a7530,425035ef-0093-422c-a760-2740c95f4457,2,Sample English review 2392.
fedcbaca-f15b-4ca8-981c-abeabaa51fa2,cf2a02bd-109d-4b75-a308-3e93369a7530,67021090-97c3-44f2-82ed-cf5f65828f38,6,Sample English review 2393.
a5a6117e-e42b-4734-b9dd-c2f07504dd96,cf2a02bd-109d-4b75-a308-3e93369a7530,427354fb-8736-4fd4-9ea1-30b98d1974e7,2,Sample English review 2394.
ce5578c0-962f-46f9-8d05-aaf9a15daf10,cf2a02bd-109d-4b75-a308-3e93369a7530,09dc474c-41e1-47c7-bd11-8bcc61aba3cc,10,
9179249b-b1e7-4c52-bd0b-135b729c7039,cf2a02bd-109d-4b75-a308-3e93369a7530,09901650-fe76-4f18-9bf9-e24256f4909e,4,Sample English review 2396.
6e0de8d0-7005-4f53-8ed0-02920d0c69e7,cf2a02bd-109d-4b75-a308-3e93369a7530,99f8ef2d-c0e8-4290-83a6-b460677b198d,10,Sample English review 2397.
4a4df0bc-816b-4123-8a66-72ee13591e7d,cf2a02bd-109d-4b75-a308-3e93369a7530,81de516b-9d80-447a-a5f3-7f542dab2e6f,1,
67a74964-7650-4109-8387-1c77323a5ed9,cf2a02bd-109d-4b75-a308-3e93369a7530,8a99736e-dad6-489d-aa46-0ee02356e5fe,7,Sample English review 2399.
f928abcf-1ca7-4645-91a2-01ea6417b711,cf2a02bd-109d-4b75-a308-3e93369a7530,2752b069-f76a-4957-8807-6237a31f6d2c,4,Sample English review 2400.
5e878c06-75ec-4e21-9ca9-e88b8253ee9e,cf2a02bd-109d-4b75-a308-3e93369a7530,fd530ba8-7ae3-47c6-b384-a6b01df494cb,4,Sample English review 2401.
f2f8479e-c843-40ee-91cc-c32e7b6e7977,cf2a02bd-109d-4b75-a308-3e93369a7530,ac17d6c1-f9a9-42be-9c29-6670939d8d5e,7,Sample English review 2402.
f704e2cb-a421-4dff-bd81-72b9348c661a,cf2a02bd-109d-4b75-a308-3e93369a7530,21bf0f34-fea3-4cb9-b9a7-94e72ffacc8a,5,
e2060734-cf70-4641-a88a-ae079a6d8802,cf2a02bd-109d-4b75-a308-3e93369a7530,0db8d5e2-1888-4d9f-a451-2f6e2a3e0f7d,8,Sample English review 2404.
70436459-7792-4621-8493-f3d6caf2a4a4,cf2a02bd-109d-4b75-a308-3e93369a7530,23855b90-cb3b-4533-a756-bab9bb81426e,2,
ba95e26d-e8b1-4913-ae29-9b8c2cc7d759,cf2a02bd-109d-4b75-a308-3e93369a7530,1f2f5550-69ee-4ec3-82d2-d6cf2d0fc05c,10,
c02063e1-43df-44cd-941c-22da6fd2a248,7164db8c-2512-4f66-bfc4-a2389fde997a,f9a7e8ba-2326-4fd7-b228-98060197c4f6,1,
2ce98e66-ff94-416c-bca3-a8af01de0dee,7164db8c-2512-4f66-bfc4-a2389fde997a,d9b9480a-a1e4-49d4-b8b5-a28a761924b7,2,Sample English review 2408.
fef04f79-819f-4897-ad52-2500625ea1d0,7164db8c-2512-4f66-bfc4-a2389fde997a,81d5edb0-d9b4-4d01-968c-8eda5f5b6a03,2,Sample English review 2409.
cd55424f-80b9-4096-8cd7-8fb72d7a412d,7164db8c-2512-4f66-bfc4-a2389fde997a,8ff07004-cedb-4c53-a5dd-a034c6073f8e,6,
d6dd8096-2e88-4225-aa9d-654d3327843f,7164db8c-2512-4f66-bfc4-a2389fde997a,708f4f48-f883-4f49-97ee-2c0a91c249de,10,Sample English review 2411.
bf14cd19-2d6f-4ae9-a740-6b8e09989d06,7164db8c-2512-4f66-bfc4-a2389fde997a,67d8b4ad-4640-43f2-9c53-6b4929f30103,2,
463ab2ca-01f0-4f6c-b696-e421fa74c570,7164db8c-2512-4f66-bfc4-a2389fde997a,81de516b-9d80-447a-a5f3-7f542dab2e6f,7,Sample English review 2413.
3083b9a5-351f-4de2-bf0c-a03ac7e14b11,7164db8c-2512-4f66-bfc4-a2389fde997a,6dc440b0-7d0d-4e8c-8dfa-aacb16c25536,2,Sample English review 2414.
04ee8aa9-d713-43e7-b87a-1d892fe35d7b,7164db8c-2512-4f66-bfc4-a2389fde997a,e52406b3-6af5-42dc-a087-fe3f73c2cb30,4,Sample English review 2415.
d4b6ea99-a172-4568-92e1-5b237919d517,7164db8c-2512-4f66-bfc4-a2389fde997a,e994bf32-d050-4e52-b334-5b6074b2a959,3,
d4460fd8-edfd-4d59-bd9a-ab1c90729e4b,7164db8c-2512-4f66-bfc4-a2389fde997a,99f6f5c3-1cb9-4fe1-ab1a-aa9c1d16dbd0,10,
ee261916-a843-4013-94d1-476c54b69f5c,6894022a-9490-4e7e-93cd-c577e71d6221,ccda4639-3814-4892-99ea-7aa00cd42d49,9,Sample English review 2418.
e18e21b6-d799-4257-8b90-3e322b4eb279,6894022a-9490-4e7e-93cd-c577e71d6221,08c2602d-87d3-4851-b7fb-2bad244b5357,3,
cff91a02-33b4-417e-9113-bc541f592336,6894022a-9490-4e7e-93cd-c577e71d6221,47aa0eb4-151b-4307-b50f-cdd5a44970fd,7,Sample English review 2420.
b9797c7d-8565-4abf-a1b9-6f4be4b423b9,6894022a-9490-4e7e-93cd-c577e71d6221,81de516b-9d80-447a-a5f3-7f542dab2e6f,9,Sample English review 2421.
ff4617ac-ddc9-413a-99a9-a673412d5eb7,6894022a-9490-4e7e-93cd-c577e71d6221,6358f21d-d22d-4f6c-b15e-7a1b7ba90800,5,Sample English review 2422.
80b12d8d-3f56-4821-90c0-4a1cf092a762,6894022a-9490-4e7e-93cd-c577e71d6221,af3763b7-7954-464c-8287-33c652eaced6,5,Sample English review 2423.
f2df6267-f7eb-4295-a36c-7182999990e9,6894022a-9490-4e7e-93cd-c577e71d6221,8ff07004-cedb-4c53-a5dd-a034c6073f8e,8,Sample English review 2424.
4b355ba9-856b-447a-8435-4ba7424af8b8,6894022a-9490-4e7e-93cd-c577e71d6221,e9774607-8354-4ac8-adcf-f72a1716c51b,10,Sample English review 2425.
3a2ed90e-a0ae-412f-bb02-83260f28f3ad,6894022a-9490-4e7e-93cd-c577e71d6221,677a4d7a-ae9b-4bdb-a72f-67f73eba99c7,9,Sample English review 2426.
fab3ebe6-86c5-4baa-80c6-f88906965de3,6894022a-9490-4e7e-93cd-c577e71d6221,f58f62f8-c6cd-4d19-adce-d4d1da14b149,1,
ca81a818-c80c-406e-9c55-f41ae10f764f,6894022a-9490-4e7e-93cd-c577e71d6221,3ea805cf-d96a-4098-9682-f85f57267e43,3,Sample English review 2428.
9d14409b-2051-453d-b819-9cf009cd2727,6894022a-9490-4e7e-93cd-c577e71d6221,502dde18-86e1-4b5c-88c2-8010d067ede7,1,Sample English review 2429.
d3be2808-f399-4e59-b99e-dc2b6f005880,6894022a-9490-4e7e-93cd-c577e71d6221,0db8d5e2-1888-4d9f-a451-2f6e2a3e0f7d,7,Sample English review 2430.
fdc0c665-d50d-4b78-82ed-33c9fbf780d7,6894022a-9490-4e7e-93cd-c577e71d6221,3844a965-19f9-41ec-9515-28393113f8c8,2,Sample English review 2431.
869abc0a-3534-4639-8b30-b745f06db2ca,6894022a-9490-4e7e-93cd-c577e71d6221,ecdbf5f6-ea6e-48ad-8cf1-165f8682b135,6,Sample English review 2432.
2f95c799-7750-4def-8f4b-a55f3a1b9946,6894022a-9490-4e7e-93cd-c577e71d6221,21bf0f34-fea3-4cb9-b9a7-94e72ffacc8a,6,Sample English review 2433.
e71d2e29-9736-46a7-8582-5ba7b693536a,6894022a-9490-4e7e-93cd-c577e71d6221,ebaef81b-0f73-4e06-bb20-5ef173be29af,9,Sample English review 2434.
7fe6597f-6246-4aa0-bb45-0410aa83be56,6894022a-9490-4e7e-93cd-c577e71d6221,d51ce7b5-dd79-4d62-93c4-4a7cff3d22e3,5,
f91b4ccc-5187-40a6-95ca-9ac1b452fdcd,6894022a-9490-4e7e-93cd-c577e71d6221,f4fa3e26-130b-42f5-8e08-2d4f884e080d,3,
0f9a8437-0fc4-4094-8c77-39cd0e1382f4,20124d41-47c5-4081-a632-5895e7381e34,47aa0eb4-151b-4307-b50f-cdd5a44970fd,9,Sample English review 2437.
222f660c-fddc-4a2e-97ed-79118212a29b,464c37b3-bb15-4fcd-abc3-c5371901a98a,7c08735f-311c-4060-9637-87bee6bf9673,9,Sample English review 2438.
56b9f272-8b45-455c-acc4-f4efabc123ee,464c37b3-bb15-4fcd-abc3-c5371901a98a,3844a965-19f9-41ec-9515-28393113f8c8,1,
983e6e29-19c4-41cd-b2ac-b542cbc361f7,464c37b3-bb15-4fcd-abc3-c5371901a98a,cf58157c-eee8-4cb1-af62-820e7aadb847,6,Sample English review 2440.
ec307465-8dba-4552-8ca6-ce98782481e3,464c37b3-bb15-4fcd-abc3-c5371901a98a,5597d267-e508-4a43-8244-f8ec9fdecae4,5,Sample English review 2441.
c9b6f947-fd2e-4971-9af6-b78a7e46966f,464c37b3-bb15-4fcd-abc3-c5371901a98a,37887751-4d47-4e5c-98fd-9fa0dc90314c,4,
6d15ac8e-92d0-4dd8-84ac-9ef007aee5d1,464c37b3-bb15-4fcd-abc3-c5371901a98a,24ce7888-3716-43b8-9d28-4239e17abe25,1,
a9fe36bb-b55b-46d0-b849-c464f5cc9dcb,464c37b3-bb15-4fcd-abc3-c5371901a98a,8ff07004-cedb-4c53-a5dd-a034c6073f8e,2,Sample English review 2444.
25221abb-ae9e-4004-a53d-261ea2165ca0,464c37b3-bb15-4fcd-abc3-c5371901a98a,05de5279-613f-4b9e-b38d-1e4203d75c1a,4,Sample English review 2445.
77a85471-5bcb-4fc7-b5a4-23ac8e2af78d,464c37b3-bb15-4fcd-abc3-c5371901a98a,9dae46b7-7f1a-4d67-b808-9e9c1b622d6c,8,Sample English review 2446.
e63f03d0-0230-4557-8799-d46ce5bc855c,464c37b3-bb15-4fcd-abc3-c5371901a98a,09876245-335b-4ddd-bdbf-a33e23abc2fb,7,
2fc0e6f3-847e-4c02-adb2-99ad66761e8d,464c37b3-bb15-4fcd-abc3-c5371901a98a,6dc440b0-7d0d-4e8c-8dfa-aacb16c25536,3,
4f9827fe-722d-4feb-8b45-f3018521f8b1,464c37b3-bb15-4fcd-abc3-c5371901a98a,009bae3f-9085-415e-81bf-b86503fa9115,5,
a6f883e6-8953-47f6-8afb-aea8dcfbde24,464c37b3-bb15-4fcd-abc3-c5371901a98a,81d5edb0-d9b4-4d01-968c-8eda5f5b6a03,3,Sample English review 2450.
9252303e-993f-4eb1-a988-51a92652a5dd,464c37b3-bb15-4fcd-abc3-c5371901a98a,dac8e4dd-9f17-46ef-9865-5e025b74bf9a,6,
a5583cc9-90c6-438e-a8f5-2c14da350496,464c37b3-bb15-4fcd-abc3-c5371901a98a,81de516b-9d80-447a-a5f3-7f542dab2e6f,6,Sample English review 2452.
e199862a-1271-4682-9c54-b554045ad06c,464c37b3-bb15-4fcd-abc3-c5371901a98a,23855b90-cb3b-4533-a756-bab9bb81426e,9,Sample English review 2453.
89ed7620-2155-4fb5-9a5e-57cea07a9aca,464c37b3-bb15-4fcd-abc3-c5371901a98a,b3bb325c-6f93-4946-9d94-ca835b5be056,2,Sample English review 2454.
4249e84e-73df-4606-b1ff-b7a7069c022b,464c37b3-bb15-4fcd-abc3-c5371901a98a,1aa28ea9-5df1-4ce1-a2db-7524bfcfd4ee,3,Sample English review 2455.
c768219f-785e-4430-8092-b98c3651bbb8,464c37b3-bb15-4fcd-abc3-c5371901a98a,4072477a-0e21-47ca-9a86-73f662b98398,9,Sample English review 2456.
84e6db88-7045-4f5e-8df6-2411c1aeb36e,464c37b3-bb15-4fcd-abc3-c5371901a98a,09dc474c-41e1-47c7-bd11-8bcc61aba3cc,8,Sample English review 2457.
72f8c193-9ffb-4571-8947-14d0aac729bd,86c767d1-9264-47d5-93b9-5cd5bcd63985,3e78c42e-79c6-46a5-84ba-afca64de824b,9,Sample English review 2458.
bfb229f3-9944-49a1-91cc-71718068f3c0,86c767d1-9264-47d5-93b9-5cd5bcd63985,b51a7d8d-dbc7-426e-9013-dd2124a444bb,10,
286e94ed-7647-4ffe-86ae-34d8906d6d82,86c767d1-9264-47d5-93b9-5cd5bcd63985,427354fb-8736-4fd4-9ea1-30b98d1974e7,10,Sample English review 2460.
1e0e0a96-3009-4e35-96bd-6b8360d4775d,86c767d1-9264-47d5-93b9-5cd5bcd63985,09876245-335b-4ddd-bdbf-a33e23abc2fb,9,Sample English review 2461.
9624c5ac-39d2-42b4-a78e-73687f0daa1c,86c767d1-9264-47d5-93b9-5cd5bcd63985,99f6f5c3-1cb9-4fe1-ab1a-aa9c1d16dbd0,7,
ab51eff6-f05c-4be9-817e-82ce35671a22,86c767d1-9264-47d5-93b9-5cd5bcd63985,4072477a-0e21-47ca-9a86-73f662b98398,10,
3c436e98-1f98-4878-b5f1-42a86c9c7371,86c767d1-9264-47d5-93b9-5cd5bcd63985,6c34f6f7-2682-4513-951e-96f325e7eb19,9,Sample English review 2464.
43870748-6572-451d-9ad7-574bc8f405c0,86c767d1-9264-47d5-93b9-5cd5bcd63985,7bd0bc4e-e14f-4f46-8e8b-d015a6b4ebc1,7,Sample English review 2465.
d486f78f-9694-475c-a4e9-b2dd41e1d614,86c767d1-9264-47d5-93b9-5cd5bcd63985,6d0ed363-2c1a-43f7-958a-0e0cb6ea3e49,1,Sample English review 2466.
32c777f1-d8d4-41ed-8beb-b3aaec6bd970,86c767d1-9264-47d5-93b9-5cd5bcd63985,d9b9480a-a1e4-49d4-b8b5-a28a761924b7,6,
56b5ea58-3497-4c16-a3b8-b49f8f87f432,86c767d1-9264-47d5-93b9-5cd5bcd63985,0c6967ae-a4d8-4920-9d51-c7d95b61d752,9,Sample English review 2468.
e281457e-c2e4-4992-b0bc-ab6fbdab37af,86c767d1-9264-47d5-93b9-5cd5bcd63985,e52406b3-6af5-42dc-a087-fe3f73c2cb30,2,Sample English review 2469.
6e27721e-16b9-4d2d-83ed-c059d0e247e4,86c767d1-9264-47d5-93b9-5cd5bcd63985,5fb1457b-691f-48fd-aeca-0103d0a88833,4,Sample English review 2470.
f3ad3c7c-0b60-4149-83b0-e02a05ee28f5,86c767d1-9264-47d5-93b9-5cd5bcd63985,009bae3f-9085-415e-81bf-b86503fa9115,4,Sample English review 2471.
fc60fae1-914a-45da-9341-95ef3e415fd8,86c767d1-9264-47d5-93b9-5cd5bcd63985,37887751-4d47-4e5c-98fd-9fa0dc90314c,7,Sample English review 2472.
e7370c41-65c2-421d-bbb0-7c260662241f,86c767d1-9264-47d5-93b9-5cd5bcd63985,69a62e24-d225-4d89-94b5-ae7f906b57dc,5,Sample English review 2473.
1915eff6-0ccd-4b09-afd9-03e0fb67548c,86c767d1-9264-47d5-93b9-5cd5bcd63985,05de5279-613f-4b9e-b38d-1e4203d75c1a,6,Sample English review 2474.
2b5fe8ba-4ba5-40ec-8e85-b44ff55c230d,86c767d1-9264-47d5-93b9-5cd5bcd63985,e994bf32-d050-4e52-b334-5b6074b2a959,10,Sample English review 2475.
4478cc1a-12ad-49b9-8448-f147fa4d0a34,86c767d1-9264-47d5-93b9-5cd5bcd63985,33875037-f579-42ed-8aba-818a640c90d9,4,Sample English review 2476.
c66767f7-bb21-45ca-b6b7-66bf59e1e958,86c767d1-9264-47d5-93b9-5cd5bcd63985,81d5edb0-d9b4-4d01-968c-8eda5f5b6a03,3,
451e5949-8f72-40e1-b744-359c06f9f78e,86c767d1-9264-47d5-93b9-5cd5bcd63985,62531f1e-00a6-4fce-ab03-320c8c0852e8,1,Sample English review 2478.
209b358e-2d0a-40b0-ae97-794c750e06a3,86c767d1-9264-47d5-93b9-5cd5bcd63985,74429405-c801-4e71-87cd-1d726e8cd8f7,1,Sample English review 2479.
ca640f3e-49ff-4137-8837-c2a4b3968117,bcf003e8-6587-4c3c-868d-8b948e7b8626,b51a7d8d-dbc7-426e-9013-dd2124a444bb,7,
84bb60fe-98ac-4e88-ba47-35451e9b6e69,bcf003e8-6587-4c3c-868d-8b948e7b8626,74429405-c801-4e71-87cd-1d726e8cd8f7,1,
5faa69dc-be35-4cc8-b9a5-1b612dc6476a,bcf003e8-6587-4c3c-868d-8b948e7b8626,99f8ef2d-c0e8-4290-83a6-b460677b198d,10,
5fcceb6a-319d-4ee1-bbc0-d9aa98a329c9,bcf003e8-6587-4c3c-868d-8b948e7b8626,9dae46b7-7f1a-4d67-b808-9e9c1b622d6c,2,Sample English review 2483.
a7c16808-0b01-4603-ab86-e8c76e115b16,bcf003e8-6587-4c3c-868d-8b948e7b8626,34e41375-9db2-4e92-9f7d-76f36353f4e6,5,Sample English review 2484.
6ced5990-4b2a-485c-b21f-d0f79263be86,bcf003e8-6587-4c3c-868d-8b948e7b8626,cf58157c-eee8-4cb1-af62-820e7aadb847,9,Sample English review 2485.
b560d855-2ca4-4074-a968-e05386958896,bcf003e8-6587-4c3c-868d-8b948e7b8626,23855b90-cb3b-4533-a756-bab9bb81426e,4,
92b4dbef-dbdf-477c-8aee-c69677eabded,bcf003e8-6587-4c3c-868d-8b948e7b8626,f58f62f8-c6cd-4d19-adce-d4d1da14b149,1,
14cf9c47-d6f4-4a52-9566-cb42848783e1,bcf003e8-6587-4c3c-868d-8b948e7b8626,21bf0f34-fea3-4cb9-b9a7-94e72ffacc8a,2,Sample English review 2488.
ac73fdd1-e705-4c5e-b0bd-dcd523968c13,bcf003e8-6587-4c3c-868d-8b948e7b8626,8ff07004-cedb-4c53-a5dd-a034c6073f8e,2,Sample English review 2489.
131912eb-6bc9-40e3-86e0-3976df1be5b3,bcf003e8-6587-4c3c-868d-8b948e7b8626,6358f21d-d22d-4f6c-b15e-7a1b7ba90800,9,
94ddff5c-406c-41a8-bb25-48aa37214ad6,bcf003e8-6587-4c3c-868d-8b948e7b8626,afc8c392-95b3-4506-8d6c-719f96692939,3,
8d0cf6ab-2616-40a9-9540-a0f03f5dacb0,bcf003e8-6587-4c3c-868d-8b948e7b8626,69a62e24-d225-4d89-94b5-ae7f906b57dc,9,Sample English review 2492.
26f03546-e564-4702-a32c-afc6d2ff3d51,bcf003e8-6587-4c3c-868d-8b948e7b8626,09dc474c-41e1-47c7-bd11-8bcc61aba3cc,10,
2d89bf42-0991-47f2-ac22-8ff0673e1c19,bcf003e8-6587-4c3c-868d-8b948e7b8626,24ce7888-3716-43b8-9d28-4239e17abe25,8,
90a43614-cc86-4f72-91b2-344b1dfa0dce,bcf003e8-6587-4c3c-868d-8b948e7b8626,a3128f74-4fcf-4cae-b2db-d585516780d1,9,Sample English review 2495.
a9d87e3e-ecfe-42ce-8d03-e0d465bc2ac8,bcf003e8-6587-4c3c-868d-8b948e7b8626,9008a579-51a2-4cde-80db-8e277bfd15c0,7,
d9dddcc1-7e5b-46f0-beae-ce3ac802ac50,6a2d3f08-3183-456a-a712-1214e27c30c4,34e41375-9db2-4e92-9f7d-76f36353f4e6,7,Sample English review 2497.
4fef367b-446f-474a-a977-4da1b8c1b628,a1394cf2-fbb3-421c-8a7c-6d6501f2d9e2,425035ef-0093-422c-a760-2740c95f4457,3,Sample English review 2498.
b5492348-7f5c-431e-a1c1-74078d9878c3,a1394cf2-fbb3-421c-8a7c-6d6501f2d9e2,ccda4639-3814-4892-99ea-7aa00cd42d49,3,
72ad11c5-2f98-4e7d-b30d-e4d7617494ac,a1394cf2-fbb3-421c-8a7c-6d6501f2d9e2,9bc42e46-67c9-447f-be78-4ae50e491d93,7,Sample English review 2500.
853447ad-244d-4da5-a78c-1eb3b819f81b,a1394cf2-fbb3-421c-8a7c-6d6501f2d9e2,ebaef81b-0f73-4e06-bb20-5ef173be29af,6,
4b6b1307-05e1-449c-9759-bdbc5aa14425,a1394cf2-fbb3-421c-8a7c-6d6501f2d9e2,99f6f5c3-1cb9-4fe1-ab1a-aa9c1d16dbd0,7,Sample English review 2502.
f40950ca-421b-4e30-bb09-97f3dab60081,a1394cf2-fbb3-421c-8a7c-6d6501f2d9e2,1aa28ea9-5df1-4ce1-a2db-7524bfcfd4ee,5,Sample English review 2503.
70f279fa-3c75-4d55-9b1d-caf2eacb69b4,a1394cf2-fbb3-421c-8a7c-6d6501f2d9e2,677a4d7a-ae9b-4bdb-a72f-67f73eba99c7,10,
ae0d8999-ee02-44f6-8912-51082c8d7be8,a1394cf2-fbb3-421c-8a7c-6d6501f2d9e2,1b3bae68-e409-4055-a2c3-d5f42604c9b1,6,Sample English review 2505.
0933d9ac-c237-4fc3-9b8c-176068697034,a1394cf2-fbb3-421c-8a7c-6d6501f2d9e2,cf58157c-eee8-4cb1-af62-820e7aadb847,5,Sample English review 2506.
77630d91-37ff-4db7-9684-6660c4417685,a1394cf2-fbb3-421c-8a7c-6d6501f2d9e2,9c0da375-3d5a-4608-b8c7-9e36139d6c33,10,Sample English review 2507.
70db5667-5050-4591-a23f-1c5a527bd250,a1394cf2-fbb3-421c-8a7c-6d6501f2d9e2,34e41375-9db2-4e92-9f7d-76f36353f4e6,1,Sample English review 2508.
f4e47629-e3bd-4af3-8f57-9ebc3e20c025,a1394cf2-fbb3-421c-8a7c-6d6501f2d9e2,62531f1e-00a6-4fce-ab03-320c8c0852e8,8,Sample English review 2509.
e9777449-9d1d-43f6-8cbd-06e7a6dfe43f,a1394cf2-fbb3-421c-8a7c-6d6501f2d9e2,4072477a-0e21-47ca-9a86-73f662b98398,5,Sample English review 2510.
99818018-bff5-468a-a9a1-08cc5bbb1298,a1394cf2-fbb3-421c-8a7c-6d6501f2d9e2,37887751-4d47-4e5c-98fd-9fa0dc90314c,3,Sample English review 2511.
0a6122e1-1eb6-4ef3-a7cc-16beb6015751,a1394cf2-fbb3-421c-8a7c-6d6501f2d9e2,138aca2e-a48d-46a6-ac06-c902efe4fd18,4,
4fc45431-3f3a-46d9-aebb-187f7f1d0642,a1394cf2-fbb3-421c-8a7c-6d6501f2d9e2,4edba6e8-c8d9-4fe2-a682-124b91f87604,6,
f4108ccf-fe7b-4296-8a89-8b472201847d,a8b07a04-a6aa-4892-911b-22fc8b774080,af3763b7-7954-464c-8287-33c652eaced6,2,Sample English review 2514.
720cc266-35d8-422e-b668-2fd38c715d6e,a8b07a04-a6aa-4892-911b-22fc8b774080,f58f62f8-c6cd-4d19-adce-d4d1da14b149,3,Sample English review 2515.
81187394-2e09-4d48-af33-f1059e59e65b,a8b07a04-a6aa-4892-911b-22fc8b774080,3ea805cf-d96a-4098-9682-f85f57267e43,9,
8b985b69-afc0-41be-be0d-f81bba3304d5,a8b07a04-a6aa-4892-911b-22fc8b774080,9c0da375-3d5a-4608-b8c7-9e36139d6c33,10,Sample English review 2517.
1838110b-8b30-4c97-92cb-be5e76650eab,a8b07a04-a6aa-4892-911b-22fc8b774080,1afd4484-49c1-4870-b60c-c754c4ce04d0,7,Sample English review 2518.
67d287bf-180d-4e23-a354-1aeb50d0efd7,a8b07a04-a6aa-4892-911b-22fc8b774080,722c5ad2-9175-4d47-9f8a-d10e496d97f8,4,Sample English review 2519.
422e0d91-076b-4a86-8e4b-d82463ddac46,a8b07a04-a6aa-4892-911b-22fc8b774080,77ae4c44-0946-4323-afdc-9932fc01f4c6,8,Sample English review 2520.
94cc64dc-897d-40ca-9bab-eff31a0dec45,a8b07a04-a6aa-4892-911b-22fc8b774080,708f4f48-f883-4f49-97ee-2c0a91c249de,9,Sample English review 2521.
3f27a087-77a5-4910-bcb4-b0d919126245,a8b07a04-a6aa-4892-911b-22fc8b774080,0db8d5e2-1888-4d9f-a451-2f6e2a3e0f7d,9,Sample English review 2522.
5c684d65-5b9e-438e-a2b0-dd044a36c445,a8b07a04-a6aa-4892-911b-22fc8b774080,7c08735f-311c-4060-9637-87bee6bf9673,5,
4bf61900-1eda-4fdc-9821-b02577c547a5,a8b07a04-a6aa-4892-911b-22fc8b774080,cb55c939-b208-4183-9cac-dc086cdad4ea,8,Sample English review 2524.
76bba46a-f2e1-4ae4-a9e3-e26d5950f68d,a8b07a04-a6aa-4892-911b-22fc8b774080,33875037-f579-42ed-8aba-818a640c90d9,8,
63a8a520-1db1-43a5-8947-e1689715084d,bd05c441-949d-4c92-8af3-f322cc75f290,74429405-c801-4e71-87cd-1d726e8cd8f7,10,Sample English review 2526.
8ca415df-09e7-4b8c-9f8d-ad1fc76d2166,bd05c441-949d-4c92-8af3-f322cc75f290,1afd4484-49c1-4870-b60c-c754c4ce04d0,8,
f2c480f8-45bb-4f67-8033-3b2b1af84284,bd05c441-949d-4c92-8af3-f322cc75f290,81de516b-9d80-447a-a5f3-7f542dab2e6f,6,Sample English review 2528.
57f5646b-17ab-4ae5-a446-d967b82cf149,bd05c441-949d-4c92-8af3-f322cc75f290,3c16d474-f898-4cfe-b924-7c38bea20d5c,7,Sample English review 2529.
a1438cee-0fe8-4a01-a04d-97f77506d639,bd05c441-949d-4c92-8af3-f322cc75f290,f58f62f8-c6cd-4d19-adce-d4d1da14b149,2,Sample English review 2530.
e1c7f25c-c44b-4fba-86e8-c0419c8477e6,bd05c441-949d-4c92-8af3-f322cc75f290,677a4d7a-ae9b-4bdb-a72f-67f73eba99c7,10,Sample English review 2531.
bdf66dd4-ef19-4580-9f28-c7e2c3726d1d,bd05c441-949d-4c92-8af3-f322cc75f290,1444ba20-39ac-43a5-bccc-1cc41c2f03b1,8,Sample English review 2532.
af0c2d6c-f005-4018-a91f-0958860008e0,bd05c441-949d-4c92-8af3-f322cc75f290,5e77bfad-cca1-40e3-9460-368c94829eed,7,Sample English review 2533.
cae5ecc0-fae7-4f27-8bdd-3609da44235b,bd05c441-949d-4c92-8af3-f322cc75f290,7bd0bc4e-e14f-4f46-8e8b-d015a6b4ebc1,6,Sample English review 2534.
414c9ba4-b3c3-44aa-878b-1f1b384298d4,bd05c441-949d-4c92-8af3-f322cc75f290,6dc440b0-7d0d-4e8c-8dfa-aacb16c25536,8,Sample English review 2535.
974d15b8-58c9-412a-9627-3a39bc7ea0a3,bd05c441-949d-4c92-8af3-f322cc75f290,fd530ba8-7ae3-47c6-b384-a6b01df494cb,5,Sample English review 2536.
c6056218-1bbe-44a3-82fb-e7d7424f0cb1,bd05c441-949d-4c92-8af3-f322cc75f290,d01b25df-fe4a-4617-b8b9-ee0c60db6556,1,Sample English review 2537.
93903856-eb7b-47b6-8aa9-86392461d67a,bd05c441-949d-4c92-8af3-f322cc75f290,ecdbf5f6-ea6e-48ad-8cf1-165f8682b135,7,Sample English review 2538.
d541b9a8-0372-4dd8-a291-242a496d494d,bd05c441-949d-4c92-8af3-f322cc75f290,5fb1457b-691f-48fd-aeca-0103d0a88833,3,Sample English review 2539.
ed206765-dce6-477a-aa15-bf66af8c1229,bd05c441-949d-4c92-8af3-f322cc75f290,09dc474c-41e1-47c7-bd11-8bcc61aba3cc,5,Sample English review 2540.
96a357ba-10ad-4f47-90de-07bd25f51975,bd05c441-949d-4c92-8af3-f322cc75f290,0c6967ae-a4d8-4920-9d51-c7d95b61d752,7,Sample English review 2541.
b67c1a39-807a-4647-b7fe-71870ea7f4bb,bd05c441-949d-4c92-8af3-f322cc75f290,138aca2e-a48d-46a6-ac06-c902efe4fd18,8,
c2f770c1-45fa-4900-b173-9213e977836d,bd05c441-949d-4c92-8af3-f322cc75f290,ac393398-9266-4f9c-8a2d-d14ae2aa114e,8,Sample English review 2543.
374202d8-b4db-4a9b-bafa-f89f3e45db1f,bd05c441-949d-4c92-8af3-f322cc75f290,1b3bae68-e409-4055-a2c3-d5f42604c9b1,5,
070a1c9b-971b-4ba4-a2ce-79a790e5cf90,bd05c441-949d-4c92-8af3-f322cc75f290,09901650-fe76-4f18-9bf9-e24256f4909e,3,Sample English review 2545.
7797cb54-76f7-4243-ae5f-42cd35d4d1cd,0ee57ad5-8281-4147-aafa-62aeae49a00f,47632200-a702-4992-9f11-020d87c3aaed,7,
7800278b-0453-43b8-b492-c6c39274fa42,0ee57ad5-8281-4147-aafa-62aeae49a00f,4072477a-0e21-47ca-9a86-73f662b98398,9,Sample English review 2547.
625478f2-1c69-4a0c-8df1-b9206da258db,0ee57ad5-8281-4147-aafa-62aeae49a00f,cf58157c-eee8-4cb1-af62-820e7aadb847,4,Sample English review 2548.
34ab433d-c205-420f-816a-100f6e20bda6,0ee57ad5-8281-4147-aafa-62aeae49a00f,7338dd63-a1d1-4e74-9759-cd17bae3c0d8,7,Sample English review 2549.
68e11312-89b4-41e3-928b-6b6cb2c63031,0ee57ad5-8281-4147-aafa-62aeae49a00f,708f4f48-f883-4f49-97ee-2c0a91c249de,7,
3a05137e-c3cc-4d66-875f-b2733458edd0,0ee57ad5-8281-4147-aafa-62aeae49a00f,d9b9480a-a1e4-49d4-b8b5-a28a761924b7,7,Sample English review 2551.
4d3add99-5188-491b-9ea9-c64d5e886e06,950cc0da-c85a-462b-8d21-50f9424711aa,aa451009-5df5-4e3e-bce7-7ad1ac26b289,6,
fee66ab8-c63a-48c2-bf6c-78bb958a3125,950cc0da-c85a-462b-8d21-50f9424711aa,f58f62f8-c6cd-4d19-adce-d4d1da14b149,4,Sample English review 2553.
e8f920b6-7b01-40e5-8f80-93a83852c0e3,950cc0da-c85a-462b-8d21-50f9424711aa,8a99736e-dad6-489d-aa46-0ee02356e5fe,8,Sample English review 2554.
fbe25023-276f-4278-b954-43132aaa2a0a,950cc0da-c85a-462b-8d21-50f9424711aa,b51a7d8d-dbc7-426e-9013-dd2124a444bb,1,
b686b9f0-c403-4610-9d78-c8173be8f166,950cc0da-c85a-462b-8d21-50f9424711aa,6d0ed363-2c1a-43f7-958a-0e0cb6ea3e49,1,Sample English review 2556.
1e577eb7-3147-4729-889c-3c79d269d539,950cc0da-c85a-462b-8d21-50f9424711aa,09876245-335b-4ddd-bdbf-a33e23abc2fb,2,
a3ca61cd-b81b-4aaa-a00d-58ab9dc40c7f,950cc0da-c85a-462b-8d21-50f9424711aa,d01b25df-fe4a-4617-b8b9-ee0c60db6556,9,Sample English review 2558.
61aaf5f8-6c87-41fa-8908-edfc5ab4b5e4,950cc0da-c85a-462b-8d21-50f9424711aa,af3763b7-7954-464c-8287-33c652eaced6,5,Sample English review 2559.
453f5609-4d94-49a4-bb46-88beb112d7d7,950cc0da-c85a-462b-8d21-50f9424711aa,7bd0bc4e-e14f-4f46-8e8b-d015a6b4ebc1,3,Sample English review 2560.
b201a48a-5a58-4317-99cc-6fd84e906ef7,950cc0da-c85a-462b-8d21-50f9424711aa,fd530ba8-7ae3-47c6-b384-a6b01df494cb,1,Sample English review 2561.
1855a339-e79d-47ce-b442-f6138e5309e6,950cc0da-c85a-462b-8d21-50f9424711aa,9c0da375-3d5a-4608-b8c7-9e36139d6c33,7,Sample English review 2562.
b8a5d558-7e11-4014-89f8-708ec85efd47,950cc0da-c85a-462b-8d21-50f9424711aa,3c16d474-f898-4cfe-b924-7c38bea20d5c,7,
efb43941-f8cb-49e5-8093-87044aff8890,950cc0da-c85a-462b-8d21-50f9424711aa,708f4f48-f883-4f49-97ee-2c0a91c249de,9,Sample English review 2564.
c630eb97-9ac5-404d-8240-e857e647c5df,950cc0da-c85a-462b-8d21-50f9424711aa,47aa0eb4-151b-4307-b50f-cdd5a44970fd,2,Sample English review 2565.
39dd8bd0-4153-4e72-836d-c651da7051b7,950cc0da-c85a-462b-8d21-50f9424711aa,4072477a-0e21-47ca-9a86-73f662b98398,10,Sample English review 2566.
351a285f-31a9-42b2-ab24-8ceab5fd5808,950cc0da-c85a-462b-8d21-50f9424711aa,34e41375-9db2-4e92-9f7d-76f36353f4e6,7,
f8094cb8-60f9-4609-ae69-706ccea86fe6,c8283f35-7e08-49dd-a178-278ff0858698,3844a965-19f9-41ec-9515-28393113f8c8,4,Sample English review 2568.
00642211-b2a4-4aac-a8e0-f6da888d51a6,c8283f35-7e08-49dd-a178-278ff0858698,c3820118-4994-4049-8719-6d71466870fe,9,Sample English review 2569.
f86e039e-52ef-4370-ad9e-66c3c4f40a81,c8283f35-7e08-49dd-a178-278ff0858698,cb55c939-b208-4183-9cac-dc086cdad4ea,2,Sample English review 2570.
29d221e5-047a-4b8e-a979-dd64321834cb,c8283f35-7e08-49dd-a178-278ff0858698,6dc440b0-7d0d-4e8c-8dfa-aacb16c25536,7,
bea051bb-fe3f-4774-a740-66d08a342557,c8283f35-7e08-49dd-a178-278ff0858698,979d4dea-2a55-46c2-a9d1-95d1bd7fab87,5,Sample English review 2572.
67e38ab2-cb99-40d3-a40a-f854649e2134,c8283f35-7e08-49dd-a178-278ff0858698,3e78c42e-79c6-46a5-84ba-afca64de824b,2,Sample English review 2573.
6acb3daa-8d8a-4570-bd8e-f41fa38d2bea,9f5b9142-5e57-4282-bcde-a828266a865a,d9b9480a-a1e4-49d4-b8b5-a28a761924b7,5,Sample English review 2574.
fdf01e1c-ee4a-4e6e-af49-3ab3d2ef9d74,9f5b9142-5e57-4282-bcde-a828266a865a,a3128f74-4fcf-4cae-b2db-d585516780d1,10,Sample English review 2575.
13d78b72-aa5b-44c9-9ce9-429ebd6815bd,9f5b9142-5e57-4282-bcde-a828266a865a,5597d267-e508-4a43-8244-f8ec9fdecae4,5,Sample English review 2576.
c9bc2cd9-cc97-4bea-81f2-330de8aeb015,9f5b9142-5e57-4282-bcde-a828266a865a,9c0da375-3d5a-4608-b8c7-9e36139d6c33,2,Sample English review 2577.
c4b77a8d-0324-4e03-a0a2-f9ebc8cf2481,9f5b9142-5e57-4282-bcde-a828266a865a,c3820118-4994-4049-8719-6d71466870fe,4,
25f6242e-dd11-4dd4-804c-8c210384c4a0,9f5b9142-5e57-4282-bcde-a828266a865a,8a99736e-dad6-489d-aa46-0ee02356e5fe,3,
3be1e70f-7525-4deb-90ef-e3c0591092e1,a98105f0-85fb-45ae-bba6-b6e13108e055,4ad5c73a-5c99-4e98-9d90-0e03b0986909,4,Sample English review 2580.
9f931540-6665-4550-9607-a9590378a201,a98105f0-85fb-45ae-bba6-b6e13108e055,67d8b4ad-4640-43f2-9c53-6b4929f30103,8,
16e3c239-3510-4447-b1ab-a65c3b11af6f,a98105f0-85fb-45ae-bba6-b6e13108e055,9b151d62-177e-4736-b8e5-6cf69170f9dc,8,Sample English review 2582.
b8d147ea-500e-4b52-b1fd-d718f53c4a15,a98105f0-85fb-45ae-bba6-b6e13108e055,3844a965-19f9-41ec-9515-28393113f8c8,4,Sample English review 2583.
4487fdca-c5d0-4214-b243-19a6f372be2b,a98105f0-85fb-45ae-bba6-b6e13108e055,fd530ba8-7ae3-47c6-b384-a6b01df494cb,2,Sample English review 2584.
fcfced1c-10c2-42a7-b3a5-5c39a1c32b38,a98105f0-85fb-45ae-bba6-b6e13108e055,05de5279-613f-4b9e-b38d-1e4203d75c1a,6,Sample English review 2585.
1edacfd4-e675-4e6f-bc91-37c093cd618c,a98105f0-85fb-45ae-bba6-b6e13108e055,09876245-335b-4ddd-bdbf-a33e23abc2fb,4,Sample English review 2586.
7db4f84e-f3b4-4885-ac71-d3bec35a99bd,a98105f0-85fb-45ae-bba6-b6e13108e055,dac8e4dd-9f17-46ef-9865-5e025b74bf9a,4,Sample English review 2587.
bdb08019-9a2a-4c2d-9beb-7228799fdce1,a98105f0-85fb-45ae-bba6-b6e13108e055,1b3bae68-e409-4055-a2c3-d5f42604c9b1,1,Sample English review 2588.
5997e19d-03b1-4351-9775-6b7783f0f85e,a98105f0-85fb-45ae-bba6-b6e13108e055,6358f21d-d22d-4f6c-b15e-7a1b7ba90800,10,
91a256f7-8643-41e9-9724-1400fbbb4ba3,a98105f0-85fb-45ae-bba6-b6e13108e055,979d4dea-2a55-46c2-a9d1-95d1bd7fab87,1,Sample English review 2590.
3e0f4cd0-c688-4a42-91c3-915d9e8f0e52,a98105f0-85fb-45ae-bba6-b6e13108e055,8ff07004-cedb-4c53-a5dd-a034c6073f8e,9,Sample English review 2591.
94698d41-6bb7-4c28-a9a4-36327fd3e471,a98105f0-85fb-45ae-bba6-b6e13108e055,37887751-4d47-4e5c-98fd-9fa0dc90314c,8,
6618360e-82bf-4e71-9726-43d2dec69582,a98105f0-85fb-45ae-bba6-b6e13108e055,e52406b3-6af5-42dc-a087-fe3f73c2cb30,9,
f8fd2092-9a42-4381-83f6-b61b23601461,a98105f0-85fb-45ae-bba6-b6e13108e055,47632200-a702-4992-9f11-020d87c3aaed,1,Sample English review 2594.
862bc667-9867-4c02-95da-dc4ab858003f,a98105f0-85fb-45ae-bba6-b6e13108e055,e9774607-8354-4ac8-adcf-f72a1716c51b,10,Sample English review 2595.
b260ee9a-ee1e-405c-a00a-09e2b6d2a9fe,a98105f0-85fb-45ae-bba6-b6e13108e055,c3820118-4994-4049-8719-6d71466870fe,9,Sample English review 2596.
16112818-d59f-435a-8feb-fc3038504494,a98105f0-85fb-45ae-bba6-b6e13108e055,08c2602d-87d3-4851-b7fb-2bad244b5357,3,Sample English review 2597.
68f79dc1-5b5a-4ec1-bc42-6b3e4e90b8a2,a98105f0-85fb-45ae-bba6-b6e13108e055,2d56957e-9087-4750-8598-9d99f1933845,7,Sample English review 2598.
9d8c1493-8351-4b88-92c9-160799d0ac42,a98105f0-85fb-45ae-bba6-b6e13108e055,09901650-fe76-4f18-9bf9-e24256f4909e,2,Sample English review 2599.
1ff4f419-769a-42c1-a8c1-6e87cfd8b476,a98105f0-85fb-45ae-bba6-b6e13108e055,8a99736e-dad6-489d-aa46-0ee02356e5fe,10,
3671819a-9b18-4754-a9a6-32ccf5850844,a98105f0-85fb-45ae-bba6-b6e13108e055,0c6967ae-a4d8-4920-9d51-c7d95b61d752,10,Sample English review 2601.
396f4b29-b0b9-4357-aa0e-5d6e892e3aa6,5ece79c5-dd0a-4a89-8623-5a206546fe23,138aca2e-a48d-46a6-ac06-c902efe4fd18,4,Sample English review 2602.
24047533-d6bd-4b0c-b5d3-71f9937a4f31,5ece79c5-dd0a-4a89-8623-5a206546fe23,77ae4c44-0946-4323-afdc-9932fc01f4c6,8,Sample English review 2603.
a30035cd-b6db-440d-8abc-c2841efeec0f,5ece79c5-dd0a-4a89-8623-5a206546fe23,9b151d62-177e-4736-b8e5-6cf69170f9dc,7,Sample English review 2604.
7f3261e3-bce9-4cc3-882f-8f18ae24dafc,5ece79c5-dd0a-4a89-8623-5a206546fe23,6dc440b0-7d0d-4e8c-8dfa-aacb16c25536,7,Sample English review 2605.
d6d2537a-bfa8-436c-be2c-56c68d1d7f32,5ece79c5-dd0a-4a89-8623-5a206546fe23,425035ef-0093-422c-a760-2740c95f4457,3,Sample English review 2606.
9c01ae6e-d9c3-4a26-9c25-aa367d417468,5ece79c5-dd0a-4a89-8623-5a206546fe23,1f2f5550-69ee-4ec3-82d2-d6cf2d0fc05c,10,
83aaa907-af40-44a9-949a-608e830f25e1,5ece79c5-dd0a-4a89-8623-5a206546fe23,427354fb-8736-4fd4-9ea1-30b98d1974e7,7,Sample English review 2608.
b7545683-6f14-4512-b8a9-120eba6fccf6,5ece79c5-dd0a-4a89-8623-5a206546fe23,1afd4484-49c1-4870-b60c-c754c4ce04d0,9,Sample English review 2609.
326d87b4-f33e-4330-8c93-214e8587e021,5ece79c5-dd0a-4a89-8623-5a206546fe23,ac393398-9266-4f9c-8a2d-d14ae2aa114e,2,
7c835eb7-9579-47a9-b6be-941cc5cad8dc,f5520b0c-d82d-416e-8a95-0cd6d1473e4c,99f8ef2d-c0e8-4290-83a6-b460677b198d,7,Sample English review 2611.
1d875984-f50d-406b-9caa-d7787f543e27,f5520b0c-d82d-416e-8a95-0cd6d1473e4c,ac393398-9266-4f9c-8a2d-d14ae2aa114e,8,Sample English review 2612.
5b8d93ad-465e-4fca-896d-eb580176c7a8,f5520b0c-d82d-416e-8a95-0cd6d1473e4c,d9b9480a-a1e4-49d4-b8b5-a28a761924b7,4,
b1bef0a3-daf3-4cd8-8df6-8726e3e4d16b,f5520b0c-d82d-416e-8a95-0cd6d1473e4c,2c417aef-cf61-4d18-ae06-06ba2317f36f,4,Sample English review 2614.
3bd98b47-c5d2-44ad-bd8d-d1b70e096346,f5520b0c-d82d-416e-8a95-0cd6d1473e4c,b3bb325c-6f93-4946-9d94-ca835b5be056,1,Sample English review 2615.
2674d1b1-fec1-4cd9-b320-03ab76ca33d2,f5520b0c-d82d-416e-8a95-0cd6d1473e4c,9008a579-51a2-4cde-80db-8e277bfd15c0,2,Sample English review 2616.
fd6f7512-591d-429f-92b6-6f0f717c5a97,f5520b0c-d82d-416e-8a95-0cd6d1473e4c,677a4d7a-ae9b-4bdb-a72f-67f73eba99c7,8,Sample English review 2617.
2ffa611e-c921-4ceb-9c5c-0023a0c67cd2,f5520b0c-d82d-416e-8a95-0cd6d1473e4c,009bae3f-9085-415e-81bf-b86503fa9115,1,
20cfd553-b626-4286-9762-2d91d3cd9b06,f5520b0c-d82d-416e-8a95-0cd6d1473e4c,08c2602d-87d3-4851-b7fb-2bad244b5357,7,Sample English review 2619.
a1534bab-3cf9-4bb7-a322-153236c137ea,f5520b0c-d82d-416e-8a95-0cd6d1473e4c,81de516b-9d80-447a-a5f3-7f542dab2e6f,2,Sample English review 2620.
6eac2348-f915-4864-a391-399445510ae9,f5520b0c-d82d-416e-8a95-0cd6d1473e4c,fd530ba8-7ae3-47c6-b384-a6b01df494cb,6,Sample English review 2621.
925079e6-4ca0-4bb6-9e96-b4c02af7a2a7,731be539-9890-46ea-93cd-f71f13bde026,6d0ed363-2c1a-43f7-958a-0e0cb6ea3e49,8,Sample English review 2622.
d6966531-146c-4812-a4f5-320d6f5408b6,731be539-9890-46ea-93cd-f71f13bde026,33875037-f579-42ed-8aba-818a640c90d9,7,Sample English review 2623.
bafbfd3c-118f-41d9-833f-dee76aa0920b,731be539-9890-46ea-93cd-f71f13bde026,23855b90-cb3b-4533-a756-bab9bb81426e,2,Sample English review 2624.
945b5163-1605-4411-817b-fe0d14cc4d12,731be539-9890-46ea-93cd-f71f13bde026,009bae3f-9085-415e-81bf-b86503fa9115,2,Sample English review 2625.
21bced2f-4e55-441b-b27d-699e795ad1ab,731be539-9890-46ea-93cd-f71f13bde026,502dde18-86e1-4b5c-88c2-8010d067ede7,10,
b0821f83-316e-4a64-8a6a-4026204f4298,731be539-9890-46ea-93cd-f71f13bde026,af3763b7-7954-464c-8287-33c652eaced6,4,Sample English review 2627.
070e53b0-d3ff-4e51-ac42-0c2024a5e9c5,731be539-9890-46ea-93cd-f71f13bde026,1aa28ea9-5df1-4ce1-a2db-7524bfcfd4ee,9,Sample English review 2628.
01b70bab-1c20-4f2b-b073-76a04be7c501,38347640-bb61-4cc1-bd35-12fffca8da75,722c5ad2-9175-4d47-9f8a-d10e496d97f8,10,Sample English review 2629.
4dae5ce4-cb5d-4507-8c37-73440200bd16,38347640-bb61-4cc1-bd35-12fffca8da75,ecab2181-cb9d-42f7-b110-65986cef6204,8,Sample English review 2630.
337d5866-a113-42c7-b1dc-17ba0a55cbcc,38347640-bb61-4cc1-bd35-12fffca8da75,77ae4c44-0946-4323-afdc-9932fc01f4c6,5,Sample English review 2631.
df0d2684-b4f3-4975-82cd-a310e3f0cfe1,38347640-bb61-4cc1-bd35-12fffca8da75,3e78c42e-79c6-46a5-84ba-afca64de824b,10,Sample English review 2632.
9604f460-ac58-4bdc-b18a-b366d0d2df26,38347640-bb61-4cc1-bd35-12fffca8da75,0eda6729-995b-43a0-9a17-b89035543c47,5,Sample English review 2633.
48948c33-988b-4def-b705-5231d9256e9c,38347640-bb61-4cc1-bd35-12fffca8da75,3ea805cf-d96a-4098-9682-f85f57267e43,8,Sample English review 2634.
88a36787-7e75-483d-a04d-63529b211625,38347640-bb61-4cc1-bd35-12fffca8da75,8ff07004-cedb-4c53-a5dd-a034c6073f8e,5,Sample English review 2635.
2fbf094d-5ec4-4d69-9b87-81809697707e,38347640-bb61-4cc1-bd35-12fffca8da75,3c16d474-f898-4cfe-b924-7c38bea20d5c,1,Sample English review 2636.
58a29877-0ec3-4c9b-bd71-735d04de9ea3,38347640-bb61-4cc1-bd35-12fffca8da75,7c01f309-b5b4-4962-843f-9698ce3ede17,3,Sample English review 2637.
22094a02-24c4-406d-8091-937b3183c890,38347640-bb61-4cc1-bd35-12fffca8da75,9008a579-51a2-4cde-80db-8e277bfd15c0,10,
db7ebdb7-5062-4b1c-96a4-3052225a232c,38347640-bb61-4cc1-bd35-12fffca8da75,6358f21d-d22d-4f6c-b15e-7a1b7ba90800,4,
4be657ca-becd-4f1b-9cb1-2c5b96a8b642,38347640-bb61-4cc1-bd35-12fffca8da75,d9b9480a-a1e4-49d4-b8b5-a28a761924b7,10,
cfdfdd20-37f0-479c-a121-ec332c7f0242,38347640-bb61-4cc1-bd35-12fffca8da75,6dc440b0-7d0d-4e8c-8dfa-aacb16c25536,9,Sample English review 2641.
e3b5c9a6-8b18-4674-b323-466af83e7582,38347640-bb61-4cc1-bd35-12fffca8da75,2d56957e-9087-4750-8598-9d99f1933845,9,Sample English review 2642.
53d7b7ec-cc6b-4a49-83db-0add6098e82d,38347640-bb61-4cc1-bd35-12fffca8da75,f58f62f8-c6cd-4d19-adce-d4d1da14b149,10,Sample English review 2643.
c81e5a86-a5a0-4f5f-8f3a-449d7a0e24ed,38347640-bb61-4cc1-bd35-12fffca8da75,dac8e4dd-9f17-46ef-9865-5e025b74bf9a,5,Sample English review 2644.
5047c2d3-3eff-4a2a-81a2-b2abd12ae653,38347640-bb61-4cc1-bd35-12fffca8da75,62531f1e-00a6-4fce-ab03-320c8c0852e8,5,
c697ae06-fdb3-4fe9-913f-abcc2d60804f,dcedf6de-fe96-426b-9d3e-585a7559e4b8,7c01f309-b5b4-4962-843f-9698ce3ede17,2,Sample English review 2646.
582484e0-2ca1-4d1b-bab8-629009c022f8,dcedf6de-fe96-426b-9d3e-585a7559e4b8,9008a579-51a2-4cde-80db-8e277bfd15c0,4,Sample English review 2647.
aa975317-623b-492f-b564-6e2d40b6ad1a,dcedf6de-fe96-426b-9d3e-585a7559e4b8,47ae8c16-2d72-4c6b-8a12-3dac47db6ed7,6,Sample English review 2648.
5150e517-88fb-46a0-b11d-46bc5205d8c1,dcedf6de-fe96-426b-9d3e-585a7559e4b8,d9b9480a-a1e4-49d4-b8b5-a28a761924b7,1,Sample English review 2649.
fac9e121-916b-46b9-a177-561edd8b5026,dcedf6de-fe96-426b-9d3e-585a7559e4b8,afc8c392-95b3-4506-8d6c-719f96692939,2,Sample English review 2650.
db65f72e-d24c-42b4-bbb6-b536e51590d3,dcedf6de-fe96-426b-9d3e-585a7559e4b8,37887751-4d47-4e5c-98fd-9fa0dc90314c,6,
c8a2e54e-bcbf-4b01-a1d4-e74b752786fb,dcedf6de-fe96-426b-9d3e-585a7559e4b8,502dde18-86e1-4b5c-88c2-8010d067ede7,3,
4997e8c7-d29d-4d3c-ae8f-55ed4be3897e,dcedf6de-fe96-426b-9d3e-585a7559e4b8,e52406b3-6af5-42dc-a087-fe3f73c2cb30,6,Sample English review 2653.
cd0ac109-4c2e-41f7-9d42-fd0a6ff13d78,dcedf6de-fe96-426b-9d3e-585a7559e4b8,ccda4639-3814-4892-99ea-7aa00cd42d49,10,Sample English review 2654.
de0815a4-0d3c-454e-8661-8748d4751105,f09ab45d-067c-4efe-b315-dc213e58dd0d,99f6f5c3-1cb9-4fe1-ab1a-aa9c1d16dbd0,10,Sample English review 2655.
614cb77e-5e1d-423c-b434-82ec8b7f45c8,f09ab45d-067c-4efe-b315-dc213e58dd0d,aa451009-5df5-4e3e-bce7-7ad1ac26b289,10,Sample English review 2656.
d348454f-0460-470d-864d-c762200b1b55,f09ab45d-067c-4efe-b315-dc213e58dd0d,3c16d474-f898-4cfe-b924-7c38bea20d5c,8,Sample English review 2657.
8bb4fa99-9f49-4416-be61-c1c5e73438d8,f09ab45d-067c-4efe-b315-dc213e58dd0d,7c08735f-311c-4060-9637-87bee6bf9673,7,Sample English review 2658.
3540b031-e039-4a83-aee8-51c35a6106f8,f09ab45d-067c-4efe-b315-dc213e58dd0d,47632200-a702-4992-9f11-020d87c3aaed,8,Sample English review 2659.
f45ca8b8-2ea8-4a75-87de-aad709b020f4,f09ab45d-067c-4efe-b315-dc213e58dd0d,9bc42e46-67c9-447f-be78-4ae50e491d93,8,Sample English review 2660.
ed397dc7-3876-4b83-b845-8b73101141e0,9d0d0ea7-8b62-497a-b1fb-c48205aeb5a9,708f4f48-f883-4f49-97ee-2c0a91c249de,6,Sample English review 2661.
ed53c4c0-c1b1-4f5c-a038-4d080fbbd088,9d0d0ea7-8b62-497a-b1fb-c48205aeb5a9,85bbf311-5929-482a-a259-21f783c36c59,2,Sample English review 2662.
0a309141-f42d-4436-85b3-17849e9c3a60,9d0d0ea7-8b62-497a-b1fb-c48205aeb5a9,1444ba20-39ac-43a5-bccc-1cc41c2f03b1,8,
ff4913f7-6665-41f5-95df-92c548a16326,9d0d0ea7-8b62-497a-b1fb-c48205aeb5a9,ecab2181-cb9d-42f7-b110-65986cef6204,1,
c836ecc1-6e1c-4bbc-885a-98b1badc30f3,9d0d0ea7-8b62-497a-b1fb-c48205aeb5a9,24ce7888-3716-43b8-9d28-4239e17abe25,1,Sample English review 2665.
37a2e622-5e4b-4cc9-a553-9b4f4d4c8b89,9d0d0ea7-8b62-497a-b1fb-c48205aeb5a9,2fd567ca-8efe-4948-bebd-a1a56f976d42,8,
ae81ad01-fcd1-4f91-bbba-e41581c99646,9d0d0ea7-8b62-497a-b1fb-c48205aeb5a9,1b7592f5-0e3c-4c80-b5a2-4bd6f1157cba,8,Sample English review 2667.
263b5197-bd23-4513-b668-c8e921835429,9d0d0ea7-8b62-497a-b1fb-c48205aeb5a9,138aca2e-a48d-46a6-ac06-c902efe4fd18,6,
668735ee-ab9a-489b-96d2-85ff821ebd57,9d0d0ea7-8b62-497a-b1fb-c48205aeb5a9,425035ef-0093-422c-a760-2740c95f4457,4,Sample English review 2669.
da5312be-ffcc-405e-bad1-27e7f2f431a7,9d0d0ea7-8b62-497a-b1fb-c48205aeb5a9,e994bf32-d050-4e52-b334-5b6074b2a959,10,Sample English review 2670.
9ef55ca7-4f2c-451c-9081-cd5edc0d38dd,9d0d0ea7-8b62-497a-b1fb-c48205aeb5a9,009bae3f-9085-415e-81bf-b86503fa9115,1,Sample English review 2671.
a30e4a8e-2c6c-4e61-a726-dd9f670b2379,9d0d0ea7-8b62-497a-b1fb-c48205aeb5a9,7bd0bc4e-e14f-4f46-8e8b-d015a6b4ebc1,10,Sample English review 2672.
8479bbab-32b4-4e79-9f91-c553fec0d224,9d0d0ea7-8b62-497a-b1fb-c48205aeb5a9,e9774607-8354-4ac8-adcf-f72a1716c51b,5,Sample English review 2673.
44d908f9-28da-4d48-b10a-2b11777067cb,a25c4a42-6f1b-444d-9be9-edbc53727d45,5e77bfad-cca1-40e3-9460-368c94829eed,3,
d84c5b61-b3d9-4ba4-831f-9bdad5df136f,a25c4a42-6f1b-444d-9be9-edbc53727d45,d51ce7b5-dd79-4d62-93c4-4a7cff3d22e3,2,Sample English review 2675.
68dd8944-0ddf-4292-978a-fd4b14aa4ca8,a25c4a42-6f1b-444d-9be9-edbc53727d45,5597d267-e508-4a43-8244-f8ec9fdecae4,7,Sample English review 2676.
730da42d-60ff-41b8-95a0-2ac6ce0abbfc,a25c4a42-6f1b-444d-9be9-edbc53727d45,b3bb325c-6f93-4946-9d94-ca835b5be056,3,Sample English review 2677.
75154757-56e4-4006-b0f6-41761f7c7043,a25c4a42-6f1b-444d-9be9-edbc53727d45,3ea805cf-d96a-4098-9682-f85f57267e43,9,
c200226e-d81a-4fb6-b6da-3cc16cbbef86,a25c4a42-6f1b-444d-9be9-edbc53727d45,24ce7888-3716-43b8-9d28-4239e17abe25,10,Sample English review 2679.
23ed5c17-4217-457f-9880-94434928ce27,a25c4a42-6f1b-444d-9be9-edbc53727d45,4ad5c73a-5c99-4e98-9d90-0e03b0986909,5,Sample English review 2680.
c0088166-ef5f-4aeb-ae0b-da25e7327ed5,a25c4a42-6f1b-444d-9be9-edbc53727d45,708f4f48-f883-4f49-97ee-2c0a91c249de,4,
149d15fe-cf2d-4418-8042-92c46217e2b6,a25c4a42-6f1b-444d-9be9-edbc53727d45,0db8d5e2-1888-4d9f-a451-2f6e2a3e0f7d,7,
03a16bfc-97f2-41b1-99aa-e201ba3d2908,a25c4a42-6f1b-444d-9be9-edbc53727d45,23855b90-cb3b-4533-a756-bab9bb81426e,8,Sample English review 2683.
0b3e14a3-0d45-4950-8492-9a7700f60643,a25c4a42-6f1b-444d-9be9-edbc53727d45,5fb1457b-691f-48fd-aeca-0103d0a88833,4,Sample English review 2684.
4cda415e-850c-4e95-bac3-49896a377da6,a25c4a42-6f1b-444d-9be9-edbc53727d45,f4fa3e26-130b-42f5-8e08-2d4f884e080d,2,
aecc8e92-8673-4c3e-ba08-80f240b53861,a25c4a42-6f1b-444d-9be9-edbc53727d45,7c08735f-311c-4060-9637-87bee6bf9673,3,Sample English review 2686.
e3a295ed-909b-44d8-b85b-a6c3bdfe173e,a25c4a42-6f1b-444d-9be9-edbc53727d45,47aa0eb4-151b-4307-b50f-cdd5a44970fd,5,
640d080e-7533-48ae-b184-3caf7f99c60e,a25c4a42-6f1b-444d-9be9-edbc53727d45,677a4d7a-ae9b-4bdb-a72f-67f73eba99c7,10,Sample English review 2688.
635ccd50-9f00-49a9-881a-6a40239dbcfc,a25c4a42-6f1b-444d-9be9-edbc53727d45,1f2f5550-69ee-4ec3-82d2-d6cf2d0fc05c,1,
3c054061-8c3d-4ba6-ab7a-612e86fa63f6,a25c4a42-6f1b-444d-9be9-edbc53727d45,f9a7e8ba-2326-4fd7-b228-98060197c4f6,5,Sample English review 2690.
af7fbac0-8540-4c8e-80fe-7fe9d5557a3a,a25c4a42-6f1b-444d-9be9-edbc53727d45,dac8e4dd-9f17-46ef-9865-5e025b74bf9a,7,
1e041086-ba63-4a08-8bed-b46b24726fd0,a25c4a42-6f1b-444d-9be9-edbc53727d45,d01b25df-fe4a-4617-b8b9-ee0c60db6556,1,Sample English review 2692.
dd0c8c7a-ebca-4280-8db0-767a74e14088,e67acbe0-862b-4d78-9853-2432a1158efb,0eda6729-995b-43a0-9a17-b89035543c47,1,
c5dd3237-16ac-4393-b511-9bb050024e5c,e67acbe0-862b-4d78-9853-2432a1158efb,2c417aef-cf61-4d18-ae06-06ba2317f36f,9,
26bdd038-fb68-4885-95f5-eb2a1c90ec8d,e67acbe0-862b-4d78-9853-2432a1158efb,09876245-335b-4ddd-bdbf-a33e23abc2fb,4,
93d1ae26-3ca4-45c0-a671-55b9705c5404,e6bccf09-8157-43ad-b0f3-94fb956f7eb1,23855b90-cb3b-4533-a756-bab9bb81426e,8,Sample English review 2696.
aef260a5-0f9a-4b1e-8b65-5531fbb0541b,e6bccf09-8157-43ad-b0f3-94fb956f7eb1,62531f1e-00a6-4fce-ab03-320c8c0852e8,7,Sample English review 2697.
480db7c6-5763-476e-8f70-05756d6c877c,e6bccf09-8157-43ad-b0f3-94fb956f7eb1,3ea805cf-d96a-4098-9682-f85f57267e43,1,Sample English review 2698.
2b889536-3872-4287-ba7c-de585bef20fe,e6bccf09-8157-43ad-b0f3-94fb956f7eb1,69a62e24-d225-4d89-94b5-ae7f906b57dc,2,Sample English review 2699.
1a65f6de-a454-4b12-989c-32d230c1aa1e,e6bccf09-8157-43ad-b0f3-94fb956f7eb1,afc8c392-95b3-4506-8d6c-719f96692939,9,Sample English review 2700.
ac625ada-a693-4a7e-9a5c-cbec3f94449c,e6bccf09-8157-43ad-b0f3-94fb956f7eb1,0c6967ae-a4d8-4920-9d51-c7d95b61d752,4,
f61d4334-efa8-4d6c-9ff8-9dbb643ed0f5,e6bccf09-8157-43ad-b0f3-94fb956f7eb1,09dc474c-41e1-47c7-bd11-8bcc61aba3cc,2,Sample English review 2702.
fd103123-6fd3-4a88-8057-9dcce15f52a8,e6bccf09-8157-43ad-b0f3-94fb956f7eb1,708f4f48-f883-4f49-97ee-2c0a91c249de,1,Sample English review 2703.
0d770ab7-8e47-4de9-98bd-e03838b59455,e6bccf09-8157-43ad-b0f3-94fb956f7eb1,ebaef81b-0f73-4e06-bb20-5ef173be29af,2,
6f54ffb1-190b-4a15-81bb-261b5fde79e1,e6bccf09-8157-43ad-b0f3-94fb956f7eb1,8ff07004-cedb-4c53-a5dd-a034c6073f8e,1,Sample English review 2705.
f4d11996-603f-4d98-81f6-8702ee4a721c,e6bccf09-8157-43ad-b0f3-94fb956f7eb1,009bae3f-9085-415e-81bf-b86503fa9115,10,Sample English review 2706.
8db95ffa-6fd9-423e-b10a-c949c4cb868c,e6bccf09-8157-43ad-b0f3-94fb956f7eb1,24ce7888-3716-43b8-9d28-4239e17abe25,6,Sample English review 2707.
a383df50-bb2a-4b66-96ce-e836df080d22,e6bccf09-8157-43ad-b0f3-94fb956f7eb1,9b151d62-177e-4736-b8e5-6cf69170f9dc,6,Sample English review 2708.
959ab50a-c0df-40b5-9a84-fe0c5e09c6a2,e6bccf09-8157-43ad-b0f3-94fb956f7eb1,f58f62f8-c6cd-4d19-adce-d4d1da14b149,4,Sample English review 2709.
ef3a0a7a-cca6-4051-83a4-e03b78b69e85,e6bccf09-8157-43ad-b0f3-94fb956f7eb1,c3820118-4994-4049-8719-6d71466870fe,3,Sample English review 2710.
953a9bd5-5d5f-4dd1-bf3e-ab8083ed352a,e6bccf09-8157-43ad-b0f3-94fb956f7eb1,1aa28ea9-5df1-4ce1-a2db-7524bfcfd4ee,10,Sample English review 2711.
2ffca449-9988-44de-a6dd-e841be1ab86a,e6bccf09-8157-43ad-b0f3-94fb956f7eb1,4ad5c73a-5c99-4e98-9d90-0e03b0986909,6,Sample English review 2712.
ee33f998-2825-48a1-bda6-43aa29d1dcc5,e6bccf09-8157-43ad-b0f3-94fb956f7eb1,d51ce7b5-dd79-4d62-93c4-4a7cff3d22e3,7,
16fffd4a-fbe6-4944-97de-f020cc675edc,e6bccf09-8157-43ad-b0f3-94fb956f7eb1,74429405-c801-4e71-87cd-1d726e8cd8f7,10,Sample English review 2714.
b0d7bd47-6c31-41e6-a590-c34173019287,e6bccf09-8157-43ad-b0f3-94fb956f7eb1,99f6f5c3-1cb9-4fe1-ab1a-aa9c1d16dbd0,1,Sample English review 2715.
e4f6375f-6425-498d-9e3a-56b7b75621a9,1f8d8532-4ceb-4860-a651-e6ef6472ea4f,05de5279-613f-4b9e-b38d-1e4203d75c1a,7,Sample English review 2716.
d1e2824f-beb0-4643-99ab-1ea4422222f5,1f8d8532-4ceb-4860-a651-e6ef6472ea4f,1f2f5550-69ee-4ec3-82d2-d6cf2d0fc05c,5,Sample English review 2717.
40c8b354-2a6b-4b40-b74d-de02de5e9596,1f8d8532-4ceb-4860-a651-e6ef6472ea4f,0db8d5e2-1888-4d9f-a451-2f6e2a3e0f7d,1,Sample English review 2718.
44cd2fa9-c7ec-4c96-bb0c-0ccd433471bf,1f8d8532-4ceb-4860-a651-e6ef6472ea4f,708f4f48-f883-4f49-97ee-2c0a91c249de,4,Sample English review 2719.
46d642e2-c51d-46d9-9f58-8560f00b54c3,1f8d8532-4ceb-4860-a651-e6ef6472ea4f,1afd4484-49c1-4870-b60c-c754c4ce04d0,3,Sample English review 2720.
b115d01f-70f3-4ed2-8d60-2de780f4f703,1f8d8532-4ceb-4860-a651-e6ef6472ea4f,37887751-4d47-4e5c-98fd-9fa0dc90314c,7,Sample English review 2721.
73136545-71a3-44a4-b1c8-71197b1f643d,1f8d8532-4ceb-4860-a651-e6ef6472ea4f,4ad5c73a-5c99-4e98-9d90-0e03b0986909,6,Sample English review 2722.
1c829fd3-e731-4d80-8766-53ca3c348fa2,1f8d8532-4ceb-4860-a651-e6ef6472ea4f,47aa0eb4-151b-4307-b50f-cdd5a44970fd,7,Sample English review 2723.
c6974875-ac86-4e8e-ace0-5a022bbc9a80,1f8d8532-4ceb-4860-a651-e6ef6472ea4f,d51ce7b5-dd79-4d62-93c4-4a7cff3d22e3,6,Sample English review 2724.
525b838b-24c1-4112-b2d7-6cf4f08b1a4e,1f8d8532-4ceb-4860-a651-e6ef6472ea4f,9dae46b7-7f1a-4d67-b808-9e9c1b622d6c,8,Sample English review 2725.
b00370e7-a638-4468-8526-0f1a6ca1c8dc,1f8d8532-4ceb-4860-a651-e6ef6472ea4f,6358f21d-d22d-4f6c-b15e-7a1b7ba90800,10,Sample English review 2726.
fb6cf749-dcc8-4501-a598-063d96b09326,1f8d8532-4ceb-4860-a651-e6ef6472ea4f,33875037-f579-42ed-8aba-818a640c90d9,10,
27c4dde7-23a5-4c38-86b1-6d13d4d2e5fb,1f8d8532-4ceb-4860-a651-e6ef6472ea4f,ebaef81b-0f73-4e06-bb20-5ef173be29af,9,Sample English review 2728.
42a3fb07-13a8-4a0a-abd3-ef91289e353c,1f8d8532-4ceb-4860-a651-e6ef6472ea4f,9bc42e46-67c9-447f-be78-4ae50e491d93,7,Sample English review 2729.
bec0b801-09bc-43e4-b0db-11c3f9f12111,1f8d8532-4ceb-4860-a651-e6ef6472ea4f,ecab2181-cb9d-42f7-b110-65986cef6204,9,
71e65fe9-3788-4734-927e-55027c37ce95,1f8d8532-4ceb-4860-a651-e6ef6472ea4f,6dc440b0-7d0d-4e8c-8dfa-aacb16c25536,8,Sample English review 2731.
9f95137c-875f-42d8-b53b-a59a6262c402,1f8d8532-4ceb-4860-a651-e6ef6472ea4f,7c08735f-311c-4060-9637-87bee6bf9673,3,
ad0b07f5-a502-43da-a07c-df6d7cf87a31,1f8d8532-4ceb-4860-a651-e6ef6472ea4f,2c417aef-cf61-4d18-ae06-06ba2317f36f,9,Sample English review 2733.
b4a6611d-b057-4341-a94e-ff42e48dbb96,d742f7b9-eee2-4487-a720-96228425c05c,1aa28ea9-5df1-4ce1-a2db-7524bfcfd4ee,4,
80f2250d-dbd3-43b8-a054-59fd3e657386,d742f7b9-eee2-4487-a720-96228425c05c,b51a7d8d-dbc7-426e-9013-dd2124a444bb,3,
727e9725-1925-42b6-b366-6b5cfcb0f5cf,d742f7b9-eee2-4487-a720-96228425c05c,99f8ef2d-c0e8-4290-83a6-b460677b198d,4,
3d3eea4b-68d9-4969-9d2c-903b2d648aa0,d742f7b9-eee2-4487-a720-96228425c05c,ccda4639-3814-4892-99ea-7aa00cd42d49,5,Sample English review 2737.
dd09237d-6303-47a7-ac50-b2ed350a1449,d742f7b9-eee2-4487-a720-96228425c05c,e994bf32-d050-4e52-b334-5b6074b2a959,7,Sample English review 2738.
e86da501-d479-4ed4-9044-921c40f30dd1,d742f7b9-eee2-4487-a720-96228425c05c,4edba6e8-c8d9-4fe2-a682-124b91f87604,2,Sample English review 2739.
7b866aa2-75e8-4dee-948d-3b3d26f5555a,d742f7b9-eee2-4487-a720-96228425c05c,427354fb-8736-4fd4-9ea1-30b98d1974e7,1,Sample English review 2740.
25583536-57a6-4e7e-8581-96f37fefd03a,d742f7b9-eee2-4487-a720-96228425c05c,1444ba20-39ac-43a5-bccc-1cc41c2f03b1,2,Sample English review 2741.
d05dfcec-d751-4015-ba38-d9076e1b9165,d742f7b9-eee2-4487-a720-96228425c05c,009bae3f-9085-415e-81bf-b86503fa9115,6,
d290013c-9cba-4e71-9021-d53b77707790,d742f7b9-eee2-4487-a720-96228425c05c,f4fa3e26-130b-42f5-8e08-2d4f884e080d,5,
d0081a06-99fa-4cd5-92c1-ed91c11564db,d742f7b9-eee2-4487-a720-96228425c05c,ac17d6c1-f9a9-42be-9c29-6670939d8d5e,2,Sample English review 2744.
76784a3a-299f-4aa4-8bac-74964057fecf,d742f7b9-eee2-4487-a720-96228425c05c,08c2602d-87d3-4851-b7fb-2bad244b5357,7,
702ffc69-78c9-4570-8b1e-f4b6c1e883ec,d742f7b9-eee2-4487-a720-96228425c05c,69a62e24-d225-4d89-94b5-ae7f906b57dc,2,Sample English review 2746.
0191252e-f296-43cc-a32a-dbe312527d1d,d742f7b9-eee2-4487-a720-96228425c05c,1b3bae68-e409-4055-a2c3-d5f42604c9b1,1,
5c7664d7-b02c-41ea-86d3-5580e1cadc23,d742f7b9-eee2-4487-a720-96228425c05c,afc8c392-95b3-4506-8d6c-719f96692939,4,Sample English review 2748.
8eee386c-e32f-46fe-b82d-73ff2892cc72,d742f7b9-eee2-4487-a720-96228425c05c,3e78c42e-79c6-46a5-84ba-afca64de824b,1,Sample English review 2749.
af23ecc0-41ed-4f00-87f9-9b58f78a079f,d742f7b9-eee2-4487-a720-96228425c05c,708f4f48-f883-4f49-97ee-2c0a91c249de,4,Sample English review 2750.
f9878005-a8c0-4033-aea1-7029de2e386a,d742f7b9-eee2-4487-a720-96228425c05c,7c08735f-311c-4060-9637-87bee6bf9673,5,Sample English review 2751.
68fb2468-0e1d-404c-b698-ea91a33fb326,d742f7b9-eee2-4487-a720-96228425c05c,23855b90-cb3b-4533-a756-bab9bb81426e,7,Sample English review 2752.
a99c9a83-9928-4833-85a8-3922a5e5b265,c7d4c273-1ba1-401c-bfd8-6aeb84c15617,722c5ad2-9175-4d47-9f8a-d10e496d97f8,4,Sample English review 2753.
61503125-4ef3-4c1e-8426-d26aed65e4bb,c7d4c273-1ba1-401c-bfd8-6aeb84c15617,dac8e4dd-9f17-46ef-9865-5e025b74bf9a,9,
09077afa-626f-40c5-bd7d-ee98267fde5c,c7d4c273-1ba1-401c-bfd8-6aeb84c15617,0db8d5e2-1888-4d9f-a451-2f6e2a3e0f7d,5,Sample English review 2755.
7137bc38-2237-451d-98ed-988aef645151,c7d4c273-1ba1-401c-bfd8-6aeb84c15617,3c16d474-f898-4cfe-b924-7c38bea20d5c,7,
7dbb07c7-3678-4f8f-aa2f-4d27c8573592,c7d4c273-1ba1-401c-bfd8-6aeb84c15617,9c0da375-3d5a-4608-b8c7-9e36139d6c33,7,
c9a35866-a77f-4835-98f3-c1605a1d9968,c7d4c273-1ba1-401c-bfd8-6aeb84c15617,9b151d62-177e-4736-b8e5-6cf69170f9dc,8,
51ae06c9-10b5-4b79-85e1-7104f8c6f08d,c7d4c273-1ba1-401c-bfd8-6aeb84c15617,6358f21d-d22d-4f6c-b15e-7a1b7ba90800,2,Sample English review 2759.
d7ecc589-f2e9-4986-933a-a1a858664f1b,c7d4c273-1ba1-401c-bfd8-6aeb84c15617,5fb1457b-691f-48fd-aeca-0103d0a88833,2,Sample English review 2760.
b87be72c-aacb-40f8-9709-050931c1480e,c7d4c273-1ba1-401c-bfd8-6aeb84c15617,3ea805cf-d96a-4098-9682-f85f57267e43,7,
505041f1-cccb-4944-9eed-dd1b82f6bac5,c7d4c273-1ba1-401c-bfd8-6aeb84c15617,ac393398-9266-4f9c-8a2d-d14ae2aa114e,3,
bd6e531e-b457-4896-b22a-64a42b804b0a,c7d4c273-1ba1-401c-bfd8-6aeb84c15617,9dae46b7-7f1a-4d67-b808-9e9c1b622d6c,10,Sample English review 2763.
0a158dcd-24ca-4286-9154-dc657d6b5e0a,c7d4c273-1ba1-401c-bfd8-6aeb84c15617,e994bf32-d050-4e52-b334-5b6074b2a959,1,Sample English review 2764.
15b984ef-0e81-4ade-bb58-08623dc8ae6a,c7d4c273-1ba1-401c-bfd8-6aeb84c15617,09876245-335b-4ddd-bdbf-a33e23abc2fb,3,
7cf88695-93c3-42ae-af7c-b76f6ecb2a92,c7d4c273-1ba1-401c-bfd8-6aeb84c15617,e9774607-8354-4ac8-adcf-f72a1716c51b,1,
7cb5e1fd-eb4c-4956-861e-7d279ffdcd35,c7d4c273-1ba1-401c-bfd8-6aeb84c15617,f4fa3e26-130b-42f5-8e08-2d4f884e080d,2,
8852a01e-2f8e-47a1-8884-96eea761fa04,c7d4c273-1ba1-401c-bfd8-6aeb84c15617,8a99736e-dad6-489d-aa46-0ee02356e5fe,8,Sample English review 2768.
ea0444a5-15b6-4089-a06b-7695477d5dfb,c7d4c273-1ba1-401c-bfd8-6aeb84c15617,23855b90-cb3b-4533-a756-bab9bb81426e,8,Sample English review 2769.
44cdfe21-5115-4a76-a631-ec848c482ad1,c7d4c273-1ba1-401c-bfd8-6aeb84c15617,34e41375-9db2-4e92-9f7d-76f36353f4e6,4,Sample English review 2770.
46b5d61d-2088-4e71-a790-cd27a354bde3,291254f8-0bf6-4567-8d78-20de657f241a,47ae8c16-2d72-4c6b-8a12-3dac47db6ed7,4,Sample English review 2771.
4226b21b-d692-4c38-a0a7-f94d10d5c01c,291254f8-0bf6-4567-8d78-20de657f241a,6d0ed363-2c1a-43f7-958a-0e0cb6ea3e49,2,
a6c0f0ef-bf3b-431e-8b4c-e20612a36ef1,291254f8-0bf6-4567-8d78-20de657f241a,08c2602d-87d3-4851-b7fb-2bad244b5357,6,Sample English review 2773.
4a01e660-ae66-4fdb-8949-28676162fbfa,291254f8-0bf6-4567-8d78-20de657f241a,1444ba20-39ac-43a5-bccc-1cc41c2f03b1,1,
02146f58-d35a-4144-a0bd-210f3acf7010,291254f8-0bf6-4567-8d78-20de657f241a,0db8d5e2-1888-4d9f-a451-2f6e2a3e0f7d,2,
87964b95-a8dc-425b-b0ca-30e535cb0a9c,291254f8-0bf6-4567-8d78-20de657f241a,7338dd63-a1d1-4e74-9759-cd17bae3c0d8,4,Sample English review 2776.
ae0946a8-b47a-49eb-bc16-a15c063e3cbe,291254f8-0bf6-4567-8d78-20de657f241a,34e41375-9db2-4e92-9f7d-76f36353f4e6,3,Sample English review 2777.
e032048c-0049-42bf-95da-83dec0cdd970,291254f8-0bf6-4567-8d78-20de657f241a,9dae46b7-7f1a-4d67-b808-9e9c1b622d6c,10,Sample English review 2778.
064348ff-3149-4d41-bf81-245ace8ad51a,291254f8-0bf6-4567-8d78-20de657f241a,5e77bfad-cca1-40e3-9460-368c94829eed,5,
28f5e9a5-f25d-431b-b07d-82c9c12793e4,291254f8-0bf6-4567-8d78-20de657f241a,4edba6e8-c8d9-4fe2-a682-124b91f87604,1,
0dce4654-cf2a-4d12-b290-0aa36007d00d,291254f8-0bf6-4567-8d78-20de657f241a,2fd567ca-8efe-4948-bebd-a1a56f976d42,7,Sample English review 2781.
cb05ada2-2c03-4684-a9d5-52086f2e7584,291254f8-0bf6-4567-8d78-20de657f241a,67021090-97c3-44f2-82ed-cf5f65828f38,9,Sample English review 2782.
08d6a5ff-aaeb-4e0e-86dd-adff04d1f6f5,291254f8-0bf6-4567-8d78-20de657f241a,f9a7e8ba-2326-4fd7-b228-98060197c4f6,2,Sample English review 2783.
a8e4b470-9845-4ed9-bc9a-3a3bf2df2652,291254f8-0bf6-4567-8d78-20de657f241a,23855b90-cb3b-4533-a756-bab9bb81426e,6,Sample English review 2784.
bab05c5e-c191-4f13-9de8-b181ba520c69,291254f8-0bf6-4567-8d78-20de657f241a,708f4f48-f883-4f49-97ee-2c0a91c249de,1,Sample English review 2785.
81175406-5110-4da6-8fa8-e748b38a3203,291254f8-0bf6-4567-8d78-20de657f241a,e52406b3-6af5-42dc-a087-fe3f73c2cb30,1,Sample English review 2786.
35a63690-2ee4-49fc-b5ce-07adf159a18b,291254f8-0bf6-4567-8d78-20de657f241a,33b5c78e-cad2-4331-b9b9-a38ef8954dec,5,Sample English review 2787.
7a042584-e7ce-47d6-a1ad-93c17566b64c,291254f8-0bf6-4567-8d78-20de657f241a,47632200-a702-4992-9f11-020d87c3aaed,1,Sample English review 2788.
44e9e321-3bcc-4215-9100-08e54daa827e,291254f8-0bf6-4567-8d78-20de657f241a,a3128f74-4fcf-4cae-b2db-d585516780d1,3,Sample English review 2789.
b7b839ca-6150-4e2c-a919-083bf3ec1b6b,291254f8-0bf6-4567-8d78-20de657f241a,24ce7888-3716-43b8-9d28-4239e17abe25,6,Sample English review 2790.
7a8820c0-d8e1-439a-bf79-586e906bc2d3,291254f8-0bf6-4567-8d78-20de657f241a,0eda6729-995b-43a0-9a17-b89035543c47,8,Sample English review 2791.
d152054e-b839-4228-b803-36ad6ea2826d,291254f8-0bf6-4567-8d78-20de657f241a,d01b25df-fe4a-4617-b8b9-ee0c60db6556,5,Sample English review 2792.
692d5996-0504-444c-86ab-00b44a93d561,291254f8-0bf6-4567-8d78-20de657f241a,09901650-fe76-4f18-9bf9-e24256f4909e,7,Sample English review 2793.
f88ed548-6f1f-4a49-ab43-b26cc4b33cad,291254f8-0bf6-4567-8d78-20de657f241a,67d8b4ad-4640-43f2-9c53-6b4929f30103,6,Sample English review 2794.
85870d6a-464e-4c87-a290-d86e28d82754,50e8e18d-3980-453e-b59d-0f71a391ce5f,9008a579-51a2-4cde-80db-8e277bfd15c0,9,Sample English review 2795.
f8971f2b-0481-4143-ae68-b98e2508a9ea,50e8e18d-3980-453e-b59d-0f71a391ce5f,c3820118-4994-4049-8719-6d71466870fe,4,
7dd4946d-d37c-4e3f-ac9d-f095c0950426,50e8e18d-3980-453e-b59d-0f71a391ce5f,37887751-4d47-4e5c-98fd-9fa0dc90314c,6,Sample English review 2797.
8fda6a74-6d58-4311-b144-7068f56d5933,50e8e18d-3980-453e-b59d-0f71a391ce5f,ecab2181-cb9d-42f7-b110-65986cef6204,3,Sample English review 2798.
0301fb2c-164c-44a3-a31b-cf14285207a2,50e8e18d-3980-453e-b59d-0f71a391ce5f,708f4f48-f883-4f49-97ee-2c0a91c249de,5,
2241d9bc-744c-42bf-9af7-94fcd52aa80d,50e8e18d-3980-453e-b59d-0f71a391ce5f,47632200-a702-4992-9f11-020d87c3aaed,7,Sample English review 2800.
23c1be08-4f6c-4751-a04e-b43bde6220f9,50e8e18d-3980-453e-b59d-0f71a391ce5f,138aca2e-a48d-46a6-ac06-c902efe4fd18,2,Sample English review 2801.
89e9aff3-cba9-440f-a175-c67e4026e9d3,50e8e18d-3980-453e-b59d-0f71a391ce5f,5e77bfad-cca1-40e3-9460-368c94829eed,8,Sample English review 2802.
5d62bce6-c988-4863-8635-5c845989b8f7,50e8e18d-3980-453e-b59d-0f71a391ce5f,3844a965-19f9-41ec-9515-28393113f8c8,9,
468d95d1-ef23-42ee-b838-dab49f2968d4,50e8e18d-3980-453e-b59d-0f71a391ce5f,3c16d474-f898-4cfe-b924-7c38bea20d5c,10,Sample English review 2804.
7a339094-8ea6-4d42-a5e6-4b7d5238ff5d,50e8e18d-3980-453e-b59d-0f71a391ce5f,47ae8c16-2d72-4c6b-8a12-3dac47db6ed7,10,
7e980756-5b05-43e3-8650-8728c1581a6c,50e8e18d-3980-453e-b59d-0f71a391ce5f,0db8d5e2-1888-4d9f-a451-2f6e2a3e0f7d,4,Sample English review 2806.
90d8dfe2-108a-455e-ac68-ddad902b49e9,50e8e18d-3980-453e-b59d-0f71a391ce5f,e994bf32-d050-4e52-b334-5b6074b2a959,2,Sample English review 2807.
e91f898c-7e7b-4a84-a893-04db1046c1eb,50e8e18d-3980-453e-b59d-0f71a391ce5f,1444ba20-39ac-43a5-bccc-1cc41c2f03b1,7,Sample English review 2808.
6ab127dd-e09e-4f11-8727-277628362c84,50e8e18d-3980-453e-b59d-0f71a391ce5f,05de5279-613f-4b9e-b38d-1e4203d75c1a,1,Sample English review 2809.
74604bd2-da1e-47fb-8680-481068a1a0c8,50e8e18d-3980-453e-b59d-0f71a391ce5f,99f6f5c3-1cb9-4fe1-ab1a-aa9c1d16dbd0,6,Sample English review 2810.
446b4e33-2686-457c-8c8d-e42ae67a7d26,50e8e18d-3980-453e-b59d-0f71a391ce5f,e52406b3-6af5-42dc-a087-fe3f73c2cb30,9,Sample English review 2811.
2a5572b7-3a4e-4ecb-bb55-b18b770743e7,c7fe55a7-c7d1-4abb-81c0-ad40b84b8c6e,009bae3f-9085-415e-81bf-b86503fa9115,4,Sample English review 2812.
0e683767-c1fe-446a-9b96-249867652ce4,c7fe55a7-c7d1-4abb-81c0-ad40b84b8c6e,af3763b7-7954-464c-8287-33c652eaced6,10,Sample English review 2813.
ce4384b0-25d6-40fd-a2c8-839378ae3488,c7fe55a7-c7d1-4abb-81c0-ad40b84b8c6e,9008a579-51a2-4cde-80db-8e277bfd15c0,6,Sample English review 2814.
a632b59e-5ca8-4dcf-8f80-c2f443a0cbc6,c7fe55a7-c7d1-4abb-81c0-ad40b84b8c6e,8ff07004-cedb-4c53-a5dd-a034c6073f8e,10,
23e22051-2808-43e9-8189-14c4dc6394a7,c7fe55a7-c7d1-4abb-81c0-ad40b84b8c6e,9b151d62-177e-4736-b8e5-6cf69170f9dc,8,
c7118f55-fbd2-4621-90d3-a861bb31a9d3,c7fe55a7-c7d1-4abb-81c0-ad40b84b8c6e,f9a7e8ba-2326-4fd7-b228-98060197c4f6,4,Sample English review 2817.
e667edae-639c-4fcf-815b-338ac3ce4ec1,c7fe55a7-c7d1-4abb-81c0-ad40b84b8c6e,1b7592f5-0e3c-4c80-b5a2-4bd6f1157cba,7,Sample English review 2818.
baee0edb-41ef-4dfe-9854-f044e708b58a,c7fe55a7-c7d1-4abb-81c0-ad40b84b8c6e,74429405-c801-4e71-87cd-1d726e8cd8f7,6,Sample English review 2819.
79145b4a-dab8-417c-a6d9-8357127b9866,c7fe55a7-c7d1-4abb-81c0-ad40b84b8c6e,33875037-f579-42ed-8aba-818a640c90d9,2,Sample English review 2820.
e6094913-cfae-4c84-97e6-d18a2a9cfdba,c7fe55a7-c7d1-4abb-81c0-ad40b84b8c6e,d01b25df-fe4a-4617-b8b9-ee0c60db6556,2,
4aa8e122-7ce3-49f9-9491-8cd897a5d4db,c7fe55a7-c7d1-4abb-81c0-ad40b84b8c6e,0eda6729-995b-43a0-9a17-b89035543c47,7,
188a00dc-21eb-4082-8943-7cc18968b3ed,c7fe55a7-c7d1-4abb-81c0-ad40b84b8c6e,e52406b3-6af5-42dc-a087-fe3f73c2cb30,6,Sample English review 2823.
6f15000f-ac26-4da3-98cb-cfe27d1f5d79,c7fe55a7-c7d1-4abb-81c0-ad40b84b8c6e,0c6967ae-a4d8-4920-9d51-c7d95b61d752,3,Sample English review 2824.
cdfe08eb-617f-4e4e-93ef-994e5746ad54,c7fe55a7-c7d1-4abb-81c0-ad40b84b8c6e,6d0ed363-2c1a-43f7-958a-0e0cb6ea3e49,4,Sample English review 2825.
af8080f2-fc88-4d57-8cc5-2b68d86b1faa,c7fe55a7-c7d1-4abb-81c0-ad40b84b8c6e,7c01f309-b5b4-4962-843f-9698ce3ede17,6,
52de108a-202e-4349-bf23-a23097bba044,c7fe55a7-c7d1-4abb-81c0-ad40b84b8c6e,1444ba20-39ac-43a5-bccc-1cc41c2f03b1,7,Sample English review 2827.
c2c57b94-507f-4626-8dfb-05e5bfcbbdfd,7a0b53cb-54ce-422c-bcf0-bce54ba9670e,fd530ba8-7ae3-47c6-b384-a6b01df494cb,5,
5c9caf8a-bdb5-475a-ae36-d97b5e9fdf97,7a0b53cb-54ce-422c-bcf0-bce54ba9670e,d01b25df-fe4a-4617-b8b9-ee0c60db6556,8,Sample English review 2829.
95189531-c429-48c9-8ffc-b66db549353b,7a0b53cb-54ce-422c-bcf0-bce54ba9670e,8a99736e-dad6-489d-aa46-0ee02356e5fe,1,Sample English review 2830.
4d4826c3-8bde-4d25-9492-ced6d39b81d7,7a0b53cb-54ce-422c-bcf0-bce54ba9670e,0eda6729-995b-43a0-9a17-b89035543c47,10,
a8155277-854e-4452-b4b1-a70fcb917d98,7a0b53cb-54ce-422c-bcf0-bce54ba9670e,1b7592f5-0e3c-4c80-b5a2-4bd6f1157cba,4,
49cb68d1-1e29-4270-8ca5-f94f0c34e976,fc05043c-2ea3-4906-9130-2e3cd330aec5,d3206088-b25a-455a-9323-1c8d5829b0b0,8,Sample English review 2833.
810e62c8-52f3-45e1-aae6-7390e0a009be,fc05043c-2ea3-4906-9130-2e3cd330aec5,f9a7e8ba-2326-4fd7-b228-98060197c4f6,7,Sample English review 2834.
00ee79ea-8e7c-4aa4-b7fb-632974a4c725,fc05043c-2ea3-4906-9130-2e3cd330aec5,d51ce7b5-dd79-4d62-93c4-4a7cff3d22e3,7,Sample English review 2835.
50b87b50-8614-48c2-9425-d3bd82023fb1,fc05043c-2ea3-4906-9130-2e3cd330aec5,3e78c42e-79c6-46a5-84ba-afca64de824b,9,Sample English review 2836.
d5b4adec-45d7-49f0-8839-985bead4a194,fc05043c-2ea3-4906-9130-2e3cd330aec5,ac17d6c1-f9a9-42be-9c29-6670939d8d5e,4,
9ac07008-db6e-4b30-8825-c238fde1f28f,156e4d55-2807-4093-a019-dc8046071dc1,722c5ad2-9175-4d47-9f8a-d10e496d97f8,1,
937044ae-4d34-4260-9fb1-13c3bfb96d76,156e4d55-2807-4093-a019-dc8046071dc1,7bd0bc4e-e14f-4f46-8e8b-d015a6b4ebc1,7,
d4a8261e-75e8-42bd-acbe-02e66fdb33b1,156e4d55-2807-4093-a019-dc8046071dc1,09901650-fe76-4f18-9bf9-e24256f4909e,6,
45c1c098-18a1-437f-acb9-f155888a9f7c,156e4d55-2807-4093-a019-dc8046071dc1,ac393398-9266-4f9c-8a2d-d14ae2aa114e,9,Sample English review 2841.
5712a893-a492-4f29-a6ee-fab82ea251dc,156e4d55-2807-4093-a019-dc8046071dc1,6d0ed363-2c1a-43f7-958a-0e0cb6ea3e49,1,Sample English review 2842.
a9f721cf-8aac-475d-8457-bb7c385ffe3b,156e4d55-2807-4093-a019-dc8046071dc1,0c6967ae-a4d8-4920-9d51-c7d95b61d752,1,Sample English review 2843.
6a732f05-80c2-4e85-9157-98a8d17329f4,156e4d55-2807-4093-a019-dc8046071dc1,9b151d62-177e-4736-b8e5-6cf69170f9dc,3,Sample English review 2844.
7fe843e1-45f9-409b-98f2-18a886dc2708,156e4d55-2807-4093-a019-dc8046071dc1,85bbf311-5929-482a-a259-21f783c36c59,3,
eaf914ae-9674-42ca-9fa5-271c69ff46fe,156e4d55-2807-4093-a019-dc8046071dc1,6c34f6f7-2682-4513-951e-96f325e7eb19,1,
c918b585-b7c2-4ee8-ad51-3eabf6237086,156e4d55-2807-4093-a019-dc8046071dc1,f58f62f8-c6cd-4d19-adce-d4d1da14b149,4,Sample English review 2847.
9fa54ea0-4323-42cd-87e0-b9d7fd2078a9,156e4d55-2807-4093-a019-dc8046071dc1,2d56957e-9087-4750-8598-9d99f1933845,2,Sample English review 2848.
37624bec-5a7a-4fd9-8be4-f6e05934564d,156e4d55-2807-4093-a019-dc8046071dc1,d51ce7b5-dd79-4d62-93c4-4a7cff3d22e3,3,Sample English review 2849.
6263ffd6-ea2b-418b-9516-a66fcf419bb9,9a2d86e1-48a0-41a3-b599-8c7c69e9cd94,ebaef81b-0f73-4e06-bb20-5ef173be29af,5,
76867819-79ec-426e-a5a5-9473e68f7569,9a2d86e1-48a0-41a3-b599-8c7c69e9cd94,1afd4484-49c1-4870-b60c-c754c4ce04d0,9,Sample English review 2851.
b4d81f8e-d4f2-4198-a791-4d72961d22ea,9a2d86e1-48a0-41a3-b599-8c7c69e9cd94,3e78c42e-79c6-46a5-84ba-afca64de824b,6,
eb445b40-1af0-4926-bcf0-264d380f475e,9a2d86e1-48a0-41a3-b599-8c7c69e9cd94,47632200-a702-4992-9f11-020d87c3aaed,8,Sample English review 2853.
1953eed5-0361-43a5-a6ee-ad49f3dc554b,9a2d86e1-48a0-41a3-b599-8c7c69e9cd94,427354fb-8736-4fd4-9ea1-30b98d1974e7,9,
03e2d8da-5af8-4d8b-ac4d-56e09f37976e,9a2d86e1-48a0-41a3-b599-8c7c69e9cd94,5e77bfad-cca1-40e3-9460-368c94829eed,8,Sample English review 2855.
3ec2dac3-b358-430c-ac77-0c865e9e3add,9a2d86e1-48a0-41a3-b599-8c7c69e9cd94,3844a965-19f9-41ec-9515-28393113f8c8,7,
2da1b573-095e-41cf-ab77-cff149665759,9a2d86e1-48a0-41a3-b599-8c7c69e9cd94,5597d267-e508-4a43-8244-f8ec9fdecae4,5,Sample English review 2857.
389af883-8dbc-4c3e-8e23-0fb4cd468a68,9a2d86e1-48a0-41a3-b599-8c7c69e9cd94,f9a7e8ba-2326-4fd7-b228-98060197c4f6,1,
6d4f4e71-d5f6-4194-a24f-9f2bdaa33869,9a2d86e1-48a0-41a3-b599-8c7c69e9cd94,6d0ed363-2c1a-43f7-958a-0e0cb6ea3e49,3,Sample English review 2859.
5303aa90-f649-4d88-9851-029a4836c472,9a2d86e1-48a0-41a3-b599-8c7c69e9cd94,4072477a-0e21-47ca-9a86-73f662b98398,8,
45360f0c-a835-4571-8f0f-01e044f31fa7,9a2d86e1-48a0-41a3-b599-8c7c69e9cd94,09876245-335b-4ddd-bdbf-a33e23abc2fb,5,Sample English review 2861.
d09e0a3b-b8eb-4b31-945c-ecb78d0238c3,9a2d86e1-48a0-41a3-b599-8c7c69e9cd94,77ae4c44-0946-4323-afdc-9932fc01f4c6,3,
63b6a979-1960-4d92-87b9-b5c7cbf8c748,ee54e488-07cd-4ae2-a924-a3cf21b9199b,f9a7e8ba-2326-4fd7-b228-98060197c4f6,4,Sample English review 2863.
fcf0afd8-104a-4987-9fd7-74f74304aa10,ee54e488-07cd-4ae2-a924-a3cf21b9199b,4072477a-0e21-47ca-9a86-73f662b98398,7,Sample English review 2864.
390d87b2-0709-456b-b93f-6250bf1ef563,ee54e488-07cd-4ae2-a924-a3cf21b9199b,5e77bfad-cca1-40e3-9460-368c94829eed,7,Sample English review 2865.
b9fdeb5c-47c4-461f-a922-43ee0c52611c,ee54e488-07cd-4ae2-a924-a3cf21b9199b,33b5c78e-cad2-4331-b9b9-a38ef8954dec,2,Sample English review 2866.
143253cf-f35b-4384-9784-7338372c4cf0,ee54e488-07cd-4ae2-a924-a3cf21b9199b,6358f21d-d22d-4f6c-b15e-7a1b7ba90800,3,
380e5ad8-ab75-4d2b-8b00-b6132e726f86,ee54e488-07cd-4ae2-a924-a3cf21b9199b,9b151d62-177e-4736-b8e5-6cf69170f9dc,2,
ca5351ed-fc4f-44ae-aa5a-933628c25f68,ee54e488-07cd-4ae2-a924-a3cf21b9199b,7338dd63-a1d1-4e74-9759-cd17bae3c0d8,8,Sample English review 2869.
8aa993ac-e8d5-43a4-a9c5-50cd65cde309,ee54e488-07cd-4ae2-a924-a3cf21b9199b,8ff07004-cedb-4c53-a5dd-a034c6073f8e,5,
eeb18279-3bc3-449e-95b4-5b5de953804c,883c70bd-737d-4036-ad5b-8030b7250f45,5e77bfad-cca1-40e3-9460-368c94829eed,3,
c7c3eb43-804d-4763-a6c0-39a5cd968b0d,883c70bd-737d-4036-ad5b-8030b7250f45,b51a7d8d-dbc7-426e-9013-dd2124a444bb,3,
fffdc9a4-245f-4cbe-a9f9-ea1e6225479c,883c70bd-737d-4036-ad5b-8030b7250f45,33875037-f579-42ed-8aba-818a640c90d9,2,Sample English review 2873.
0c365969-074b-4a1f-ad5e-b0c92721edf8,883c70bd-737d-4036-ad5b-8030b7250f45,677a4d7a-ae9b-4bdb-a72f-67f73eba99c7,4,Sample English review 2874.
fba21a75-dc10-4a55-846e-1b7773a9aacf,883c70bd-737d-4036-ad5b-8030b7250f45,5597d267-e508-4a43-8244-f8ec9fdecae4,6,Sample English review 2875.
2a833ce5-9215-4ac5-b6d7-a59108fc201a,883c70bd-737d-4036-ad5b-8030b7250f45,9dae46b7-7f1a-4d67-b808-9e9c1b622d6c,5,Sample English review 2876.
fd04053e-4598-4374-88a2-42898ce7a667,883c70bd-737d-4036-ad5b-8030b7250f45,81d5edb0-d9b4-4d01-968c-8eda5f5b6a03,5,
dc8f658c-b291-40b9-a6b1-4f5b1786fb81,ed14b174-bca4-46e3-b456-0736a627401f,74429405-c801-4e71-87cd-1d726e8cd8f7,2,
513e5424-909a-4a04-bd2c-e03f30442da9,ed14b174-bca4-46e3-b456-0736a627401f,b51a7d8d-dbc7-426e-9013-dd2124a444bb,4,Sample English review 2879.
cc1e1666-826c-4a69-bab5-46fc5b565e0f,ed14b174-bca4-46e3-b456-0736a627401f,f9a7e8ba-2326-4fd7-b228-98060197c4f6,1,
46076dac-6016-4eb2-9c02-cf49ff559f91,ed14b174-bca4-46e3-b456-0736a627401f,77ae4c44-0946-4323-afdc-9932fc01f4c6,3,Sample English review 2881.
ed4cea20-6ac4-44a3-a12a-2c706985184e,ed14b174-bca4-46e3-b456-0736a627401f,33875037-f579-42ed-8aba-818a640c90d9,3,Sample English review 2882.
9adec676-aac4-4b93-8ee5-bcc4023bca50,ed14b174-bca4-46e3-b456-0736a627401f,a3128f74-4fcf-4cae-b2db-d585516780d1,6,Sample English review 2883.
8a56f28c-79aa-4c30-b948-c733ee22c956,67d1d877-6efc-43e5-8338-a2ced2f17ba0,2fd567ca-8efe-4948-bebd-a1a56f976d42,2,
a8d080a7-036d-4391-8b72-aa987bd5b75f,4bb06c6f-74cd-4c3f-b15c-5fb8d104f4c5,05de5279-613f-4b9e-b38d-1e4203d75c1a,9,Sample English review 2885.
4d9f91d3-4962-48c7-aaf5-1c7775e41854,4bb06c6f-74cd-4c3f-b15c-5fb8d104f4c5,34e41375-9db2-4e92-9f7d-76f36353f4e6,7,Sample English review 2886.
908ce971-09a7-40ee-8d21-e34e0f3c1ca4,4bb06c6f-74cd-4c3f-b15c-5fb8d104f4c5,708f4f48-f883-4f49-97ee-2c0a91c249de,6,
f0308ae3-5a5b-4ee2-bc63-9d0d2c4d7dd5,4bb06c6f-74cd-4c3f-b15c-5fb8d104f4c5,d3206088-b25a-455a-9323-1c8d5829b0b0,6,Sample English review 2888.
1ee40358-ac10-4624-b1c1-880adb7ca43e,4bb06c6f-74cd-4c3f-b15c-5fb8d104f4c5,e9774607-8354-4ac8-adcf-f72a1716c51b,3,
f87c0337-dab5-4c70-b490-e6e61393a2da,4bb06c6f-74cd-4c3f-b15c-5fb8d104f4c5,dac8e4dd-9f17-46ef-9865-5e025b74bf9a,2,
110a693f-a007-4668-a1c0-ee55c70ee297,4bb06c6f-74cd-4c3f-b15c-5fb8d104f4c5,425035ef-0093-422c-a760-2740c95f4457,6,Sample English review 2891.
7fb8f567-0209-40a9-90e4-cea719192f75,4bb06c6f-74cd-4c3f-b15c-5fb8d104f4c5,4ad5c73a-5c99-4e98-9d90-0e03b0986909,2,
98c2c16e-b36a-47a0-9d75-336782913f54,4bb06c6f-74cd-4c3f-b15c-5fb8d104f4c5,d51ce7b5-dd79-4d62-93c4-4a7cff3d22e3,1,Sample English review 2893.
58efa58a-2ba9-4890-b92d-369dd6555b91,4bb06c6f-74cd-4c3f-b15c-5fb8d104f4c5,1aa28ea9-5df1-4ce1-a2db-7524bfcfd4ee,9,Sample English review 2894.
190c6914-ca39-42a2-9ba7-cb30eb18088d,4bb06c6f-74cd-4c3f-b15c-5fb8d104f4c5,979d4dea-2a55-46c2-a9d1-95d1bd7fab87,1,Sample English review 2895.
7c81758e-1d56-4700-b9c9-097514b92d42,4bb06c6f-74cd-4c3f-b15c-5fb8d104f4c5,6c34f6f7-2682-4513-951e-96f325e7eb19,10,
78ddfe59-6ea8-4c7a-a661-7f66c07a679b,4bb06c6f-74cd-4c3f-b15c-5fb8d104f4c5,9008a579-51a2-4cde-80db-8e277bfd15c0,3,Sample English review 2897.
cd1bbbb1-af29-4b65-847c-fccc23f2a5e9,4bb06c6f-74cd-4c3f-b15c-5fb8d104f4c5,c3820118-4994-4049-8719-6d71466870fe,9,
7686256f-1386-467c-bd08-8b03339848a2,4bb06c6f-74cd-4c3f-b15c-5fb8d104f4c5,009bae3f-9085-415e-81bf-b86503fa9115,1,Sample English review 2899.
b3cdb274-5939-4542-b317-64cc9e84a05d,4bb06c6f-74cd-4c3f-b15c-5fb8d104f4c5,0db8d5e2-1888-4d9f-a451-2f6e2a3e0f7d,10,Sample English review 2900.
e588531c-9c61-43f5-89be-aa8fc154ed54,4bb06c6f-74cd-4c3f-b15c-5fb8d104f4c5,09876245-335b-4ddd-bdbf-a33e23abc2fb,2,Sample English review 2901.
f9ce5613-eb5c-4a99-b20c-a6a3cbb55f95,4bb06c6f-74cd-4c3f-b15c-5fb8d104f4c5,1b3bae68-e409-4055-a2c3-d5f42604c9b1,4,
6035c38f-a768-4cec-abcc-559c4ed18c19,4bb06c6f-74cd-4c3f-b15c-5fb8d104f4c5,67021090-97c3-44f2-82ed-cf5f65828f38,9,
2232bf74-547e-47fe-89a6-6f90c35f4d8f,4bb06c6f-74cd-4c3f-b15c-5fb8d104f4c5,ecdbf5f6-ea6e-48ad-8cf1-165f8682b135,9,
ffeab361-61f1-4d87-b4ff-dc3f4b8d2ae1,fe7a24f3-f6cf-4676-ba3e-e4e7062ee2a8,722c5ad2-9175-4d47-9f8a-d10e496d97f8,4,Sample English review 2905.
71a9a6b4-92de-438a-9554-4f2cbf630e6a,fe7a24f3-f6cf-4676-ba3e-e4e7062ee2a8,b3bb325c-6f93-4946-9d94-ca835b5be056,1,Sample English review 2906.
e72af93a-3fba-4741-af72-d01088de234b,fe7a24f3-f6cf-4676-ba3e-e4e7062ee2a8,47aa0eb4-151b-4307-b50f-cdd5a44970fd,4,Sample English review 2907.
6e2c7935-f2b3-4ca7-b190-c962eb07e4ed,fe7a24f3-f6cf-4676-ba3e-e4e7062ee2a8,2752b069-f76a-4957-8807-6237a31f6d2c,2,Sample English review 2908.
f210f7b7-4f83-4bd5-aea9-adfc3c5d9994,fe7a24f3-f6cf-4676-ba3e-e4e7062ee2a8,f9a7e8ba-2326-4fd7-b228-98060197c4f6,7,Sample English review 2909.
e501593d-11ea-4cb2-8ee0-013c2932213c,fe7a24f3-f6cf-4676-ba3e-e4e7062ee2a8,a3128f74-4fcf-4cae-b2db-d585516780d1,1,Sample English review 2910.
4c0aa7aa-d73d-43ce-afd0-c8fcc1101c79,fe7a24f3-f6cf-4676-ba3e-e4e7062ee2a8,cf58157c-eee8-4cb1-af62-820e7aadb847,6,Sample English review 2911.
68d474cd-bcac-4484-825c-5ad9c400d24e,fe7a24f3-f6cf-4676-ba3e-e4e7062ee2a8,47632200-a702-4992-9f11-020d87c3aaed,6,Sample English review 2912.
517a1083-3c65-4b09-b449-a3e486937313,fe7a24f3-f6cf-4676-ba3e-e4e7062ee2a8,1b3bae68-e409-4055-a2c3-d5f42604c9b1,3,Sample English review 2913.
dd37f341-c7ad-4818-8017-0c840fc52601,fe7a24f3-f6cf-4676-ba3e-e4e7062ee2a8,77ae4c44-0946-4323-afdc-9932fc01f4c6,2,Sample English review 2914.
e21d648a-4ad6-44ca-8177-9b22f361bc74,fe7a24f3-f6cf-4676-ba3e-e4e7062ee2a8,81d5edb0-d9b4-4d01-968c-8eda5f5b6a03,10,Sample English review 2915.
f878f4be-995e-4f29-a51b-6cf4f08283ec,fe7a24f3-f6cf-4676-ba3e-e4e7062ee2a8,7338dd63-a1d1-4e74-9759-cd17bae3c0d8,1,
47eac9f6-a7ce-4c27-92f6-d36632b15853,fe7a24f3-f6cf-4676-ba3e-e4e7062ee2a8,f4fa3e26-130b-42f5-8e08-2d4f884e080d,5,Sample English review 2917.
2f045b2b-d475-447a-b478-ea36c14b709f,fe7a24f3-f6cf-4676-ba3e-e4e7062ee2a8,1aa28ea9-5df1-4ce1-a2db-7524bfcfd4ee,8,Sample English review 2918.
5ee84eb9-eff6-4e82-8756-00f2f550b671,fe7a24f3-f6cf-4676-ba3e-e4e7062ee2a8,6d0ed363-2c1a-43f7-958a-0e0cb6ea3e49,1,Sample English review 2919.
7bf79aeb-b2b4-4de8-a019-bbb7630e16a3,fe7a24f3-f6cf-4676-ba3e-e4e7062ee2a8,09dc474c-41e1-47c7-bd11-8bcc61aba3cc,6,Sample English review 2920.
758608e6-6690-4467-81de-30136e2af3e8,fe7a24f3-f6cf-4676-ba3e-e4e7062ee2a8,9c0da375-3d5a-4608-b8c7-9e36139d6c33,6,
12d67c12-9551-49ea-88bc-94f558b8090d,fe7a24f3-f6cf-4676-ba3e-e4e7062ee2a8,1afd4484-49c1-4870-b60c-c754c4ce04d0,6,Sample English review 2922.
e1cf8097-76d0-42b1-a6ba-d738311fd51b,fe7a24f3-f6cf-4676-ba3e-e4e7062ee2a8,677a4d7a-ae9b-4bdb-a72f-67f73eba99c7,5,Sample English review 2923.
70f409ea-eb58-4494-bea4-744b2c515fe7,fe7a24f3-f6cf-4676-ba3e-e4e7062ee2a8,6c34f6f7-2682-4513-951e-96f325e7eb19,2,Sample English review 2924.
de5584dc-d39c-4486-b3bb-70f1aa282806,fe7a24f3-f6cf-4676-ba3e-e4e7062ee2a8,67021090-97c3-44f2-82ed-cf5f65828f38,3,Sample English review 2925.
2383d390-6135-4f82-8052-fddb0c729e0d,fe7a24f3-f6cf-4676-ba3e-e4e7062ee2a8,37887751-4d47-4e5c-98fd-9fa0dc90314c,9,Sample English review 2926.
51bc8c64-0d42-4c4a-9aa0-90a961f79312,ad7f6406-d503-4923-8528-f14a7afdbae9,9b151d62-177e-4736-b8e5-6cf69170f9dc,4,Sample English review 2927.
337f4787-9a10-4898-be91-baacf2cec9a4,ad7f6406-d503-4923-8528-f14a7afdbae9,7c08735f-311c-4060-9637-87bee6bf9673,6,
0e3241d4-daef-4243-b174-0add3cae1450,ad7f6406-d503-4923-8528-f14a7afdbae9,d01b25df-fe4a-4617-b8b9-ee0c60db6556,7,Sample English review 2929.
920e728c-4adb-4b26-b32f-d306c91a6e2d,ad7f6406-d503-4923-8528-f14a7afdbae9,979d4dea-2a55-46c2-a9d1-95d1bd7fab87,2,Sample English review 2930.
3c8d4eb4-0dd1-40cc-a21a-514904ef9213,ad7f6406-d503-4923-8528-f14a7afdbae9,67d8b4ad-4640-43f2-9c53-6b4929f30103,5,Sample English review 2931.
13531ebf-2355-4d9b-9609-932ed1e62905,ad7f6406-d503-4923-8528-f14a7afdbae9,2752b069-f76a-4957-8807-6237a31f6d2c,8,Sample English review 2932.
80d7989f-6087-4a65-a16e-08c742ead14a,ad7f6406-d503-4923-8528-f14a7afdbae9,dac8e4dd-9f17-46ef-9865-5e025b74bf9a,6,Sample English review 2933.
ef06b3ee-b3f7-4846-a67d-72eacbcdb53b,ad7f6406-d503-4923-8528-f14a7afdbae9,722c5ad2-9175-4d47-9f8a-d10e496d97f8,1,Sample English review 2934.
a48c40e1-4e01-4443-bfa5-e6fc8bba6832,03a47265-a6c2-4aa5-b70b-3d83e06ab984,8ff07004-cedb-4c53-a5dd-a034c6073f8e,1,Sample English review 2935.
cdfc2a27-c47a-426d-8050-c90331c07acf,03a47265-a6c2-4aa5-b70b-3d83e06ab984,9008a579-51a2-4cde-80db-8e277bfd15c0,4,Sample English review 2936.
dab09a79-5e0c-4b6c-aa5b-23ab1296e608,03a47265-a6c2-4aa5-b70b-3d83e06ab984,5fb1457b-691f-48fd-aeca-0103d0a88833,2,
8318c605-38c7-4625-83c0-ba2f49b406ca,03a47265-a6c2-4aa5-b70b-3d83e06ab984,138aca2e-a48d-46a6-ac06-c902efe4fd18,10,
2f7ae428-94ba-41e8-a26c-ccc3f738bd85,03a47265-a6c2-4aa5-b70b-3d83e06ab984,8a99736e-dad6-489d-aa46-0ee02356e5fe,10,Sample English review 2939.
524f715b-7b40-4367-be45-a33c79649822,03a47265-a6c2-4aa5-b70b-3d83e06ab984,62531f1e-00a6-4fce-ab03-320c8c0852e8,1,Sample English review 2940.
7ed42096-4478-48a1-b7ca-3e36c9cb9764,03a47265-a6c2-4aa5-b70b-3d83e06ab984,74429405-c801-4e71-87cd-1d726e8cd8f7,6,Sample English review 2941.
cc403e58-7516-4c05-8672-fe78a15502e3,03a47265-a6c2-4aa5-b70b-3d83e06ab984,09876245-335b-4ddd-bdbf-a33e23abc2fb,1,Sample English review 2942.
e408ccba-fc96-41a6-8c5e-b78e1f63cc1b,26778dd1-c10e-40a6-9ebb-a526d6089733,7c08735f-311c-4060-9637-87bee6bf9673,8,
94feecaf-a598-41ce-b61e-1a0ac0a5e816,26778dd1-c10e-40a6-9ebb-a526d6089733,69a62e24-d225-4d89-94b5-ae7f906b57dc,2,Sample English review 2944.
3b83d32e-f294-4983-a34c-3464456fe547,26778dd1-c10e-40a6-9ebb-a526d6089733,9bc42e46-67c9-447f-be78-4ae50e491d93,8,Sample English review 2945.
017510f1-f6f6-44a0-aa82-4516d945e3d1,26778dd1-c10e-40a6-9ebb-a526d6089733,2d56957e-9087-4750-8598-9d99f1933845,2,Sample English review 2946.
0e8ff632-b48d-45b0-98a2-926816165be5,26778dd1-c10e-40a6-9ebb-a526d6089733,ac17d6c1-f9a9-42be-9c29-6670939d8d5e,5,
efe94d46-6409-48b7-bdfc-a29add10817b,26778dd1-c10e-40a6-9ebb-a526d6089733,1b7592f5-0e3c-4c80-b5a2-4bd6f1157cba,1,Sample English review 2948.
1c993c7b-5451-4ec6-9eaa-0df5acb673f2,26778dd1-c10e-40a6-9ebb-a526d6089733,1afd4484-49c1-4870-b60c-c754c4ce04d0,9,
49a49979-cdfa-49d4-9d90-2bea39cae562,ad7228f8-306d-4b3c-8c86-fb2661aa8170,8ff07004-cedb-4c53-a5dd-a034c6073f8e,10,Sample English review 2950.
b90292c1-7478-4105-9be7-86a8d10c777f,ad7228f8-306d-4b3c-8c86-fb2661aa8170,ac393398-9266-4f9c-8a2d-d14ae2aa114e,7,
636a4e4a-0ec5-4e73-b24d-459b4347d201,ad7228f8-306d-4b3c-8c86-fb2661aa8170,e994bf32-d050-4e52-b334-5b6074b2a959,5,Sample English review 2952.
39dd8065-1aec-40a5-aa61-37efab912523,ad7228f8-306d-4b3c-8c86-fb2661aa8170,6d0ed363-2c1a-43f7-958a-0e0cb6ea3e49,9,
fbc8fe38-a2c3-462c-8e42-33b596544b93,ad7228f8-306d-4b3c-8c86-fb2661aa8170,74429405-c801-4e71-87cd-1d726e8cd8f7,5,Sample English review 2954.
e109567f-dfef-4a38-a77a-614152478ea3,1b49cb77-f15d-4986-94bd-f24881985d45,8a99736e-dad6-489d-aa46-0ee02356e5fe,9,
2e9d213d-5d55-46b6-82d2-26a1aed1b047,1b49cb77-f15d-4986-94bd-f24881985d45,f58f62f8-c6cd-4d19-adce-d4d1da14b149,4,Sample English review 2956.
f8d41eaf-36aa-4497-8b24-5c265db4fe8a,1b49cb77-f15d-4986-94bd-f24881985d45,677a4d7a-ae9b-4bdb-a72f-67f73eba99c7,1,
4438381e-5a1e-4e7f-b44c-b052d29c0e05,1b49cb77-f15d-4986-94bd-f24881985d45,0c6967ae-a4d8-4920-9d51-c7d95b61d752,1,Sample English review 2958.
8069c9a6-3626-4a49-ab9d-5623c22b9408,1b49cb77-f15d-4986-94bd-f24881985d45,ecdbf5f6-ea6e-48ad-8cf1-165f8682b135,9,Sample English review 2959.
94eeec46-0ebf-4389-8229-600e6c0ad02c,1b49cb77-f15d-4986-94bd-f24881985d45,b3bb325c-6f93-4946-9d94-ca835b5be056,3,Sample English review 2960.
ca2607d0-f294-4db7-8fc4-e4115e54e6f9,1b49cb77-f15d-4986-94bd-f24881985d45,3e78c42e-79c6-46a5-84ba-afca64de824b,10,Sample English review 2961.
ba0d2369-030c-4b16-abaa-fbd9388d80ff,1b49cb77-f15d-4986-94bd-f24881985d45,ac393398-9266-4f9c-8a2d-d14ae2aa114e,9,Sample English review 2962.
0106e9da-00ef-454f-a8d9-5c48e6ae4cbb,1b49cb77-f15d-4986-94bd-f24881985d45,3ea805cf-d96a-4098-9682-f85f57267e43,6,Sample English review 2963.
0cb4a48a-91dc-4203-b1a5-47ed6eedf60d,1b49cb77-f15d-4986-94bd-f24881985d45,6d0ed363-2c1a-43f7-958a-0e0cb6ea3e49,4,Sample English review 2964.
580fd24e-c4d9-46f4-8a11-e5c1d3b901da,1b49cb77-f15d-4986-94bd-f24881985d45,1afd4484-49c1-4870-b60c-c754c4ce04d0,1,Sample English review 2965.
115c5a35-e730-4394-a29a-e04d764414c4,1b49cb77-f15d-4986-94bd-f24881985d45,ebaef81b-0f73-4e06-bb20-5ef173be29af,8,Sample English review 2966.
5fb63a9f-79a8-4329-ab2b-0f9dac4afdff,1b49cb77-f15d-4986-94bd-f24881985d45,47632200-a702-4992-9f11-020d87c3aaed,3,Sample English review 2967.
58005e1e-40c2-4b81-95c4-e7cc7affe22f,1b49cb77-f15d-4986-94bd-f24881985d45,23855b90-cb3b-4533-a756-bab9bb81426e,1,Sample English review 2968.
86b29b75-8bbd-4abc-9c9f-188c7704cd51,1b49cb77-f15d-4986-94bd-f24881985d45,9bc42e46-67c9-447f-be78-4ae50e491d93,3,Sample English review 2969.
2ba918c9-9dfe-4540-b152-67c4be3ef057,1b49cb77-f15d-4986-94bd-f24881985d45,708f4f48-f883-4f49-97ee-2c0a91c249de,9,
27903adf-919d-4aae-9e1f-253401d0625a,1b49cb77-f15d-4986-94bd-f24881985d45,08c2602d-87d3-4851-b7fb-2bad244b5357,8,
f4a0c0a3-4175-4224-aa87-9ed743380578,7445eaf1-919a-46af-a27a-92979e196f58,f9a7e8ba-2326-4fd7-b228-98060197c4f6,9,
e35d6d07-99be-4df6-9018-5ccbb56a03eb,7445eaf1-919a-46af-a27a-92979e196f58,2752b069-f76a-4957-8807-6237a31f6d2c,2,Sample English review 2973.
a30c8213-e2b0-4748-8326-32179f5a9a50,7445eaf1-919a-46af-a27a-92979e196f58,e994bf32-d050-4e52-b334-5b6074b2a959,2,Sample English review 2974.
b2d4dcb9-4ece-4f82-ab04-bd2fa5d9ce31,7445eaf1-919a-46af-a27a-92979e196f58,dac8e4dd-9f17-46ef-9865-5e025b74bf9a,4,Sample English review 2975.
9791dacb-3564-4a94-a74e-b528632a2ba1,7445eaf1-919a-46af-a27a-92979e196f58,1b3bae68-e409-4055-a2c3-d5f42604c9b1,3,
05f7c835-12b4-41d4-a2a7-7c838f62c40a,7445eaf1-919a-46af-a27a-92979e196f58,8ff07004-cedb-4c53-a5dd-a034c6073f8e,7,
f711ead6-16e5-4cb8-a620-6ddf8d1fe46d,7445eaf1-919a-46af-a27a-92979e196f58,ac17d6c1-f9a9-42be-9c29-6670939d8d5e,3,Sample English review 2978.
191d88bf-6e0c-49c9-ac4d-89d30c36cb8f,7445eaf1-919a-46af-a27a-92979e196f58,9dae46b7-7f1a-4d67-b808-9e9c1b622d6c,7,Sample English review 2979.
76dcbdb8-9a16-4029-9bc1-f3a165ab6df7,7445eaf1-919a-46af-a27a-92979e196f58,2d56957e-9087-4750-8598-9d99f1933845,4,
8a5aad20-0846-457a-8b7b-8dae71eff6bd,7445eaf1-919a-46af-a27a-92979e196f58,2fd567ca-8efe-4948-bebd-a1a56f976d42,2,Sample English review 2981.
7918f647-d094-41be-8f25-0c53b67b4933,7445eaf1-919a-46af-a27a-92979e196f58,77ae4c44-0946-4323-afdc-9932fc01f4c6,8,Sample English review 2982.
e93be152-6b57-41b0-8a6a-ea3724b9db0c,7445eaf1-919a-46af-a27a-92979e196f58,9bc42e46-67c9-447f-be78-4ae50e491d93,8,Sample English review 2983.
782d782a-c002-489d-aea8-faf92448e4bb,7445eaf1-919a-46af-a27a-92979e196f58,3ea805cf-d96a-4098-9682-f85f57267e43,8,
d610e665-53b5-466c-ba60-9e7fd6ca210c,2a7dcd4f-9be6-4a34-a078-ee828267ef89,ccda4639-3814-4892-99ea-7aa00cd42d49,7,Sample English review 2985.
b29674a6-5e3f-4619-88f9-f8012ad05413,2a7dcd4f-9be6-4a34-a078-ee828267ef89,1afd4484-49c1-4870-b60c-c754c4ce04d0,4,Sample English review 2986.
1b6ccb1e-ee44-4087-9327-a1d61001e035,2a7dcd4f-9be6-4a34-a078-ee828267ef89,fd530ba8-7ae3-47c6-b384-a6b01df494cb,1,Sample English review 2987.
0807a1cf-754e-4997-922d-14b1b67af0f7,2a7dcd4f-9be6-4a34-a078-ee828267ef89,af3763b7-7954-464c-8287-33c652eaced6,7,
498ee379-473c-4977-bfc0-d4d2fa018987,2a7dcd4f-9be6-4a34-a078-ee828267ef89,d3206088-b25a-455a-9323-1c8d5829b0b0,8,Sample English review 2989.
87eec8c1-2c1b-474a-8eeb-b4957a1b6be1,2a7dcd4f-9be6-4a34-a078-ee828267ef89,0db8d5e2-1888-4d9f-a451-2f6e2a3e0f7d,9,
0a7d4afb-10e9-43c4-8ee7-0890c233c9ab,2a7dcd4f-9be6-4a34-a078-ee828267ef89,9bc42e46-67c9-447f-be78-4ae50e491d93,8,Sample English review 2991.
7178754d-b80f-449e-8887-50c3bfeb9262,2a7dcd4f-9be6-4a34-a078-ee828267ef89,81d5edb0-d9b4-4d01-968c-8eda5f5b6a03,10,Sample English review 2992.
c7bc5507-deb0-4f86-bcfd-293e951a54ac,2a7dcd4f-9be6-4a34-a078-ee828267ef89,09901650-fe76-4f18-9bf9-e24256f4909e,8,
61868a17-d9dc-4265-a9e2-0c7e5270927a,2a7dcd4f-9be6-4a34-a078-ee828267ef89,7c08735f-311c-4060-9637-87bee6bf9673,7,
9089709e-e9be-4636-8291-40595e0aad77,2a7dcd4f-9be6-4a34-a078-ee828267ef89,4072477a-0e21-47ca-9a86-73f662b98398,5,Sample English review 2995.
a9b9f358-be95-4419-a8fb-e222e9079913,2a7dcd4f-9be6-4a34-a078-ee828267ef89,6dc440b0-7d0d-4e8c-8dfa-aacb16c25536,1,Sample English review 2996.
cd8ff76f-1541-4f96-8f14-045d983ca073,2a7dcd4f-9be6-4a34-a078-ee828267ef89,708f4f48-f883-4f49-97ee-2c0a91c249de,1,
2522b614-3ab2-446b-9740-5b04e2e59e2b,2a7dcd4f-9be6-4a34-a078-ee828267ef89,ecdbf5f6-ea6e-48ad-8cf1-165f8682b135,6,Sample English review 2998.
f1fc783b-2f89-4728-b953-9fafc667ac20,2a7dcd4f-9be6-4a34-a078-ee828267ef89,ac17d6c1-f9a9-42be-9c29-6670939d8d5e,7,
80a79c28-9ef7-4577-9bc2-f446a8ba7489,2a7dcd4f-9be6-4a34-a078-ee828267ef89,47632200-a702-4992-9f11-020d87c3aaed,4,Sample English review 3000.
b10a0906-fe5b-41d3-9116-e423e762eb79,2a7dcd4f-9be6-4a34-a078-ee828267ef89,37887751-4d47-4e5c-98fd-9fa0dc90314c,1,Sample English review 3001.
a44c4a3e-cf77-414a-a85d-f129378c298d,2a7dcd4f-9be6-4a34-a078-ee828267ef89,9dae46b7-7f1a-4d67-b808-9e9c1b622d6c,4,
591dce3a-0ece-4860-b52c-7650ed8fa7d4,2a7dcd4f-9be6-4a34-a078-ee828267ef89,77ae4c44-0946-4323-afdc-9932fc01f4c6,5,Sample English review 3003.
6821856a-a8b4-4451-b0a6-26ae8089c65e,2a7dcd4f-9be6-4a34-a078-ee828267ef89,f4fa3e26-130b-42f5-8e08-2d4f884e080d,8,
1597de14-d1bf-49ee-b7c3-256c51faa9f3,2a7dcd4f-9be6-4a34-a078-ee828267ef89,7bd0bc4e-e14f-4f46-8e8b-d015a6b4ebc1,3,Sample English review 3005.
c957fcfd-fbd7-4f17-b35d-5efe62d559cc,2a7dcd4f-9be6-4a34-a078-ee828267ef89,85bbf311-5929-482a-a259-21f783c36c59,2,Sample English review 3006.
6ba88334-9136-4bc4-b97d-6648ab77615b,2a7dcd4f-9be6-4a34-a078-ee828267ef89,6d0ed363-2c1a-43f7-958a-0e0cb6ea3e49,4,Sample English review 3007.
9d20dbeb-c2c6-47f7-89da-029e95497aaf,2a7dcd4f-9be6-4a34-a078-ee828267ef89,7c01f309-b5b4-4962-843f-9698ce3ede17,8,
a7bb4a8b-2091-49a0-ba5a-d6e6b0cf380e,2a7dcd4f-9be6-4a34-a078-ee828267ef89,24ce7888-3716-43b8-9d28-4239e17abe25,2,
8328807c-db6e-4f56-b8ee-d746d1708c8d,8eae7f01-0551-4585-a20e-044a7187d72e,722c5ad2-9175-4d47-9f8a-d10e496d97f8,4,Sample English review 3010.
474eb2a5-2a62-4200-bb89-eb5a32605e3d,8eae7f01-0551-4585-a20e-044a7187d72e,fd530ba8-7ae3-47c6-b384-a6b01df494cb,2,Sample English review 3011.
9b2aece1-95bb-44c8-9449-540dff697f9d,8eae7f01-0551-4585-a20e-044a7187d72e,9dae46b7-7f1a-4d67-b808-9e9c1b622d6c,7,Sample English review 3012.
f26372fa-ef54-4b34-8e8a-0da0582a684e,8eae7f01-0551-4585-a20e-044a7187d72e,979d4dea-2a55-46c2-a9d1-95d1bd7fab87,10,Sample English review 3013.
b0eded79-2b7e-4807-9c69-68c450799ba4,8eae7f01-0551-4585-a20e-044a7187d72e,5e77bfad-cca1-40e3-9460-368c94829eed,9,Sample English review 3014.
c683c518-43f5-410f-808b-d0e73d1a749d,8eae7f01-0551-4585-a20e-044a7187d72e,d3206088-b25a-455a-9323-1c8d5829b0b0,6,Sample English review 3015.
97f997ff-fbd8-43f8-a377-e74a5d7cdcbd,8eae7f01-0551-4585-a20e-044a7187d72e,138aca2e-a48d-46a6-ac06-c902efe4fd18,5,
db78de73-e53c-4cb6-b3bc-f61031c7c225,8eae7f01-0551-4585-a20e-044a7187d72e,5597d267-e508-4a43-8244-f8ec9fdecae4,5,Sample English review 3017.
571bf1c7-25f2-46d6-974c-b525f6dd8664,5a11bdc5-d1e9-4041-8b3d-6531e1e1af2f,24ce7888-3716-43b8-9d28-4239e17abe25,10,Sample English review 3018.
f18f93e8-dbb6-4477-b828-0d965fa9a6a0,646770cc-a2b3-42da-b913-a40b137d8aba,fd530ba8-7ae3-47c6-b384-a6b01df494cb,3,Sample English review 3019.
711cf81e-7110-4651-84e6-d9bc2c2bd6fe,646770cc-a2b3-42da-b913-a40b137d8aba,e52406b3-6af5-42dc-a087-fe3f73c2cb30,2,Sample English review 3020.
ed4c2b50-c172-4046-87d3-aee3b74f0368,646770cc-a2b3-42da-b913-a40b137d8aba,425035ef-0093-422c-a760-2740c95f4457,5,Sample English review 3021.
bad25dd6-ed75-4761-abd8-9ec2342164ef,646770cc-a2b3-42da-b913-a40b137d8aba,3c16d474-f898-4cfe-b924-7c38bea20d5c,6,Sample English review 3022.
97b976e7-abcf-4261-a754-9806dac10b8d,646770cc-a2b3-42da-b913-a40b137d8aba,3ea805cf-d96a-4098-9682-f85f57267e43,4,Sample English review 3023.
93b9d970-83bd-469b-9dc0-01327a6e70ca,646770cc-a2b3-42da-b913-a40b137d8aba,47ae8c16-2d72-4c6b-8a12-3dac47db6ed7,8,
54ee33c1-5d89-45c7-a64c-4915015cdd44,646770cc-a2b3-42da-b913-a40b137d8aba,47aa0eb4-151b-4307-b50f-cdd5a44970fd,5,Sample English review 3025.
6f091fff-be5e-4128-80b3-9693c937cfb6,a054095a-d405-4caf-8591-bc2d3231c699,2d56957e-9087-4750-8598-9d99f1933845,3,
d39c198f-c376-48a5-a7ec-db50a58c8c84,a054095a-d405-4caf-8591-bc2d3231c699,afc8c392-95b3-4506-8d6c-719f96692939,1,Sample English review 3027.
31da9195-2603-4fab-aca4-fa8f2fb1fb32,a054095a-d405-4caf-8591-bc2d3231c699,1444ba20-39ac-43a5-bccc-1cc41c2f03b1,6,Sample English review 3028.
174fa61d-ced4-41ce-b866-fe76c9bf981e,a054095a-d405-4caf-8591-bc2d3231c699,4ad5c73a-5c99-4e98-9d90-0e03b0986909,8,Sample English review 3029.
3d877c83-d5b7-4edf-a368-6b3b21e57452,a054095a-d405-4caf-8591-bc2d3231c699,1b7592f5-0e3c-4c80-b5a2-4bd6f1157cba,5,
b462b928-5c38-4dbd-b1fc-7ae52281dccb,a054095a-d405-4caf-8591-bc2d3231c699,99f6f5c3-1cb9-4fe1-ab1a-aa9c1d16dbd0,1,Sample English review 3031.
ea60867a-2ea5-4fcc-9b56-d7a711b30a42,a054095a-d405-4caf-8591-bc2d3231c699,81de516b-9d80-447a-a5f3-7f542dab2e6f,4,Sample English review 3032.
4294e5e1-518a-4858-b780-89abfcb41af3,a054095a-d405-4caf-8591-bc2d3231c699,6d0ed363-2c1a-43f7-958a-0e0cb6ea3e49,9,
f2fb1ab5-e03c-4ab1-b7ee-1aaa5a8349fa,a054095a-d405-4caf-8591-bc2d3231c699,9dae46b7-7f1a-4d67-b808-9e9c1b622d6c,5,Sample English review 3034.
704cca77-958e-4cbc-854c-0da1cf5fa266,a054095a-d405-4caf-8591-bc2d3231c699,f58f62f8-c6cd-4d19-adce-d4d1da14b149,5,Sample English review 3035.
3738e592-f801-45d9-9e49-b8fc5a0eeac6,a054095a-d405-4caf-8591-bc2d3231c699,74429405-c801-4e71-87cd-1d726e8cd8f7,9,Sample English review 3036.
3c423823-f6c8-4f9e-a2d1-da392c9476b5,a054095a-d405-4caf-8591-bc2d3231c699,ecdbf5f6-ea6e-48ad-8cf1-165f8682b135,9,Sample English review 3037.
468fab43-554e-4320-a886-c17dca9edffb,a054095a-d405-4caf-8591-bc2d3231c699,5fb1457b-691f-48fd-aeca-0103d0a88833,10,
d0b927a4-9744-47f4-8f8c-d6aa7639813f,a054095a-d405-4caf-8591-bc2d3231c699,33875037-f579-42ed-8aba-818a640c90d9,9,
b8ff4c9c-f3d0-48ca-a2e7-92b9412622a1,a054095a-d405-4caf-8591-bc2d3231c699,0c6967ae-a4d8-4920-9d51-c7d95b61d752,10,Sample English review 3040.
f1619927-3408-4ff0-82c6-e5f669e3b29f,a054095a-d405-4caf-8591-bc2d3231c699,f9a7e8ba-2326-4fd7-b228-98060197c4f6,6,Sample English review 3041.
f0a20deb-c120-4926-b88f-5f2e59a425b5,a054095a-d405-4caf-8591-bc2d3231c699,6358f21d-d22d-4f6c-b15e-7a1b7ba90800,5,Sample English review 3042.
0aafe985-d6b1-45d5-a039-e396acc21b33,a054095a-d405-4caf-8591-bc2d3231c699,3844a965-19f9-41ec-9515-28393113f8c8,2,Sample English review 3043.
abd53e4b-4822-4e5d-8ac3-eaf6404a4ce5,a054095a-d405-4caf-8591-bc2d3231c699,47aa0eb4-151b-4307-b50f-cdd5a44970fd,4,
c9407f47-f8f3-4ecd-93c4-1e02edf41ab3,a054095a-d405-4caf-8591-bc2d3231c699,c3820118-4994-4049-8719-6d71466870fe,3,Sample English review 3045.
73cd1414-8483-4bc9-9049-904c60a9c2a1,7d5a7a2e-ff51-4005-801d-a7435cc0a222,9008a579-51a2-4cde-80db-8e277bfd15c0,3,Sample English review 3046.
3ac389e2-128f-4958-bcf1-5f7df113ecd1,7d5a7a2e-ff51-4005-801d-a7435cc0a222,99f8ef2d-c0e8-4290-83a6-b460677b198d,8,Sample English review 3047.
6f71d8c4-1a12-4883-8824-b8511add70b7,7d5a7a2e-ff51-4005-801d-a7435cc0a222,ac393398-9266-4f9c-8a2d-d14ae2aa114e,1,
21cbd60e-8d42-4f3d-9b3c-46871a49d50c,7d5a7a2e-ff51-4005-801d-a7435cc0a222,6dc440b0-7d0d-4e8c-8dfa-aacb16c25536,2,Sample English review 3049.
0324d57f-d94f-41bc-bb1e-5649388066b9,7d5a7a2e-ff51-4005-801d-a7435cc0a222,34e41375-9db2-4e92-9f7d-76f36353f4e6,5,Sample English review 3050.
a1982ddd-830c-408f-856f-96ea5e65eb4f,7d5a7a2e-ff51-4005-801d-a7435cc0a222,85bbf311-5929-482a-a259-21f783c36c59,4,Sample English review 3051.
252f8a41-830f-4fa6-b2de-838401acbe8b,7d5a7a2e-ff51-4005-801d-a7435cc0a222,1f2f5550-69ee-4ec3-82d2-d6cf2d0fc05c,10,
517f1993-6686-4d47-b693-082776112182,7d5a7a2e-ff51-4005-801d-a7435cc0a222,722c5ad2-9175-4d47-9f8a-d10e496d97f8,6,
78799933-853a-48a1-a0cf-d40140f60cd2,de6f5656-8231-4caa-b4f1-31226c9e4f0b,e9774607-8354-4ac8-adcf-f72a1716c51b,6,Sample English review 3054.
1352ba9a-a685-4ed9-bad5-2e6d11bfaf12,de6f5656-8231-4caa-b4f1-31226c9e4f0b,5fb1457b-691f-48fd-aeca-0103d0a88833,3,
49ceff14-f318-40a2-b7c7-e9f6a49b7379,de6f5656-8231-4caa-b4f1-31226c9e4f0b,ccda4639-3814-4892-99ea-7aa00cd42d49,7,
ee03ec0d-94d6-4654-8c24-0a72274283ec,de6f5656-8231-4caa-b4f1-31226c9e4f0b,7bd0bc4e-e14f-4f46-8e8b-d015a6b4ebc1,8,Sample English review 3057.
54664a46-dcef-497b-bc78-a75d69428c4e,de6f5656-8231-4caa-b4f1-31226c9e4f0b,fd530ba8-7ae3-47c6-b384-a6b01df494cb,7,Sample English review 3058.
f9d56b64-b247-4ae3-9ede-f96c472194cc,de6f5656-8231-4caa-b4f1-31226c9e4f0b,6c34f6f7-2682-4513-951e-96f325e7eb19,10,Sample English review 3059.
422e73f7-a699-4903-8be8-59e24e2ce848,de6f5656-8231-4caa-b4f1-31226c9e4f0b,e52406b3-6af5-42dc-a087-fe3f73c2cb30,6,Sample English review 3060.
421e5548-00a5-4bf6-af45-5b58203a0e52,de6f5656-8231-4caa-b4f1-31226c9e4f0b,4072477a-0e21-47ca-9a86-73f662b98398,6,Sample English review 3061.
f610ce08-462f-44d1-833d-0fc8843cbcf6,de6f5656-8231-4caa-b4f1-31226c9e4f0b,05de5279-613f-4b9e-b38d-1e4203d75c1a,5,Sample English review 3062.
1e6f7306-816d-41b0-abe2-deea4d89043b,de6f5656-8231-4caa-b4f1-31226c9e4f0b,1aa28ea9-5df1-4ce1-a2db-7524bfcfd4ee,10,
71cd9127-ed46-433d-abad-8123f6749fb6,de6f5656-8231-4caa-b4f1-31226c9e4f0b,99f8ef2d-c0e8-4290-83a6-b460677b198d,10,Sample English review 3064.
ffada0db-af05-4d60-a74d-cef097244d2c,de6f5656-8231-4caa-b4f1-31226c9e4f0b,47ae8c16-2d72-4c6b-8a12-3dac47db6ed7,7,
09bbb49f-b7b3-4843-befe-56a663c2080e,de6f5656-8231-4caa-b4f1-31226c9e4f0b,9bc42e46-67c9-447f-be78-4ae50e491d93,6,
f8545ae3-da12-4b41-8302-96fc1bda8dd6,c0ef768e-7683-46a7-ae66-eb69f2e0bf92,08c2602d-87d3-4851-b7fb-2bad244b5357,8,Sample English review 3067.
198459cb-9bf6-4422-a08c-75ec49ec8fc5,2c7fa0cc-c7cc-4118-9e3f-7e8ab9d0021a,81de516b-9d80-447a-a5f3-7f542dab2e6f,10,Sample English review 3068.
cbb84052-a865-4f19-800b-9836f7439d30,2c7fa0cc-c7cc-4118-9e3f-7e8ab9d0021a,ebaef81b-0f73-4e06-bb20-5ef173be29af,2,Sample English review 3069.
be17db8c-687c-4c88-ab5b-51b9b0725b75,2c7fa0cc-c7cc-4118-9e3f-7e8ab9d0021a,5e77bfad-cca1-40e3-9460-368c94829eed,5,Sample English review 3070.
a562b9cd-5fe7-4ac4-a20b-21be5b009933,2c7fa0cc-c7cc-4118-9e3f-7e8ab9d0021a,2fd567ca-8efe-4948-bebd-a1a56f976d42,1,Sample English review 3071.
868eeced-ff43-43db-982b-9099b2ffe875,2c7fa0cc-c7cc-4118-9e3f-7e8ab9d0021a,77ae4c44-0946-4323-afdc-9932fc01f4c6,2,Sample English review 3072.
9ceaa351-b624-43fc-b131-d5d7961cec6b,2c7fa0cc-c7cc-4118-9e3f-7e8ab9d0021a,1b3bae68-e409-4055-a2c3-d5f42604c9b1,5,Sample English review 3073.
a331a97d-0d8b-4922-9768-accd5b41aeac,2c7fa0cc-c7cc-4118-9e3f-7e8ab9d0021a,4ad5c73a-5c99-4e98-9d90-0e03b0986909,3,Sample English review 3074.
3457a555-ee3f-4cdc-8e11-674d50fd4c91,2c7fa0cc-c7cc-4118-9e3f-7e8ab9d0021a,b3bb325c-6f93-4946-9d94-ca835b5be056,1,
0e9b12ad-a196-4a4b-8034-0ebc105ea082,2c7fa0cc-c7cc-4118-9e3f-7e8ab9d0021a,74429405-c801-4e71-87cd-1d726e8cd8f7,2,Sample English review 3076.
9a437607-8a2c-4a1a-bc30-69e340b0658d,2c7fa0cc-c7cc-4118-9e3f-7e8ab9d0021a,7c08735f-311c-4060-9637-87bee6bf9673,2,Sample English review 3077.
7d9675f6-949e-4631-9116-b831ee0ede46,2c7fa0cc-c7cc-4118-9e3f-7e8ab9d0021a,f58f62f8-c6cd-4d19-adce-d4d1da14b149,1,Sample English review 3078.
16d69c62-4d42-40c1-9e4f-d4da96e639fc,2c7fa0cc-c7cc-4118-9e3f-7e8ab9d0021a,0c6967ae-a4d8-4920-9d51-c7d95b61d752,3,
4e5b0ba5-2567-4fef-88a5-eb04b6c830c8,2c7fa0cc-c7cc-4118-9e3f-7e8ab9d0021a,ccda4639-3814-4892-99ea-7aa00cd42d49,7,Sample English review 3080.
85eafa81-c46c-4788-ba2d-ce7b9ab757fe,2c7fa0cc-c7cc-4118-9e3f-7e8ab9d0021a,ac393398-9266-4f9c-8a2d-d14ae2aa114e,9,Sample English review 3081.
098348b3-cba1-4b6c-893c-29769da4785d,2c7fa0cc-c7cc-4118-9e3f-7e8ab9d0021a,e994bf32-d050-4e52-b334-5b6074b2a959,3,Sample English review 3082.
1d9c37af-6902-47f4-b35c-970ee9aad06b,2c7fa0cc-c7cc-4118-9e3f-7e8ab9d0021a,502dde18-86e1-4b5c-88c2-8010d067ede7,7,Sample English review 3083.
900355af-26bd-4e24-a57e-0d2937fdc217,2c7fa0cc-c7cc-4118-9e3f-7e8ab9d0021a,9b151d62-177e-4736-b8e5-6cf69170f9dc,2,Sample English review 3084.
83d8c71e-a6b1-43ae-927f-e290a35e4052,2c7fa0cc-c7cc-4118-9e3f-7e8ab9d0021a,4072477a-0e21-47ca-9a86-73f662b98398,3,
c41ad21e-ca72-4e3e-9c39-86ccb31fbc44,2c7fa0cc-c7cc-4118-9e3f-7e8ab9d0021a,9bc42e46-67c9-447f-be78-4ae50e491d93,5,
5bf32d5d-0e4f-4765-9612-f536de5d8952,9f3b2e8f-7564-43f1-9e20-bc02e06d79bb,fd530ba8-7ae3-47c6-b384-a6b01df494cb,4,Sample English review 3087.
5b4a427d-e296-45e3-9476-86ea08d37348,9f3b2e8f-7564-43f1-9e20-bc02e06d79bb,9dae46b7-7f1a-4d67-b808-9e9c1b622d6c,7,Sample English review 3088.
f096a8a7-bd5d-4c25-90de-443d7a61b93e,9f3b2e8f-7564-43f1-9e20-bc02e06d79bb,81d5edb0-d9b4-4d01-968c-8eda5f5b6a03,10,
5b2f2e44-1e1f-4774-93d7-86f9f7e93cef,9f3b2e8f-7564-43f1-9e20-bc02e06d79bb,9008a579-51a2-4cde-80db-8e277bfd15c0,10,Sample English review 3090.
056d00a6-eb72-46a9-ac1f-cea490f9872e,9f3b2e8f-7564-43f1-9e20-bc02e06d79bb,2752b069-f76a-4957-8807-6237a31f6d2c,1,Sample English review 3091.
e0e5a99c-a4d2-48b3-b637-fc29e786c190,9f3b2e8f-7564-43f1-9e20-bc02e06d79bb,c3820118-4994-4049-8719-6d71466870fe,6,Sample English review 3092.
efddced0-6170-462c-a649-010ca7296a05,68aa450c-7413-415a-ae13-dbf1559380cd,4072477a-0e21-47ca-9a86-73f662b98398,2,Sample English review 3093.
cce78b46-a315-4234-bf94-d88833e0dde3,68aa450c-7413-415a-ae13-dbf1559380cd,99f6f5c3-1cb9-4fe1-ab1a-aa9c1d16dbd0,10,Sample English review 3094.
85a99618-212f-4e85-a99d-59a3c8b7a970,68aa450c-7413-415a-ae13-dbf1559380cd,81de516b-9d80-447a-a5f3-7f542dab2e6f,2,Sample English review 3095.
da46c7a7-e138-4044-90ef-f4e39ee99c06,68aa450c-7413-415a-ae13-dbf1559380cd,62531f1e-00a6-4fce-ab03-320c8c0852e8,4,
1a5216e9-2b3b-42b1-833b-3ae4d01fd32f,3cdf23d1-6162-492e-bd38-bcd8b28d1a29,d3206088-b25a-455a-9323-1c8d5829b0b0,5,
6b292296-2a0a-4d78-8160-2e43dade6afb,3cdf23d1-6162-492e-bd38-bcd8b28d1a29,cf58157c-eee8-4cb1-af62-820e7aadb847,3,Sample English review 3098.
cae48e06-8527-47da-94a1-8fef7402e3d5,3cdf23d1-6162-492e-bd38-bcd8b28d1a29,b51a7d8d-dbc7-426e-9013-dd2124a444bb,8,Sample English review 3099.
b47f554b-0148-4f94-91d9-d997a040e248,3cdf23d1-6162-492e-bd38-bcd8b28d1a29,3e78c42e-79c6-46a5-84ba-afca64de824b,6,Sample English review 3100.
6f65e67c-b2fd-4172-ad00-ac4bbf65bd46,3cdf23d1-6162-492e-bd38-bcd8b28d1a29,ac393398-9266-4f9c-8a2d-d14ae2aa114e,8,
cfc53f5c-d6f2-484d-aa7c-6e2b619e6666,3cdf23d1-6162-492e-bd38-bcd8b28d1a29,08c2602d-87d3-4851-b7fb-2bad244b5357,6,
4d2677e8-200c-4ded-88cb-92a22e42affb,3cdf23d1-6162-492e-bd38-bcd8b28d1a29,7c01f309-b5b4-4962-843f-9698ce3ede17,6,Sample English review 3103.
c9774174-32fd-436b-af14-8ba41531be86,3cdf23d1-6162-492e-bd38-bcd8b28d1a29,2d56957e-9087-4750-8598-9d99f1933845,5,Sample English review 3104.
e8d4dab0-aa57-4b62-a8a9-dd9955058126,3cdf23d1-6162-492e-bd38-bcd8b28d1a29,f9a7e8ba-2326-4fd7-b228-98060197c4f6,3,Sample English review 3105.
a41b7268-31e8-44cd-a243-ecfbd24846b0,3cdf23d1-6162-492e-bd38-bcd8b28d1a29,99f8ef2d-c0e8-4290-83a6-b460677b198d,4,
8ae7faf3-2d9d-4fad-a5fe-742a2463789b,3cdf23d1-6162-492e-bd38-bcd8b28d1a29,2752b069-f76a-4957-8807-6237a31f6d2c,5,Sample English review 3107.
7ddccafc-f8cd-45fd-9c19-ed85f8ff6a5d,3cdf23d1-6162-492e-bd38-bcd8b28d1a29,1444ba20-39ac-43a5-bccc-1cc41c2f03b1,2,Sample English review 3108.
8895a813-ca03-4cb4-a20c-c0bdb838471c,3cdf23d1-6162-492e-bd38-bcd8b28d1a29,47632200-a702-4992-9f11-020d87c3aaed,7,Sample English review 3109.
15480f42-46fb-40f8-b90f-215ce1237418,3cdf23d1-6162-492e-bd38-bcd8b28d1a29,ecab2181-cb9d-42f7-b110-65986cef6204,8,Sample English review 3110.
3fa5c24b-f778-4376-97da-542cd2e6fc26,3cdf23d1-6162-492e-bd38-bcd8b28d1a29,34e41375-9db2-4e92-9f7d-76f36353f4e6,1,
23ef921d-8c4e-4c1a-bc91-f5e962f0cecf,3cdf23d1-6162-492e-bd38-bcd8b28d1a29,e52406b3-6af5-42dc-a087-fe3f73c2cb30,3,Sample English review 3112.
4463280c-2583-4cd3-b081-91bfa28d116a,3cdf23d1-6162-492e-bd38-bcd8b28d1a29,2fd567ca-8efe-4948-bebd-a1a56f976d42,6,
6b8370e8-fcb9-43a9-96eb-ea8c0125776e,3cdf23d1-6162-492e-bd38-bcd8b28d1a29,425035ef-0093-422c-a760-2740c95f4457,6,Sample English review 3114.
4e188df3-0463-4c3e-919f-bf069bf2def8,3cdf23d1-6162-492e-bd38-bcd8b28d1a29,1b3bae68-e409-4055-a2c3-d5f42604c9b1,4,Sample English review 3115.
ca40b035-0fff-4434-b860-18d6181e7316,3cdf23d1-6162-492e-bd38-bcd8b28d1a29,8ff07004-cedb-4c53-a5dd-a034c6073f8e,6,Sample English review 3116.
f6ad590e-1c7c-43dd-ab5f-37f13d254e46,3cdf23d1-6162-492e-bd38-bcd8b28d1a29,502dde18-86e1-4b5c-88c2-8010d067ede7,7,Sample English review 3117.
dc6d5814-c26c-4dde-a63e-8e4b23c0ddc5,086094a4-559c-4067-9fb8-61756bcf7c7b,ccda4639-3814-4892-99ea-7aa00cd42d49,9,Sample English review 3118.
6c24780f-3a94-4e6d-9f9e-f79ce0dc8b4b,086094a4-559c-4067-9fb8-61756bcf7c7b,7338dd63-a1d1-4e74-9759-cd17bae3c0d8,1,Sample English review 3119.
60a1d5e2-2ead-4d7b-a573-2c726f73ecd3,086094a4-559c-4067-9fb8-61756bcf7c7b,24ce7888-3716-43b8-9d28-4239e17abe25,9,Sample English review 3120.
330e8ed4-ad60-485f-8185-51181bbff56f,086094a4-559c-4067-9fb8-61756bcf7c7b,09901650-fe76-4f18-9bf9-e24256f4909e,1,Sample English review 3121.
5a276cdf-a443-470e-8f70-1d8a5c65423b,086094a4-559c-4067-9fb8-61756bcf7c7b,37887751-4d47-4e5c-98fd-9fa0dc90314c,1,Sample English review 3122.
05ce2006-62bc-4882-943f-721ae56a1cc4,086094a4-559c-4067-9fb8-61756bcf7c7b,f4fa3e26-130b-42f5-8e08-2d4f884e080d,8,Sample English review 3123.
f031f143-6a4d-4438-b9e7-4cff4c5ab830,086094a4-559c-4067-9fb8-61756bcf7c7b,cb55c939-b208-4183-9cac-dc086cdad4ea,6,Sample English review 3124.
9a85f3e2-c1cb-4002-b29d-83666270ca84,086094a4-559c-4067-9fb8-61756bcf7c7b,4ad5c73a-5c99-4e98-9d90-0e03b0986909,4,Sample English review 3125.
7d5b7af4-fc59-4d90-91b5-5caffc3f3592,086094a4-559c-4067-9fb8-61756bcf7c7b,6c34f6f7-2682-4513-951e-96f325e7eb19,8,Sample English review 3126.
4e87ef2e-9d70-4440-b3a0-29efd1c343a2,086094a4-559c-4067-9fb8-61756bcf7c7b,1f2f5550-69ee-4ec3-82d2-d6cf2d0fc05c,1,Sample English review 3127.
0325eca5-c4ad-4b85-bc87-fcc748fccd76,086094a4-559c-4067-9fb8-61756bcf7c7b,5e77bfad-cca1-40e3-9460-368c94829eed,3,Sample English review 3128.
b46ad11a-7934-4824-8e95-04245462ba78,086094a4-559c-4067-9fb8-61756bcf7c7b,0eda6729-995b-43a0-9a17-b89035543c47,3,Sample English review 3129.
a28c4e79-749d-4ae6-9945-e4ac32698b68,086094a4-559c-4067-9fb8-61756bcf7c7b,f9a7e8ba-2326-4fd7-b228-98060197c4f6,6,Sample English review 3130.
2ad078a9-d256-4f54-a216-88cbbbddefb3,960deae1-3b90-473c-9e28-3545d2d11876,21bf0f34-fea3-4cb9-b9a7-94e72ffacc8a,9,
d8a79780-d249-41c3-9d9d-e46196e7e6bb,960deae1-3b90-473c-9e28-3545d2d11876,5e77bfad-cca1-40e3-9460-368c94829eed,1,Sample English review 3132.
55433263-44d7-4149-a201-7702446c2686,960deae1-3b90-473c-9e28-3545d2d11876,9c0da375-3d5a-4608-b8c7-9e36139d6c33,7,
1f4fc1ca-89b2-428b-ae01-a6ff105f12b6,960deae1-3b90-473c-9e28-3545d2d11876,47632200-a702-4992-9f11-020d87c3aaed,1,Sample English review 3134.
e7f9887a-9ca2-4604-aae4-e389e7d67fd3,960deae1-3b90-473c-9e28-3545d2d11876,a3128f74-4fcf-4cae-b2db-d585516780d1,6,Sample English review 3135.
9fbbfc16-bb3a-4682-891d-8a9d53bc61d5,960deae1-3b90-473c-9e28-3545d2d11876,2752b069-f76a-4957-8807-6237a31f6d2c,2,
afeb3a8a-ccba-4364-8adc-7bab439b4485,960deae1-3b90-473c-9e28-3545d2d11876,7338dd63-a1d1-4e74-9759-cd17bae3c0d8,4,Sample English review 3137.
eaf0a8be-7c97-404f-9e3d-49b17ba8dc25,960deae1-3b90-473c-9e28-3545d2d11876,34e41375-9db2-4e92-9f7d-76f36353f4e6,8,Sample English review 3138.
8eefcd38-57dd-4c7d-97e0-97400e3ee2bb,960deae1-3b90-473c-9e28-3545d2d11876,33875037-f579-42ed-8aba-818a640c90d9,9,Sample English review 3139.
d9fa1040-90c8-4bbe-830b-c75c404c5430,960deae1-3b90-473c-9e28-3545d2d11876,7c01f309-b5b4-4962-843f-9698ce3ede17,2,Sample English review 3140.
c58be7d3-697a-4042-ace1-3fe63d6bbe94,960deae1-3b90-473c-9e28-3545d2d11876,67d8b4ad-4640-43f2-9c53-6b4929f30103,6,Sample English review 3141.
f86cbaba-7466-4525-ba80-45a1eb157cdd,960deae1-3b90-473c-9e28-3545d2d11876,3844a965-19f9-41ec-9515-28393113f8c8,3,
dbafdc67-a0ce-415a-897d-b39bf7d132f3,960deae1-3b90-473c-9e28-3545d2d11876,009bae3f-9085-415e-81bf-b86503fa9115,6,Sample English review 3143.
a2b76bab-d317-4ba4-b684-a63a996c21fa,2772f26d-253d-4e00-a9aa-38ecda56f54b,e52406b3-6af5-42dc-a087-fe3f73c2cb30,3,
c33d119f-300e-40e9-9d98-c00aeaa9cc84,2772f26d-253d-4e00-a9aa-38ecda56f54b,5e77bfad-cca1-40e3-9460-368c94829eed,3,
644d6fc6-991f-4411-bf16-785faba29605,2772f26d-253d-4e00-a9aa-38ecda56f54b,677a4d7a-ae9b-4bdb-a72f-67f73eba99c7,5,
2112cbe4-2fe0-44a2-887e-fdf2671fdacb,2772f26d-253d-4e00-a9aa-38ecda56f54b,f58f62f8-c6cd-4d19-adce-d4d1da14b149,8,Sample English review 3147.
1ac003b8-dee4-4f4c-aeb8-2092f31a1e02,2772f26d-253d-4e00-a9aa-38ecda56f54b,1aa28ea9-5df1-4ce1-a2db-7524bfcfd4ee,1,
c0f59b64-0f3a-402e-a0d4-94fa78aedc31,2772f26d-253d-4e00-a9aa-38ecda56f54b,33875037-f579-42ed-8aba-818a640c90d9,5,Sample English review 3149.
e8b74bc8-7eaf-41f7-a0d3-ccffcb1bfc01,2772f26d-253d-4e00-a9aa-38ecda56f54b,2d56957e-9087-4750-8598-9d99f1933845,7,Sample English review 3150.
1e39a007-c60a-4bc5-882c-75356cb37239,2772f26d-253d-4e00-a9aa-38ecda56f54b,3ea805cf-d96a-4098-9682-f85f57267e43,7,Sample English review 3151.
611a7886-1443-4959-8a91-4f1acd3625ea,2772f26d-253d-4e00-a9aa-38ecda56f54b,1444ba20-39ac-43a5-bccc-1cc41c2f03b1,5,Sample English review 3152.
350b9e85-0349-46df-a388-629a9444ce68,2772f26d-253d-4e00-a9aa-38ecda56f54b,69a62e24-d225-4d89-94b5-ae7f906b57dc,7,Sample English review 3153.
6d1e188d-12e6-44ad-a8e7-0de9f353afd9,83275b84-d464-49f6-8611-454811f80103,1b3bae68-e409-4055-a2c3-d5f42604c9b1,8,
436d608c-98a9-47f5-a188-57c501d1ab1e,83275b84-d464-49f6-8611-454811f80103,e52406b3-6af5-42dc-a087-fe3f73c2cb30,5,
bdfc2291-325b-45cf-8489-896a18e23fdd,83275b84-d464-49f6-8611-454811f80103,0c6967ae-a4d8-4920-9d51-c7d95b61d752,9,Sample English review 3156.
adf92bbf-7fbe-4c37-995b-e894a641ed10,83275b84-d464-49f6-8611-454811f80103,ac17d6c1-f9a9-42be-9c29-6670939d8d5e,9,Sample English review 3157.
4bf4fa83-3909-4690-ae1b-16629d0f56d8,83275b84-d464-49f6-8611-454811f80103,69a62e24-d225-4d89-94b5-ae7f906b57dc,6,Sample English review 3158.
3b3a3a03-b93f-49f6-8f3f-0a7fc6431171,83275b84-d464-49f6-8611-454811f80103,708f4f48-f883-4f49-97ee-2c0a91c249de,8,Sample English review 3159.
8763d5f4-9b44-49c7-988e-90c35b8a4649,83275b84-d464-49f6-8611-454811f80103,33b5c78e-cad2-4331-b9b9-a38ef8954dec,4,Sample English review 3160.
3e5a36b5-11ec-4db6-9d08-fbe53bc71320,83275b84-d464-49f6-8611-454811f80103,7bd0bc4e-e14f-4f46-8e8b-d015a6b4ebc1,5,Sample English review 3161.
36aca5b9-def5-47a8-be50-10bdba980b69,83275b84-d464-49f6-8611-454811f80103,2752b069-f76a-4957-8807-6237a31f6d2c,4,Sample English review 3162.
d8911b6e-8519-4cd7-a81d-97cc9297783c,83275b84-d464-49f6-8611-454811f80103,1b7592f5-0e3c-4c80-b5a2-4bd6f1157cba,6,Sample English review 3163.
1ffce45b-9292-4ae6-8bf9-33c6ca8a2cb8,83275b84-d464-49f6-8611-454811f80103,722c5ad2-9175-4d47-9f8a-d10e496d97f8,6,Sample English review 3164.
c31b410b-c411-4e0c-bbc0-4fd8f6587215,83275b84-d464-49f6-8611-454811f80103,502dde18-86e1-4b5c-88c2-8010d067ede7,5,Sample English review 3165.
53d11c55-2831-43d8-8aa2-1bf5f2292bce,83275b84-d464-49f6-8611-454811f80103,6dc440b0-7d0d-4e8c-8dfa-aacb16c25536,10,Sample English review 3166.
2103bee3-e26e-43ee-857b-661a1df76a60,83275b84-d464-49f6-8611-454811f80103,5597d267-e508-4a43-8244-f8ec9fdecae4,8,Sample English review 3167.
258f3481-f5ca-443c-8529-98b66cfedbce,83275b84-d464-49f6-8611-454811f80103,cb55c939-b208-4183-9cac-dc086cdad4ea,2,Sample English review 3168.
65d9cee8-1d8c-499d-abf3-c0fc32681ea7,83275b84-d464-49f6-8611-454811f80103,8ff07004-cedb-4c53-a5dd-a034c6073f8e,8,Sample English review 3169.
b2568673-5d89-4619-bfb9-a12850bced91,1beeaef9-d92f-40a9-8cdc-fe4fe563dd30,0db8d5e2-1888-4d9f-a451-2f6e2a3e0f7d,7,Sample English review 3170.
90c3dcfa-82c8-4ca4-b0be-89811430c552,1beeaef9-d92f-40a9-8cdc-fe4fe563dd30,6dc440b0-7d0d-4e8c-8dfa-aacb16c25536,7,
cf990a59-0b9d-4508-93a2-cf573a5fee29,1beeaef9-d92f-40a9-8cdc-fe4fe563dd30,1444ba20-39ac-43a5-bccc-1cc41c2f03b1,1,
4e5c4202-d9d4-4565-997e-66b79871f156,1beeaef9-d92f-40a9-8cdc-fe4fe563dd30,7bd0bc4e-e14f-4f46-8e8b-d015a6b4ebc1,2,Sample English review 3173.
007599d5-12f8-4000-8209-44b503788fca,1beeaef9-d92f-40a9-8cdc-fe4fe563dd30,f9a7e8ba-2326-4fd7-b228-98060197c4f6,9,
cc2dcc82-d6c4-4b21-ba7c-7939b9da09fc,1beeaef9-d92f-40a9-8cdc-fe4fe563dd30,5fb1457b-691f-48fd-aeca-0103d0a88833,1,
3751f95e-681b-44c7-ae49-529cfd62c4b7,1beeaef9-d92f-40a9-8cdc-fe4fe563dd30,4072477a-0e21-47ca-9a86-73f662b98398,2,Sample English review 3176.
a9842b18-9d10-46d0-9065-5fbb29753cdc,1beeaef9-d92f-40a9-8cdc-fe4fe563dd30,9bc42e46-67c9-447f-be78-4ae50e491d93,8,Sample English review 3177.
b9ac746b-7df7-47da-a73f-772755509fcc,1beeaef9-d92f-40a9-8cdc-fe4fe563dd30,3e78c42e-79c6-46a5-84ba-afca64de824b,6,
630b813e-c021-4b7b-b9f3-ec73f38f2c70,1beeaef9-d92f-40a9-8cdc-fe4fe563dd30,81d5edb0-d9b4-4d01-968c-8eda5f5b6a03,6,
fbef4bb5-ce34-4905-be39-30630dbf557f,1beeaef9-d92f-40a9-8cdc-fe4fe563dd30,ac17d6c1-f9a9-42be-9c29-6670939d8d5e,1,Sample English review 3180.
8ee59712-59bc-415c-9f2b-c39c23f03f2f,1beeaef9-d92f-40a9-8cdc-fe4fe563dd30,c3820118-4994-4049-8719-6d71466870fe,6,
14118a10-d4a4-4f26-8590-057c25a951b5,1beeaef9-d92f-40a9-8cdc-fe4fe563dd30,8a99736e-dad6-489d-aa46-0ee02356e5fe,8,
c0bbaa9f-51e7-4d45-a893-be8190e3fbfe,b0b2b020-b2e1-4c0a-8478-0eabad98363a,34e41375-9db2-4e92-9f7d-76f36353f4e6,6,
aced274c-dd7a-43a0-ad4f-d5cd3341beb6,b0b2b020-b2e1-4c0a-8478-0eabad98363a,67d8b4ad-4640-43f2-9c53-6b4929f30103,3,Sample English review 3184.
5669a5e1-9cf1-4fa2-b680-ace1dd473a34,b0b2b020-b2e1-4c0a-8478-0eabad98363a,62531f1e-00a6-4fce-ab03-320c8c0852e8,5,
80ce7a43-8d4a-46a7-9922-c36816f9eaca,c4866f50-2108-491a-84b8-a715ab17a97b,74429405-c801-4e71-87cd-1d726e8cd8f7,1,Sample English review 3186.
7b591eaa-495c-40dc-996f-ac5e6fee3132,c4866f50-2108-491a-84b8-a715ab17a97b,d01b25df-fe4a-4617-b8b9-ee0c60db6556,9,
db42c2f2-5b84-468e-acdf-03f7154db261,c4866f50-2108-491a-84b8-a715ab17a97b,6358f21d-d22d-4f6c-b15e-7a1b7ba90800,7,Sample English review 3188.
254fa76f-69a8-42fc-a7bf-1513164525b8,c4866f50-2108-491a-84b8-a715ab17a97b,9b151d62-177e-4736-b8e5-6cf69170f9dc,8,Sample English review 3189.
28955525-cfb8-4427-b3c5-f9616bdca46d,c4866f50-2108-491a-84b8-a715ab17a97b,1444ba20-39ac-43a5-bccc-1cc41c2f03b1,8,
66ea874b-cf11-429f-a92f-6dc0f08ec82d,c4866f50-2108-491a-84b8-a715ab17a97b,ebaef81b-0f73-4e06-bb20-5ef173be29af,4,Sample English review 3191.
fbd2182c-24e1-438b-a865-b7af1b39d6d4,c4866f50-2108-491a-84b8-a715ab17a97b,85bbf311-5929-482a-a259-21f783c36c59,8,
ce4be125-c031-4191-ab43-50e953025af7,c4866f50-2108-491a-84b8-a715ab17a97b,3c16d474-f898-4cfe-b924-7c38bea20d5c,5,Sample English review 3193.
20e601fb-615d-4116-95e5-dc21648c209b,c4866f50-2108-491a-84b8-a715ab17a97b,d3206088-b25a-455a-9323-1c8d5829b0b0,7,Sample English review 3194.
f612b426-ca5a-40b7-8157-f227b84cda8d,c4866f50-2108-491a-84b8-a715ab17a97b,ccda4639-3814-4892-99ea-7aa00cd42d49,8,Sample English review 3195.
7345f2b6-92ec-4e0d-86c0-4f2d57b1c3a2,c4866f50-2108-491a-84b8-a715ab17a97b,9c0da375-3d5a-4608-b8c7-9e36139d6c33,9,Sample English review 3196.
a3a54863-e2c6-4bc4-a88f-645b83162958,c4866f50-2108-491a-84b8-a715ab17a97b,2fd567ca-8efe-4948-bebd-a1a56f976d42,3,Sample English review 3197.
2920898f-fd9f-4a01-908f-d173a3d1d69a,c4866f50-2108-491a-84b8-a715ab17a97b,7bd0bc4e-e14f-4f46-8e8b-d015a6b4ebc1,1,Sample English review 3198.
3d25655d-38db-43e4-a873-e2dd6354c235,c4866f50-2108-491a-84b8-a715ab17a97b,67021090-97c3-44f2-82ed-cf5f65828f38,5,Sample English review 3199.
7e178783-4380-436f-8714-32496b4edc0c,c4866f50-2108-491a-84b8-a715ab17a97b,e52406b3-6af5-42dc-a087-fe3f73c2cb30,9,Sample English review 3200.
f21e6c44-d904-44dc-b589-6a7e093bb1d8,c4866f50-2108-491a-84b8-a715ab17a97b,24ce7888-3716-43b8-9d28-4239e17abe25,10,
4ae3afc7-925c-4f85-ba73-d5de6154de3c,e030e992-0f3d-4a0c-aacc-3bf8d4ca71b9,62531f1e-00a6-4fce-ab03-320c8c0852e8,1,Sample English review 3202.
3fcf3f1e-9b5d-4822-a695-1c0230db345e,e030e992-0f3d-4a0c-aacc-3bf8d4ca71b9,33b5c78e-cad2-4331-b9b9-a38ef8954dec,6,Sample English review 3203.
93b64f80-b30a-414c-848a-f0ef92fd7d20,e030e992-0f3d-4a0c-aacc-3bf8d4ca71b9,ecdbf5f6-ea6e-48ad-8cf1-165f8682b135,2,Sample English review 3204.
95a83726-88db-442a-8258-93e4629c2694,e030e992-0f3d-4a0c-aacc-3bf8d4ca71b9,ac393398-9266-4f9c-8a2d-d14ae2aa114e,10,Sample English review 3205.
cd9ecbd4-9234-4412-88b8-60de7a73ee44,e030e992-0f3d-4a0c-aacc-3bf8d4ca71b9,f58f62f8-c6cd-4d19-adce-d4d1da14b149,1,
e0639cb4-ff22-49b9-a11e-e12944244061,e030e992-0f3d-4a0c-aacc-3bf8d4ca71b9,7338dd63-a1d1-4e74-9759-cd17bae3c0d8,8,Sample English review 3207.
8ce8379e-ae1e-49d0-a52d-d0631cc0c4e7,e030e992-0f3d-4a0c-aacc-3bf8d4ca71b9,1b7592f5-0e3c-4c80-b5a2-4bd6f1157cba,5,
75f15465-d1f6-4251-b485-e749d5b14be6,e030e992-0f3d-4a0c-aacc-3bf8d4ca71b9,5e77bfad-cca1-40e3-9460-368c94829eed,8,
c3c81dfa-ae1b-416f-b2df-79398d771a9c,e030e992-0f3d-4a0c-aacc-3bf8d4ca71b9,6358f21d-d22d-4f6c-b15e-7a1b7ba90800,10,
5e94210e-518d-4743-8804-13d4ee34becd,50bcde92-416f-4329-9e95-7d681115ad63,6358f21d-d22d-4f6c-b15e-7a1b7ba90800,3,
c9fb8572-65fe-414e-9aae-3898052e672e,50bcde92-416f-4329-9e95-7d681115ad63,09dc474c-41e1-47c7-bd11-8bcc61aba3cc,5,Sample English review 3212.
28e57cb9-1802-4f50-a875-a19e9a08eed7,50bcde92-416f-4329-9e95-7d681115ad63,1aa28ea9-5df1-4ce1-a2db-7524bfcfd4ee,7,Sample English review 3213.
f056bb90-2cc4-4a26-97b5-f9a30304f1dc,50bcde92-416f-4329-9e95-7d681115ad63,1b3bae68-e409-4055-a2c3-d5f42604c9b1,1,Sample English review 3214.
74dc53ec-4284-4799-8316-b4b7135484ce,9b2624f4-799c-46be-9836-8cd4c23e11d3,09876245-335b-4ddd-bdbf-a33e23abc2fb,1,
33ea5258-a1f8-41cc-a492-2389bc87f4ef,9b2624f4-799c-46be-9836-8cd4c23e11d3,33b5c78e-cad2-4331-b9b9-a38ef8954dec,6,Sample English review 3216.
cae40752-2adf-4edf-bc42-97e15068ecb1,68bba50e-73ff-4751-aa7a-1453c0918f88,979d4dea-2a55-46c2-a9d1-95d1bd7fab87,7,Sample English review 3217.
27eea0da-b842-4e64-a78d-a8e8dd7144cf,68bba50e-73ff-4751-aa7a-1453c0918f88,24ce7888-3716-43b8-9d28-4239e17abe25,8,Sample English review 3218.
4d31f0e0-d77d-45d3-a5bc-df37f4988685,68bba50e-73ff-4751-aa7a-1453c0918f88,4edba6e8-c8d9-4fe2-a682-124b91f87604,7,
0a26f0a4-b770-4b64-821b-8d93aaab12dd,68bba50e-73ff-4751-aa7a-1453c0918f88,3e78c42e-79c6-46a5-84ba-afca64de824b,7,Sample English review 3220.
ed874489-5f79-460e-aebc-e3793a431011,68bba50e-73ff-4751-aa7a-1453c0918f88,d3206088-b25a-455a-9323-1c8d5829b0b0,7,
1e37bae9-6201-45a1-b429-c8c81b39daac,68bba50e-73ff-4751-aa7a-1453c0918f88,99f8ef2d-c0e8-4290-83a6-b460677b198d,2,Sample English review 3222.
b8a96e4a-42d7-4657-bb2a-01b012c00fb2,68bba50e-73ff-4751-aa7a-1453c0918f88,677a4d7a-ae9b-4bdb-a72f-67f73eba99c7,4,
a3b7a061-87c5-4451-8b06-86c77cb0f06f,68bba50e-73ff-4751-aa7a-1453c0918f88,81de516b-9d80-447a-a5f3-7f542dab2e6f,10,Sample English review 3224.
f1b54ed7-beac-44c5-9bb3-8cf3c8adf8f7,68bba50e-73ff-4751-aa7a-1453c0918f88,b51a7d8d-dbc7-426e-9013-dd2124a444bb,8,
126d0d7b-1eb0-455e-93bc-8516d87b97a2,68bba50e-73ff-4751-aa7a-1453c0918f88,6358f21d-d22d-4f6c-b15e-7a1b7ba90800,7,
5908e8f3-9e11-4ecd-99b6-1de3eab7ea17,68bba50e-73ff-4751-aa7a-1453c0918f88,fd530ba8-7ae3-47c6-b384-a6b01df494cb,1,Sample English review 3227.
c952556d-0031-4875-aa2e-466a174bb38e,68bba50e-73ff-4751-aa7a-1453c0918f88,d51ce7b5-dd79-4d62-93c4-4a7cff3d22e3,3,Sample English review 3228.
6476dc1b-a317-4096-996c-73cb387e1369,68bba50e-73ff-4751-aa7a-1453c0918f88,21bf0f34-fea3-4cb9-b9a7-94e72ffacc8a,10,Sample English review 3229.
62f80d9c-d2d5-45b5-9784-4ae0e0ce7ce4,428bda27-8f08-400f-a631-0238e9e83c9b,69a62e24-d225-4d89-94b5-ae7f906b57dc,10,Sample English review 3230.
53390fb9-6506-4dd1-9c47-3bfc9cba5b01,428bda27-8f08-400f-a631-0238e9e83c9b,dac8e4dd-9f17-46ef-9865-5e025b74bf9a,7,Sample English review 3231.
edfb33fd-1c55-4c0f-81b1-73204aadec8e,428bda27-8f08-400f-a631-0238e9e83c9b,33b5c78e-cad2-4331-b9b9-a38ef8954dec,8,
12bb7f8a-35c9-4c66-b10a-aa9ab9773a50,428bda27-8f08-400f-a631-0238e9e83c9b,6c34f6f7-2682-4513-951e-96f325e7eb19,7,
88fba563-f631-4e6f-9fd6-1eef8aa72de2,428bda27-8f08-400f-a631-0238e9e83c9b,09876245-335b-4ddd-bdbf-a33e23abc2fb,3,Sample English review 3234.
253732c2-bad8-4a8d-a5a5-79bccf6fed5c,428bda27-8f08-400f-a631-0238e9e83c9b,0db8d5e2-1888-4d9f-a451-2f6e2a3e0f7d,5,
fd91bc41-ac1a-447e-8ff8-32a0a1b68503,428bda27-8f08-400f-a631-0238e9e83c9b,2d56957e-9087-4750-8598-9d99f1933845,4,Sample English review 3236.
7142be10-333e-45fa-a235-2510c569d37d,61226a97-cf42-4568-b089-b184877257e6,722c5ad2-9175-4d47-9f8a-d10e496d97f8,5,Sample English review 3237.
af3f4ddc-65b9-46cb-bf0a-81aa8eb08fa7,61226a97-cf42-4568-b089-b184877257e6,81d5edb0-d9b4-4d01-968c-8eda5f5b6a03,7,Sample English review 3238.
e7fb2d72-03e5-49f0-b3cb-c50508d880da,61226a97-cf42-4568-b089-b184877257e6,85bbf311-5929-482a-a259-21f783c36c59,1,
ff7fe5b5-abc2-401d-b1e4-f83246955586,9e222f58-a2bc-463f-9ff6-4dd881206588,47ae8c16-2d72-4c6b-8a12-3dac47db6ed7,8,Sample English review 3240.
2d1a76de-ec65-41c2-8b97-78c31b31bdc0,9e222f58-a2bc-463f-9ff6-4dd881206588,af3763b7-7954-464c-8287-33c652eaced6,10,
b124fc95-9ad4-40bd-b2af-44fd433d84a6,9e222f58-a2bc-463f-9ff6-4dd881206588,e9774607-8354-4ac8-adcf-f72a1716c51b,10,
f4c5ac24-afc8-4d11-b8de-6fd8a0af1306,9e222f58-a2bc-463f-9ff6-4dd881206588,722c5ad2-9175-4d47-9f8a-d10e496d97f8,4,Sample English review 3243.
1e347a71-6da3-4a72-b172-473acf814b97,9e222f58-a2bc-463f-9ff6-4dd881206588,425035ef-0093-422c-a760-2740c95f4457,4,
e2ec7f69-7498-4bd9-8cc0-39b452243b76,9e222f58-a2bc-463f-9ff6-4dd881206588,a3128f74-4fcf-4cae-b2db-d585516780d1,1,Sample English review 3245.
0b34c449-a5dd-4503-abd3-c6a6fff247e4,9e222f58-a2bc-463f-9ff6-4dd881206588,08c2602d-87d3-4851-b7fb-2bad244b5357,2,Sample English review 3246.
1aa2b67d-f76e-482c-bf51-500fcb7c749b,9e222f58-a2bc-463f-9ff6-4dd881206588,33875037-f579-42ed-8aba-818a640c90d9,1,
16aaf2c2-70ab-4ed0-a678-c438cd321cf1,9e222f58-a2bc-463f-9ff6-4dd881206588,427354fb-8736-4fd4-9ea1-30b98d1974e7,3,Sample English review 3248.
90d8318d-e93f-4d0e-9d34-222755830c93,9e222f58-a2bc-463f-9ff6-4dd881206588,47aa0eb4-151b-4307-b50f-cdd5a44970fd,4,
ca6f1e9a-3a39-48c2-afd7-a9e680c7e2f7,9e222f58-a2bc-463f-9ff6-4dd881206588,69a62e24-d225-4d89-94b5-ae7f906b57dc,4,Sample English review 3250.
c934d441-9810-4889-bdf3-bce43e81a71b,9e222f58-a2bc-463f-9ff6-4dd881206588,1afd4484-49c1-4870-b60c-c754c4ce04d0,5,Sample English review 3251.
0a4f451e-6908-4a21-89f0-43dfe5230d1c,9e222f58-a2bc-463f-9ff6-4dd881206588,0eda6729-995b-43a0-9a17-b89035543c47,4,Sample English review 3252.
306dfee1-5cbc-4be7-b840-ff5bf5d4a761,653ac9fa-27fb-4c12-a7f7-6a78e7493ed7,ac393398-9266-4f9c-8a2d-d14ae2aa114e,9,
da153f32-6f02-4b97-91d4-978abc05424d,653ac9fa-27fb-4c12-a7f7-6a78e7493ed7,37887751-4d47-4e5c-98fd-9fa0dc90314c,3,Sample English review 3254.
ec2ac26e-33f4-4f75-b534-2dcd8b0686a5,09a43ba9-990d-41f5-993c-98df6790919b,37887751-4d47-4e5c-98fd-9fa0dc90314c,10,Sample English review 3255.
c9ed07f3-3778-41b2-99a8-292964edd77c,09a43ba9-990d-41f5-993c-98df6790919b,62531f1e-00a6-4fce-ab03-320c8c0852e8,10,Sample English review 3256.
0c334cf2-8fc1-41a9-a7af-7145e76a20c3,09a43ba9-990d-41f5-993c-98df6790919b,2fd567ca-8efe-4948-bebd-a1a56f976d42,8,Sample English review 3257.
d22afbbb-3ea0-4c35-afcd-c57e3b06e56f,09a43ba9-990d-41f5-993c-98df6790919b,81de516b-9d80-447a-a5f3-7f542dab2e6f,3,Sample English review 3258.
4c6d2dda-0ac3-4ea7-b30f-f98c04549826,09a43ba9-990d-41f5-993c-98df6790919b,47ae8c16-2d72-4c6b-8a12-3dac47db6ed7,5,
99aa5a0a-0ed3-4cc1-8ce1-70939f17b53d,09a43ba9-990d-41f5-993c-98df6790919b,7338dd63-a1d1-4e74-9759-cd17bae3c0d8,7,Sample English review 3260.
fdf82582-b639-4d45-b347-62df013d855f,09a43ba9-990d-41f5-993c-98df6790919b,2752b069-f76a-4957-8807-6237a31f6d2c,4,Sample English review 3261.
4730526e-46b9-4887-a9ab-585e807a0045,09a43ba9-990d-41f5-993c-98df6790919b,99f8ef2d-c0e8-4290-83a6-b460677b198d,5,Sample English review 3262.
ed9e1a6f-95a8-4c71-9975-127e457cdf9d,09a43ba9-990d-41f5-993c-98df6790919b,a3128f74-4fcf-4cae-b2db-d585516780d1,5,
09ea4727-1efe-4e56-a268-93d938c3119a,09a43ba9-990d-41f5-993c-98df6790919b,77ae4c44-0946-4323-afdc-9932fc01f4c6,6,Sample English review 3264.
8ca2c2a1-a8cd-4260-ba96-02d259c2268f,c4d91a31-d5b9-468c-8116-9fbc58146e7b,1f2f5550-69ee-4ec3-82d2-d6cf2d0fc05c,1,Sample English review 3265.
2ced390b-21a4-4a10-93ce-9be6660e6a47,c4d91a31-d5b9-468c-8116-9fbc58146e7b,4ad5c73a-5c99-4e98-9d90-0e03b0986909,1,Sample English review 3266.
0f67129b-d658-49d8-8c8a-67e65e8ef901,c4d91a31-d5b9-468c-8116-9fbc58146e7b,f58f62f8-c6cd-4d19-adce-d4d1da14b149,7,Sample English review 3267.
b709e8fd-c0b6-4653-8e24-c1b9b76d9366,c4d91a31-d5b9-468c-8116-9fbc58146e7b,7bd0bc4e-e14f-4f46-8e8b-d015a6b4ebc1,3,Sample English review 3268.
4348b854-1187-4f89-9bee-6701083a0775,c4d91a31-d5b9-468c-8116-9fbc58146e7b,08c2602d-87d3-4851-b7fb-2bad244b5357,6,Sample English review 3269.
5dce3987-4f67-4341-aa57-e011f17c1df2,c4d91a31-d5b9-468c-8116-9fbc58146e7b,81de516b-9d80-447a-a5f3-7f542dab2e6f,4,Sample English review 3270.
5cf52143-cc5b-4e0b-9b7d-92892fd400da,c4d91a31-d5b9-468c-8116-9fbc58146e7b,23855b90-cb3b-4533-a756-bab9bb81426e,5,
f3f952cf-6501-41e4-a3b9-229703291c86,c4d91a31-d5b9-468c-8116-9fbc58146e7b,2fd567ca-8efe-4948-bebd-a1a56f976d42,4,Sample English review 3272.
32633623-1892-401f-a406-a5f251c398ab,c4d91a31-d5b9-468c-8116-9fbc58146e7b,9008a579-51a2-4cde-80db-8e277bfd15c0,10,Sample English review 3273.
f9dc70b9-9317-47d6-8ef9-62d8f2777426,c4d91a31-d5b9-468c-8116-9fbc58146e7b,2d56957e-9087-4750-8598-9d99f1933845,4,Sample English review 3274.
6b2b3b9e-6e47-4298-a86f-b55c409cab7f,c4d91a31-d5b9-468c-8116-9fbc58146e7b,21bf0f34-fea3-4cb9-b9a7-94e72ffacc8a,8,Sample English review 3275.
4cf2f181-183b-4075-8fed-50a6f9095d00,c4d91a31-d5b9-468c-8116-9fbc58146e7b,ecdbf5f6-ea6e-48ad-8cf1-165f8682b135,4,
fb2a09e3-c1c2-4fb2-8de5-18a0cde7538b,c4d91a31-d5b9-468c-8116-9fbc58146e7b,47ae8c16-2d72-4c6b-8a12-3dac47db6ed7,2,Sample English review 3277.
a3b95ed7-7a7c-40f8-b274-06fe5ad83295,c4d91a31-d5b9-468c-8116-9fbc58146e7b,5fb1457b-691f-48fd-aeca-0103d0a88833,4,Sample English review 3278.
b1a4adde-4ea9-49ff-ada5-77ef2d07e96c,c4d91a31-d5b9-468c-8116-9fbc58146e7b,77ae4c44-0946-4323-afdc-9932fc01f4c6,5,Sample English review 3279.
66bc2206-7bfa-4ed6-b21d-aa30ceed0cf9,c4d91a31-d5b9-468c-8116-9fbc58146e7b,3ea805cf-d96a-4098-9682-f85f57267e43,7,
c1cf9e66-31e4-40ab-956a-1d9308d02bcc,c4d91a31-d5b9-468c-8116-9fbc58146e7b,3844a965-19f9-41ec-9515-28393113f8c8,4,Sample English review 3281.
19bbfbd7-c09b-4395-b2d3-e8732c20d332,c4d91a31-d5b9-468c-8116-9fbc58146e7b,81d5edb0-d9b4-4d01-968c-8eda5f5b6a03,6,Sample English review 3282.
2ebafac0-069d-4d32-a5b4-1331e1e56e1f,c4d91a31-d5b9-468c-8116-9fbc58146e7b,d3206088-b25a-455a-9323-1c8d5829b0b0,8,
84e5f0f2-095d-41a2-becb-8b70f3ef7080,c4d91a31-d5b9-468c-8116-9fbc58146e7b,9dae46b7-7f1a-4d67-b808-9e9c1b622d6c,10,Sample English review 3284.
6be8759d-2667-4a32-8798-4a684f0b44fb,e2084ec1-98f6-456c-92c8-25146739f222,81de516b-9d80-447a-a5f3-7f542dab2e6f,9,Sample English review 3285.
a019ec62-450b-4ac3-8d0d-65f76eaece5b,e2084ec1-98f6-456c-92c8-25146739f222,dac8e4dd-9f17-46ef-9865-5e025b74bf9a,6,Sample English review 3286.
41d83eff-5b0f-4305-a747-47c6442343fc,e2084ec1-98f6-456c-92c8-25146739f222,aa451009-5df5-4e3e-bce7-7ad1ac26b289,3,Sample English review 3287.
0458e6e4-e17a-4368-b0fe-78735e80ae42,e2084ec1-98f6-456c-92c8-25146739f222,6d0ed363-2c1a-43f7-958a-0e0cb6ea3e49,1,Sample English review 3288.
80261759-d2b2-42aa-99e9-dbac1b63264e,e2084ec1-98f6-456c-92c8-25146739f222,67021090-97c3-44f2-82ed-cf5f65828f38,2,
36435839-3b0e-4f9f-9bc7-a182c7dd4765,e2084ec1-98f6-456c-92c8-25146739f222,afc8c392-95b3-4506-8d6c-719f96692939,4,Sample English review 3290.
c0260331-e72f-4e1a-9365-9262c9b4996e,e2084ec1-98f6-456c-92c8-25146739f222,0c6967ae-a4d8-4920-9d51-c7d95b61d752,4,Sample English review 3291.
3a4899ea-9753-432c-a57a-bb15f4772974,e2084ec1-98f6-456c-92c8-25146739f222,3e78c42e-79c6-46a5-84ba-afca64de824b,3,Sample English review 3292.
f6f14461-1275-4ef5-97a7-14013acaafad,e2084ec1-98f6-456c-92c8-25146739f222,0eda6729-995b-43a0-9a17-b89035543c47,5,Sample English review 3293.
a17d0f99-aba8-4377-bf0c-aa3f0a342ca2,5f57506a-b8bb-47d4-8bcd-b4b075cf8339,cb55c939-b208-4183-9cac-dc086cdad4ea,9,Sample English review 3294.
58ecb1f7-d87c-4056-82a6-1c1ae9b1a237,5f57506a-b8bb-47d4-8bcd-b4b075cf8339,62531f1e-00a6-4fce-ab03-320c8c0852e8,5,
ef9391b6-7f31-48a9-a933-954278bcb34f,5f57506a-b8bb-47d4-8bcd-b4b075cf8339,74429405-c801-4e71-87cd-1d726e8cd8f7,2,Sample English review 3296.
5b74f1e2-8206-45ac-bafe-08c9d83105e1,5f57506a-b8bb-47d4-8bcd-b4b075cf8339,4edba6e8-c8d9-4fe2-a682-124b91f87604,7,
75303ecd-67f6-420a-8c67-01514aa6c735,5f57506a-b8bb-47d4-8bcd-b4b075cf8339,08c2602d-87d3-4851-b7fb-2bad244b5357,6,Sample English review 3298.
efc70d11-bdc2-4576-8629-826519d5e86c,5f57506a-b8bb-47d4-8bcd-b4b075cf8339,4ad5c73a-5c99-4e98-9d90-0e03b0986909,4,
32ae4233-54ad-4042-9993-e011a376262a,5f57506a-b8bb-47d4-8bcd-b4b075cf8339,f58f62f8-c6cd-4d19-adce-d4d1da14b149,10,Sample English review 3300.
e5d990da-d7e1-429f-8c3b-bc0505c3f73d,5f57506a-b8bb-47d4-8bcd-b4b075cf8339,fd530ba8-7ae3-47c6-b384-a6b01df494cb,9,Sample English review 3301.
dee230b3-1d35-43cf-8dcc-3cfd24d1abd2,5f57506a-b8bb-47d4-8bcd-b4b075cf8339,1f2f5550-69ee-4ec3-82d2-d6cf2d0fc05c,3,Sample English review 3302.
3b64b753-edaf-4b32-a672-90c8fa0e6ff5,5f57506a-b8bb-47d4-8bcd-b4b075cf8339,c3820118-4994-4049-8719-6d71466870fe,7,Sample English review 3303.
1ca7ee86-1e65-42ed-816e-da50c9f82502,5f57506a-b8bb-47d4-8bcd-b4b075cf8339,4072477a-0e21-47ca-9a86-73f662b98398,7,Sample English review 3304.
97f2e7ea-5aa4-4fa5-80dc-a453edbb5e94,5f57506a-b8bb-47d4-8bcd-b4b075cf8339,d51ce7b5-dd79-4d62-93c4-4a7cff3d22e3,5,
730de658-a306-4539-a42b-55512dcc8d14,5f57506a-b8bb-47d4-8bcd-b4b075cf8339,979d4dea-2a55-46c2-a9d1-95d1bd7fab87,7,Sample English review 3306.
92718df0-70ad-476a-94a5-05c12d0d787f,5f57506a-b8bb-47d4-8bcd-b4b075cf8339,77ae4c44-0946-4323-afdc-9932fc01f4c6,7,Sample English review 3307.
94244654-a47e-49ad-8743-d71195dc2b8e,5f57506a-b8bb-47d4-8bcd-b4b075cf8339,cf58157c-eee8-4cb1-af62-820e7aadb847,9,Sample English review 3308.
34f181a7-3919-43ab-aebf-9c4a835d95ec,5f57506a-b8bb-47d4-8bcd-b4b075cf8339,1afd4484-49c1-4870-b60c-c754c4ce04d0,3,
97cd2c00-dcab-4f95-8045-5766df079b96,5f57506a-b8bb-47d4-8bcd-b4b075cf8339,47632200-a702-4992-9f11-020d87c3aaed,9,Sample English review 3310.
e9cd2d53-117c-4961-be56-835c0e70565f,559e6e8c-9bb5-4425-ad48-64d6e1786d2f,62531f1e-00a6-4fce-ab03-320c8c0852e8,1,Sample English review 3311.
00fe14fb-c820-4d55-be23-2e87e6f74714,559e6e8c-9bb5-4425-ad48-64d6e1786d2f,2c417aef-cf61-4d18-ae06-06ba2317f36f,9,
c89aa20c-d015-484c-8df0-6a7a0b51ea41,559e6e8c-9bb5-4425-ad48-64d6e1786d2f,427354fb-8736-4fd4-9ea1-30b98d1974e7,8,Sample English review 3313.
9a133220-5540-4183-ab94-813c1915b03e,559e6e8c-9bb5-4425-ad48-64d6e1786d2f,7c08735f-311c-4060-9637-87bee6bf9673,9,Sample English review 3314.
5ccb2fc0-0493-47e7-b3d4-790195286da4,559e6e8c-9bb5-4425-ad48-64d6e1786d2f,23855b90-cb3b-4533-a756-bab9bb81426e,9,Sample English review 3315.
3b81bb77-6441-4bd2-8f43-587d0310e8ac,559e6e8c-9bb5-4425-ad48-64d6e1786d2f,9bc42e46-67c9-447f-be78-4ae50e491d93,1,Sample English review 3316.
b3d31f21-d490-4050-9e6e-076104aebf38,559e6e8c-9bb5-4425-ad48-64d6e1786d2f,3e78c42e-79c6-46a5-84ba-afca64de824b,10,Sample English review 3317.
f6fe8dd5-3da0-4726-a80f-5bff48d773ac,559e6e8c-9bb5-4425-ad48-64d6e1786d2f,dac8e4dd-9f17-46ef-9865-5e025b74bf9a,10,Sample English review 3318.
3fc64361-a1a0-4bd8-9ce1-8a2f58fff329,559e6e8c-9bb5-4425-ad48-64d6e1786d2f,ebaef81b-0f73-4e06-bb20-5ef173be29af,3,Sample English review 3319.
a5f06d4f-704e-4e47-beb5-6e96fd7c0b6e,559e6e8c-9bb5-4425-ad48-64d6e1786d2f,81d5edb0-d9b4-4d01-968c-8eda5f5b6a03,7,
5a4dc2ef-4c19-461d-b055-cddfcc4014bb,559e6e8c-9bb5-4425-ad48-64d6e1786d2f,99f6f5c3-1cb9-4fe1-ab1a-aa9c1d16dbd0,10,Sample English review 3321.
be71f446-d362-4ad8-a6c3-49811c8a6974,559e6e8c-9bb5-4425-ad48-64d6e1786d2f,4ad5c73a-5c99-4e98-9d90-0e03b0986909,7,Sample English review 3322.
2850e1ce-0b6d-4b2a-ab50-fb6e61192107,559e6e8c-9bb5-4425-ad48-64d6e1786d2f,c3820118-4994-4049-8719-6d71466870fe,4,
e9a6f7a5-9cb6-4a11-8377-1b013503e26b,559e6e8c-9bb5-4425-ad48-64d6e1786d2f,1afd4484-49c1-4870-b60c-c754c4ce04d0,9,
05363213-3cec-4c72-b0bc-5d7ee64ccfc4,559e6e8c-9bb5-4425-ad48-64d6e1786d2f,8ff07004-cedb-4c53-a5dd-a034c6073f8e,10,Sample English review 3325.
3532f397-5d1c-4c9f-8763-22c8158ea1b3,559e6e8c-9bb5-4425-ad48-64d6e1786d2f,e52406b3-6af5-42dc-a087-fe3f73c2cb30,2,Sample English review 3326.
5766ffcc-687e-487b-b123-60a762eed297,559e6e8c-9bb5-4425-ad48-64d6e1786d2f,f9a7e8ba-2326-4fd7-b228-98060197c4f6,10,Sample English review 3327.
f3a92215-e597-4217-beba-cc7ac81e761c,559e6e8c-9bb5-4425-ad48-64d6e1786d2f,fd530ba8-7ae3-47c6-b384-a6b01df494cb,2,
36523d35-b47e-4b4d-9d8a-0d2fb357ac4e,559e6e8c-9bb5-4425-ad48-64d6e1786d2f,cb55c939-b208-4183-9cac-dc086cdad4ea,2,
299a6501-8e82-4cf2-9fe5-63781efa580d,559e6e8c-9bb5-4425-ad48-64d6e1786d2f,af3763b7-7954-464c-8287-33c652eaced6,6,
22e0ed56-2099-4b13-a79a-6775ba3fddf6,559e6e8c-9bb5-4425-ad48-64d6e1786d2f,d01b25df-fe4a-4617-b8b9-ee0c60db6556,2,Sample English review 3331.
0a020e9f-9027-4fbc-afca-220e7af5c716,feef9169-8aba-4591-bede-37b102e97674,1afd4484-49c1-4870-b60c-c754c4ce04d0,4,Sample English review 3332.
0ba82d27-8539-42e2-a81d-b9272a5baed7,f7f695e6-37fb-453a-b0e2-2fc3e3a7889f,708f4f48-f883-4f49-97ee-2c0a91c249de,9,
447c41f3-3a31-49fe-8b0f-a686691b8873,f7f695e6-37fb-453a-b0e2-2fc3e3a7889f,ecdbf5f6-ea6e-48ad-8cf1-165f8682b135,3,
9125f065-d0fc-43bf-9f8d-e0d3405463de,f7f695e6-37fb-453a-b0e2-2fc3e3a7889f,d01b25df-fe4a-4617-b8b9-ee0c60db6556,8,
1cf81a31-7fd4-4b2e-bd4a-c9f3e2c9647c,f7f695e6-37fb-453a-b0e2-2fc3e3a7889f,85bbf311-5929-482a-a259-21f783c36c59,3,Sample English review 3336.
facc9190-c3dd-4d52-aadb-3b51c4a9b8a3,f7f695e6-37fb-453a-b0e2-2fc3e3a7889f,b3bb325c-6f93-4946-9d94-ca835b5be056,7,Sample English review 3337.
a20f1190-9424-4ccd-be59-898d0a7f166f,f7f695e6-37fb-453a-b0e2-2fc3e3a7889f,e9774607-8354-4ac8-adcf-f72a1716c51b,3,Sample English review 3338.
9a2a589c-5b9b-4c85-9c00-ddb2ec61916e,f7f695e6-37fb-453a-b0e2-2fc3e3a7889f,722c5ad2-9175-4d47-9f8a-d10e496d97f8,8,Sample English review 3339.
eef504b4-7131-4188-b65b-093a4316db95,f7f695e6-37fb-453a-b0e2-2fc3e3a7889f,34e41375-9db2-4e92-9f7d-76f36353f4e6,10,
8eb43c71-a796-43ee-b8e7-02d6f623d412,f7f695e6-37fb-453a-b0e2-2fc3e3a7889f,7bd0bc4e-e14f-4f46-8e8b-d015a6b4ebc1,5,Sample English review 3341.
55e21fdc-6b78-4b46-ae9a-f4b56b6f5210,f7f695e6-37fb-453a-b0e2-2fc3e3a7889f,47632200-a702-4992-9f11-020d87c3aaed,4,Sample English review 3342.
be4d0b22-209e-403c-81bd-e9ec12eaf32b,f7f695e6-37fb-453a-b0e2-2fc3e3a7889f,7338dd63-a1d1-4e74-9759-cd17bae3c0d8,6,Sample English review 3343.
bfd4693a-9794-4503-a334-5e9b474967cc,f7f695e6-37fb-453a-b0e2-2fc3e3a7889f,23855b90-cb3b-4533-a756-bab9bb81426e,7,Sample English review 3344.
f59b7a1d-c22d-49b3-bd86-c27d53e8ecfa,f7f695e6-37fb-453a-b0e2-2fc3e3a7889f,47ae8c16-2d72-4c6b-8a12-3dac47db6ed7,5,Sample English review 3345.
22812621-762f-4edd-ae6d-6fe5f8aba80e,e1118518-39a4-49cd-aba4-880ee04c9118,6d0ed363-2c1a-43f7-958a-0e0cb6ea3e49,3,Sample English review 3346.
58b5af9a-3769-49bc-94cb-eaa00780a63c,e1118518-39a4-49cd-aba4-880ee04c9118,1b3bae68-e409-4055-a2c3-d5f42604c9b1,4,Sample English review 3347.
0db9fd6e-1f54-4081-8f0e-1c04c9f7cadb,e1118518-39a4-49cd-aba4-880ee04c9118,7bd0bc4e-e14f-4f46-8e8b-d015a6b4ebc1,7,
0631cd73-0042-4542-9f53-c54a3a7872a3,e1118518-39a4-49cd-aba4-880ee04c9118,4ad5c73a-5c99-4e98-9d90-0e03b0986909,9,Sample English review 3349.
8f480ba1-b17d-406a-9ed9-aa19ecce07b3,e1118518-39a4-49cd-aba4-880ee04c9118,2d56957e-9087-4750-8598-9d99f1933845,10,
78d126c3-1514-4bd2-9ec3-425500d0c302,e1118518-39a4-49cd-aba4-880ee04c9118,7c01f309-b5b4-4962-843f-9698ce3ede17,6,Sample English review 3351.
bc7fbc33-a91f-4cce-9f51-e41d334d14db,e1118518-39a4-49cd-aba4-880ee04c9118,81de516b-9d80-447a-a5f3-7f542dab2e6f,6,Sample English review 3352.
726c2127-0dce-46f7-82fb-49dcf003cfc9,e1118518-39a4-49cd-aba4-880ee04c9118,cf58157c-eee8-4cb1-af62-820e7aadb847,1,Sample English review 3353.
2140bc82-8d35-4e9a-9e40-2a67faa386d3,e1118518-39a4-49cd-aba4-880ee04c9118,e994bf32-d050-4e52-b334-5b6074b2a959,3,Sample English review 3354.
b4afa9c4-c28a-480e-b04d-b6d8162c2e7d,e1118518-39a4-49cd-aba4-880ee04c9118,77ae4c44-0946-4323-afdc-9932fc01f4c6,4,Sample English review 3355.
17ce4eb7-1d05-4d01-b289-8c6cf70b95ff,e1118518-39a4-49cd-aba4-880ee04c9118,cb55c939-b208-4183-9cac-dc086cdad4ea,2,Sample English review 3356.
d7809cb5-ceb2-48ee-8338-1f839b4bb16b,e1118518-39a4-49cd-aba4-880ee04c9118,afc8c392-95b3-4506-8d6c-719f96692939,6,Sample English review 3357.
f1321251-f1c6-49af-bcda-c7e2f84c1477,a59b9eb5-cb3a-49e5-9fdd-cac48fd00197,6c34f6f7-2682-4513-951e-96f325e7eb19,5,Sample English review 3358.
6567a7d3-82cf-4a8c-99a3-bb645d7e24c5,a59b9eb5-cb3a-49e5-9fdd-cac48fd00197,3e78c42e-79c6-46a5-84ba-afca64de824b,5,Sample English review 3359.
7f98a13b-14e6-4f85-94a2-93672f5498a2,a59b9eb5-cb3a-49e5-9fdd-cac48fd00197,0db8d5e2-1888-4d9f-a451-2f6e2a3e0f7d,6,Sample English review 3360.
91b495cb-87e1-44cf-ab9d-1c5a5b740f0b,a59b9eb5-cb3a-49e5-9fdd-cac48fd00197,6d0ed363-2c1a-43f7-958a-0e0cb6ea3e49,2,Sample English review 3361.
2d37c1ed-f03e-471b-8b3e-11b4ed57636f,a59b9eb5-cb3a-49e5-9fdd-cac48fd00197,f4fa3e26-130b-42f5-8e08-2d4f884e080d,6,
f483a5b1-0f9b-4b68-8673-d9f25d3bdaaf,a59b9eb5-cb3a-49e5-9fdd-cac48fd00197,37887751-4d47-4e5c-98fd-9fa0dc90314c,8,
d30d983d-3940-4447-88f6-eaa17c681c27,a59b9eb5-cb3a-49e5-9fdd-cac48fd00197,ebaef81b-0f73-4e06-bb20-5ef173be29af,6,Sample English review 3364.
b7c95862-74c4-406e-b2a0-49b3328d235b,a59b9eb5-cb3a-49e5-9fdd-cac48fd00197,d51ce7b5-dd79-4d62-93c4-4a7cff3d22e3,2,Sample English review 3365.
2d36fd9d-5ec0-43a5-9459-a2e96738ee55,a59b9eb5-cb3a-49e5-9fdd-cac48fd00197,3844a965-19f9-41ec-9515-28393113f8c8,9,
d8e7ca62-189a-4804-83e4-0fa27a42ddf4,a59b9eb5-cb3a-49e5-9fdd-cac48fd00197,ccda4639-3814-4892-99ea-7aa00cd42d49,1,Sample English review 3367.
f8bd2337-da5f-4b9b-8697-3e92466100ad,a59b9eb5-cb3a-49e5-9fdd-cac48fd00197,67d8b4ad-4640-43f2-9c53-6b4929f30103,9,Sample English review 3368.
58872a76-47fa-4340-b6a5-d492ebdf145d,a59b9eb5-cb3a-49e5-9fdd-cac48fd00197,33875037-f579-42ed-8aba-818a640c90d9,4,Sample English review 3369.
db55f344-5364-480c-8506-4ff4ebaf87f2,a59b9eb5-cb3a-49e5-9fdd-cac48fd00197,74429405-c801-4e71-87cd-1d726e8cd8f7,9,Sample English review 3370.
56fdcf1f-2648-4dec-8377-6d77d2150d29,a59b9eb5-cb3a-49e5-9fdd-cac48fd00197,99f8ef2d-c0e8-4290-83a6-b460677b198d,5,
e581adf6-0b5f-4b49-982c-3a8b403b9f5d,a59b9eb5-cb3a-49e5-9fdd-cac48fd00197,1f2f5550-69ee-4ec3-82d2-d6cf2d0fc05c,7,
74e0a9c3-cf63-4865-9cf5-5ade00f5c867,a59b9eb5-cb3a-49e5-9fdd-cac48fd00197,34e41375-9db2-4e92-9f7d-76f36353f4e6,9,Sample English review 3373.
e48fcacc-c66d-4321-a3d9-1a804a15bdad,a59b9eb5-cb3a-49e5-9fdd-cac48fd00197,afc8c392-95b3-4506-8d6c-719f96692939,4,Sample English review 3374.
8ab7cc62-9afc-4184-aa21-473ebb186d8a,a59b9eb5-cb3a-49e5-9fdd-cac48fd00197,f58f62f8-c6cd-4d19-adce-d4d1da14b149,2,Sample English review 3375.
69c3239b-054a-42ab-88b5-53024cfc14d9,a59b9eb5-cb3a-49e5-9fdd-cac48fd00197,47632200-a702-4992-9f11-020d87c3aaed,7,
5cfc6107-d821-40c1-9d61-53803943852f,a59b9eb5-cb3a-49e5-9fdd-cac48fd00197,4072477a-0e21-47ca-9a86-73f662b98398,7,Sample English review 3377.
6a4568e7-1ab5-4538-b5ba-521cefce7946,8fdd6896-1523-47a4-abd5-c746ca1dd5d0,9bc42e46-67c9-447f-be78-4ae50e491d93,10,Sample English review 3378.
dfbebc71-7095-4069-80ff-4bf2664d69a4,8fdd6896-1523-47a4-abd5-c746ca1dd5d0,5597d267-e508-4a43-8244-f8ec9fdecae4,2,Sample English review 3379.
98c2942b-d3db-414d-a922-1173bf103521,8fdd6896-1523-47a4-abd5-c746ca1dd5d0,9c0da375-3d5a-4608-b8c7-9e36139d6c33,5,Sample English review 3380.
be92972f-67c0-4283-984a-5ae8224ffca4,8fdd6896-1523-47a4-abd5-c746ca1dd5d0,6358f21d-d22d-4f6c-b15e-7a1b7ba90800,6,Sample English review 3381.
59c12be2-a071-488b-8da5-cacdf206a922,8fdd6896-1523-47a4-abd5-c746ca1dd5d0,05de5279-613f-4b9e-b38d-1e4203d75c1a,5,Sample English review 3382.
fc4363da-2a3b-44f4-b9ae-3fb87a18bfb4,8fdd6896-1523-47a4-abd5-c746ca1dd5d0,1444ba20-39ac-43a5-bccc-1cc41c2f03b1,5,Sample English review 3383.
a203bca0-a790-4923-a03b-0389e95c9e94,8fdd6896-1523-47a4-abd5-c746ca1dd5d0,62531f1e-00a6-4fce-ab03-320c8c0852e8,7,Sample English review 3384.
d58ce7a3-d4e9-49d8-8d70-2126727bfcb5,d4347813-c46c-4301-9ded-d9615bf6acc8,77ae4c44-0946-4323-afdc-9932fc01f4c6,9,Sample English review 3385.
c1dd80ca-ed51-43cd-bdde-264b5f417778,d4347813-c46c-4301-9ded-d9615bf6acc8,708f4f48-f883-4f49-97ee-2c0a91c249de,6,
caf70dd4-2fe8-4408-8b5b-6283b7d0cf2f,d4347813-c46c-4301-9ded-d9615bf6acc8,0db8d5e2-1888-4d9f-a451-2f6e2a3e0f7d,7,
c00049e3-2a6b-489c-aaf0-bf6b7dc834f8,d4347813-c46c-4301-9ded-d9615bf6acc8,3e78c42e-79c6-46a5-84ba-afca64de824b,4,
4737b8bd-0284-4acd-bbf2-34c807c42717,d4347813-c46c-4301-9ded-d9615bf6acc8,1f2f5550-69ee-4ec3-82d2-d6cf2d0fc05c,5,Sample English review 3389.
19e5bcae-7be3-40a6-9145-8e307f103c65,d4347813-c46c-4301-9ded-d9615bf6acc8,2c417aef-cf61-4d18-ae06-06ba2317f36f,1,Sample English review 3390.
d64df1f3-04f1-4682-a9ef-5999a513054c,d4347813-c46c-4301-9ded-d9615bf6acc8,4ad5c73a-5c99-4e98-9d90-0e03b0986909,3,Sample English review 3391.
86c11479-295b-41b1-bb4f-0a91003e42b5,d4347813-c46c-4301-9ded-d9615bf6acc8,d9b9480a-a1e4-49d4-b8b5-a28a761924b7,8,Sample English review 3392.
f290adac-f36d-475b-b216-ba026b3a0de5,d4347813-c46c-4301-9ded-d9615bf6acc8,5e77bfad-cca1-40e3-9460-368c94829eed,3,
1d70faa6-1bb2-473b-815e-79404860addc,d4347813-c46c-4301-9ded-d9615bf6acc8,1b7592f5-0e3c-4c80-b5a2-4bd6f1157cba,8,
7193690f-3720-44be-9b0e-d307b926d785,d4347813-c46c-4301-9ded-d9615bf6acc8,e9774607-8354-4ac8-adcf-f72a1716c51b,4,
786be6c5-95c2-45ff-8a68-fb2ce8835ae1,d4347813-c46c-4301-9ded-d9615bf6acc8,33b5c78e-cad2-4331-b9b9-a38ef8954dec,5,
8134440a-1b30-40dd-ab81-961147aaf68a,d4347813-c46c-4301-9ded-d9615bf6acc8,85bbf311-5929-482a-a259-21f783c36c59,4,Sample English review 3397.
8873537d-4c86-4f80-bac1-f52901d609ba,d4347813-c46c-4301-9ded-d9615bf6acc8,677a4d7a-ae9b-4bdb-a72f-67f73eba99c7,3,Sample English review 3398.
9f0a3a0b-8810-403a-8214-4c38c369d231,d4347813-c46c-4301-9ded-d9615bf6acc8,8a99736e-dad6-489d-aa46-0ee02356e5fe,8,Sample English review 3399.
cee45c36-05a1-4809-8b82-6571b20ac351,d4347813-c46c-4301-9ded-d9615bf6acc8,ebaef81b-0f73-4e06-bb20-5ef173be29af,7,Sample English review 3400.
8e34ae8d-b557-4895-94ba-856df3d47f03,d4347813-c46c-4301-9ded-d9615bf6acc8,8ff07004-cedb-4c53-a5dd-a034c6073f8e,9,Sample English review 3401.
23bcaaf2-a8d8-483f-ab4b-16d63643f641,d4347813-c46c-4301-9ded-d9615bf6acc8,1b3bae68-e409-4055-a2c3-d5f42604c9b1,6,
430caaca-4037-44dd-9450-6ddcc5fe5953,2b8a63f8-16f2-4fcc-b2f6-947b4e2a2bde,81de516b-9d80-447a-a5f3-7f542dab2e6f,3,
7b8b463c-0f9b-4b66-a378-f84e05bb9ce9,2b8a63f8-16f2-4fcc-b2f6-947b4e2a2bde,33b5c78e-cad2-4331-b9b9-a38ef8954dec,6,Sample English review 3404.
50b34827-5b28-47c7-8007-f1affdebcf63,2b8a63f8-16f2-4fcc-b2f6-947b4e2a2bde,34e41375-9db2-4e92-9f7d-76f36353f4e6,9,Sample English review 3405.
255943ba-1c5f-4671-bc7a-2525362583eb,2b8a63f8-16f2-4fcc-b2f6-947b4e2a2bde,37887751-4d47-4e5c-98fd-9fa0dc90314c,2,Sample English review 3406.
9f63cef3-35c9-4eea-9a95-15aeb9ba16c9,2b8a63f8-16f2-4fcc-b2f6-947b4e2a2bde,7c01f309-b5b4-4962-843f-9698ce3ede17,5,Sample English review 3407.
7af79aea-fb3e-49d1-b033-d5dee5003cbd,2b8a63f8-16f2-4fcc-b2f6-947b4e2a2bde,08c2602d-87d3-4851-b7fb-2bad244b5357,3,Sample English review 3408.
10caed0c-236c-46db-ad34-2a9d0043890f,2b8a63f8-16f2-4fcc-b2f6-947b4e2a2bde,4edba6e8-c8d9-4fe2-a682-124b91f87604,6,Sample English review 3409.
e20b179b-0125-46c5-9bbc-73e358af9566,2b8a63f8-16f2-4fcc-b2f6-947b4e2a2bde,138aca2e-a48d-46a6-ac06-c902efe4fd18,2,Sample English review 3410.
1085a8c0-2bcf-40a3-9533-2341f0e2efb6,2b8a63f8-16f2-4fcc-b2f6-947b4e2a2bde,5e77bfad-cca1-40e3-9460-368c94829eed,3,Sample English review 3411.
0353017d-09c2-458c-8d18-734a51ea550d,2b8a63f8-16f2-4fcc-b2f6-947b4e2a2bde,4072477a-0e21-47ca-9a86-73f662b98398,3,Sample English review 3412.
d908cd91-72e8-4118-a822-2c8a0542e946,2b8a63f8-16f2-4fcc-b2f6-947b4e2a2bde,3e78c42e-79c6-46a5-84ba-afca64de824b,7,Sample English review 3413.
663d330f-9514-4152-af96-c55a6c48b0be,d5158470-d67b-4ca5-9c56-93a4ff77b629,47632200-a702-4992-9f11-020d87c3aaed,3,
6d67d0f0-d606-41d9-b943-1e62a4c9dff5,d5158470-d67b-4ca5-9c56-93a4ff77b629,cb55c939-b208-4183-9cac-dc086cdad4ea,7,Sample English review 3415.
393ce245-aa85-4b3a-956d-e714c6fbf0e8,d5158470-d67b-4ca5-9c56-93a4ff77b629,a3128f74-4fcf-4cae-b2db-d585516780d1,9,Sample English review 3416.
e1a4afd0-2ef3-4823-8c93-d9bf512621b6,d5158470-d67b-4ca5-9c56-93a4ff77b629,d01b25df-fe4a-4617-b8b9-ee0c60db6556,3,
c673decf-024f-42f8-9bf8-301e332da682,d5158470-d67b-4ca5-9c56-93a4ff77b629,4edba6e8-c8d9-4fe2-a682-124b91f87604,4,Sample English review 3418.
53b1f33c-af65-4643-82f2-ded804ea1cb8,d5158470-d67b-4ca5-9c56-93a4ff77b629,67d8b4ad-4640-43f2-9c53-6b4929f30103,4,Sample English review 3419.
a0affcf6-64c6-4dbc-bec0-0418e0876ac5,d5158470-d67b-4ca5-9c56-93a4ff77b629,09876245-335b-4ddd-bdbf-a33e23abc2fb,3,Sample English review 3420.
35fea1bf-fde6-41e5-a503-b0daa90890a3,d5158470-d67b-4ca5-9c56-93a4ff77b629,138aca2e-a48d-46a6-ac06-c902efe4fd18,9,Sample English review 3421.
52220a96-b861-40b5-9327-bad4a68c2516,d5158470-d67b-4ca5-9c56-93a4ff77b629,09901650-fe76-4f18-9bf9-e24256f4909e,4,Sample English review 3422.
a2cb468e-dcfb-44e3-ba3b-da4ab364c677,d5158470-d67b-4ca5-9c56-93a4ff77b629,23855b90-cb3b-4533-a756-bab9bb81426e,7,
f4ca4f7e-9882-4296-9d8d-f063ddfcb5fe,d5158470-d67b-4ca5-9c56-93a4ff77b629,3844a965-19f9-41ec-9515-28393113f8c8,1,Sample English review 3424.
bed295da-0a9a-45a4-82ba-34e0d802aa82,d5158470-d67b-4ca5-9c56-93a4ff77b629,8ff07004-cedb-4c53-a5dd-a034c6073f8e,7,Sample English review 3425.
b4b01062-e03e-48f2-a4cc-b2c98da94ab2,d5158470-d67b-4ca5-9c56-93a4ff77b629,5fb1457b-691f-48fd-aeca-0103d0a88833,6,Sample English review 3426.
c73b73df-a037-4710-be92-c8c8401f7748,d5158470-d67b-4ca5-9c56-93a4ff77b629,9bc42e46-67c9-447f-be78-4ae50e491d93,10,Sample English review 3427.
cf295b5d-b24e-415b-bd2e-0a4090c8c194,d5158470-d67b-4ca5-9c56-93a4ff77b629,ecdbf5f6-ea6e-48ad-8cf1-165f8682b135,2,
baa1b033-cf49-4994-a797-76adbe77b96b,d5158470-d67b-4ca5-9c56-93a4ff77b629,7c01f309-b5b4-4962-843f-9698ce3ede17,2,Sample English review 3429.
797c5726-0108-438b-a044-65c311b8775a,d5158470-d67b-4ca5-9c56-93a4ff77b629,09dc474c-41e1-47c7-bd11-8bcc61aba3cc,3,Sample English review 3430.
b8b40bec-d7bd-446d-b21a-51f746b86acf,d5158470-d67b-4ca5-9c56-93a4ff77b629,ebaef81b-0f73-4e06-bb20-5ef173be29af,6,Sample English review 3431.
f7ff8890-5e20-4f78-a2a2-9814a2543056,d5158470-d67b-4ca5-9c56-93a4ff77b629,677a4d7a-ae9b-4bdb-a72f-67f73eba99c7,9,
f7f9e189-4a4e-4b88-831c-766d08900ea0,d5158470-d67b-4ca5-9c56-93a4ff77b629,3ea805cf-d96a-4098-9682-f85f57267e43,4,Sample English review 3433.
266bb091-fcfb-4804-9949-5ba211c22847,d5158470-d67b-4ca5-9c56-93a4ff77b629,5597d267-e508-4a43-8244-f8ec9fdecae4,9,Sample English review 3434.
3a9d29fe-17c9-4399-b69f-d7ff4e95d07d,d5158470-d67b-4ca5-9c56-93a4ff77b629,e9774607-8354-4ac8-adcf-f72a1716c51b,5,Sample English review 3435.
641192a3-c393-4af9-b6c4-df49a0d6e6b3,1bf3c9a5-2a8b-4259-be59-6fd5a96a9a1d,9008a579-51a2-4cde-80db-8e277bfd15c0,7,Sample English review 3436.
e994a944-fac6-48f7-a3c3-662ed79b108e,1bf3c9a5-2a8b-4259-be59-6fd5a96a9a1d,7c08735f-311c-4060-9637-87bee6bf9673,4,
893a2275-5f87-4cd6-9a59-8fa8b63c394b,1bf3c9a5-2a8b-4259-be59-6fd5a96a9a1d,e52406b3-6af5-42dc-a087-fe3f73c2cb30,7,
802a740d-4be7-48ec-9c77-0d72582a956e,1bf3c9a5-2a8b-4259-be59-6fd5a96a9a1d,6d0ed363-2c1a-43f7-958a-0e0cb6ea3e49,6,Sample English review 3439.
e28631f5-845e-4d16-a540-931e61221cec,1bf3c9a5-2a8b-4259-be59-6fd5a96a9a1d,677a4d7a-ae9b-4bdb-a72f-67f73eba99c7,2,Sample English review 3440.
52523c26-85de-43d3-9d5b-f5e8c157b1bd,1bf3c9a5-2a8b-4259-be59-6fd5a96a9a1d,33875037-f579-42ed-8aba-818a640c90d9,4,Sample English review 3441.
8b15e334-75c5-4043-b5ee-7a09e2a0cfaa,1bf3c9a5-2a8b-4259-be59-6fd5a96a9a1d,21bf0f34-fea3-4cb9-b9a7-94e72ffacc8a,3,
53fcccff-e6c4-4e82-99b0-f1ec522a4a88,1bf3c9a5-2a8b-4259-be59-6fd5a96a9a1d,138aca2e-a48d-46a6-ac06-c902efe4fd18,8,
2cf5c517-cec6-419f-a990-32a6b6f74bcd,1bf3c9a5-2a8b-4259-be59-6fd5a96a9a1d,a3128f74-4fcf-4cae-b2db-d585516780d1,7,
67f612c9-1535-4d2d-a083-da1959537df3,1bf3c9a5-2a8b-4259-be59-6fd5a96a9a1d,1aa28ea9-5df1-4ce1-a2db-7524bfcfd4ee,6,Sample English review 3445.
e516e293-0ffc-41e3-81fa-786d9a5eb1a6,1bf3c9a5-2a8b-4259-be59-6fd5a96a9a1d,0c6967ae-a4d8-4920-9d51-c7d95b61d752,6,
dd33e7ec-92e4-47e0-b2b7-d08000948507,1bf3c9a5-2a8b-4259-be59-6fd5a96a9a1d,81d5edb0-d9b4-4d01-968c-8eda5f5b6a03,8,Sample English review 3447.
ec7c63c6-f83f-4d05-a728-237e970fe27e,1bf3c9a5-2a8b-4259-be59-6fd5a96a9a1d,af3763b7-7954-464c-8287-33c652eaced6,5,
2430adb1-2152-4f67-b245-759b0bcb3c8f,1bf3c9a5-2a8b-4259-be59-6fd5a96a9a1d,502dde18-86e1-4b5c-88c2-8010d067ede7,10,
1a918693-e87a-4896-8410-afba7c14dba9,a24f0fac-d14d-4fd1-bee3-f1fedb6bb4a2,708f4f48-f883-4f49-97ee-2c0a91c249de,9,Sample English review 3450.
7b309afc-4141-49a9-90bc-57f6a24230c2,a24f0fac-d14d-4fd1-bee3-f1fedb6bb4a2,9008a579-51a2-4cde-80db-8e277bfd15c0,1,
f2265f41-0af9-4fd5-8525-bddff4e47d93,a24f0fac-d14d-4fd1-bee3-f1fedb6bb4a2,09876245-335b-4ddd-bdbf-a33e23abc2fb,10,Sample English review 3452.
860d0fb6-576a-4f37-8ed9-cec056282dbe,a24f0fac-d14d-4fd1-bee3-f1fedb6bb4a2,2752b069-f76a-4957-8807-6237a31f6d2c,2,
a58439a3-d750-43a1-9ca6-44d620b15881,a24f0fac-d14d-4fd1-bee3-f1fedb6bb4a2,47632200-a702-4992-9f11-020d87c3aaed,7,Sample English review 3454.
3d579d70-5d0d-4ad6-9582-684dcc33fdf5,a24f0fac-d14d-4fd1-bee3-f1fedb6bb4a2,8ff07004-cedb-4c53-a5dd-a034c6073f8e,4,Sample English review 3455.
c3406c5a-19f7-4ffb-b676-962b14b85522,0188b253-4bee-4c53-8b2e-b345d0252f47,6c34f6f7-2682-4513-951e-96f325e7eb19,4,Sample English review 3456.
d4c57e55-8754-4304-8744-27b6b28a0f26,0188b253-4bee-4c53-8b2e-b345d0252f47,4072477a-0e21-47ca-9a86-73f662b98398,6,Sample English review 3457.
e97653ed-c538-462d-a47e-699ad14e6d9e,0188b253-4bee-4c53-8b2e-b345d0252f47,7bd0bc4e-e14f-4f46-8e8b-d015a6b4ebc1,4,Sample English review 3458.
0799be3b-15e0-4713-81cd-c6b4da8cd720,0188b253-4bee-4c53-8b2e-b345d0252f47,f58f62f8-c6cd-4d19-adce-d4d1da14b149,5,Sample English review 3459.
c9c914b2-4616-401b-b4aa-3d368f533a95,0188b253-4bee-4c53-8b2e-b345d0252f47,427354fb-8736-4fd4-9ea1-30b98d1974e7,8,Sample English review 3460.
c0d76003-e05f-4e36-a4fb-dc09a1c45b18,0188b253-4bee-4c53-8b2e-b345d0252f47,77ae4c44-0946-4323-afdc-9932fc01f4c6,10,Sample English review 3461.
253f49e5-2f06-4087-a51e-ae9af06396f6,0188b253-4bee-4c53-8b2e-b345d0252f47,81d5edb0-d9b4-4d01-968c-8eda5f5b6a03,2,
3ed4e1a2-28ee-487b-b271-28b731a9f815,0188b253-4bee-4c53-8b2e-b345d0252f47,05de5279-613f-4b9e-b38d-1e4203d75c1a,2,Sample English review 3463.
ff46e1af-d359-4a25-a78a-54bdf335e87f,0188b253-4bee-4c53-8b2e-b345d0252f47,2752b069-f76a-4957-8807-6237a31f6d2c,1,
6600acea-9996-4af3-9e85-40e60fb8a0a5,0188b253-4bee-4c53-8b2e-b345d0252f47,4edba6e8-c8d9-4fe2-a682-124b91f87604,2,Sample English review 3465.
85e5779c-1e24-4ca7-9352-8171d67d622f,0188b253-4bee-4c53-8b2e-b345d0252f47,4ad5c73a-5c99-4e98-9d90-0e03b0986909,2,
f57da396-57c9-414b-b66d-6e3bc6305a94,0188b253-4bee-4c53-8b2e-b345d0252f47,d01b25df-fe4a-4617-b8b9-ee0c60db6556,4,Sample English review 3467.
c5dc4a2c-92ac-4c68-8972-97ecaaba252a,0188b253-4bee-4c53-8b2e-b345d0252f47,69a62e24-d225-4d89-94b5-ae7f906b57dc,6,
fbb44a54-33e9-46bf-855c-70cade0e5294,0188b253-4bee-4c53-8b2e-b345d0252f47,e52406b3-6af5-42dc-a087-fe3f73c2cb30,2,
be5221c2-ee4d-4cdd-88d9-07f360024c95,0188b253-4bee-4c53-8b2e-b345d0252f47,ac17d6c1-f9a9-42be-9c29-6670939d8d5e,6,
61aa1093-1723-4c1b-8605-267828df6cce,0188b253-4bee-4c53-8b2e-b345d0252f47,0c6967ae-a4d8-4920-9d51-c7d95b61d752,8,Sample English review 3471.
a35cee4b-df3f-4e7f-ab63-f002b26616cc,0188b253-4bee-4c53-8b2e-b345d0252f47,0eda6729-995b-43a0-9a17-b89035543c47,10,Sample English review 3472.
1ac3c2f4-cfef-4d2a-b900-5ac025bdae14,0188b253-4bee-4c53-8b2e-b345d0252f47,b51a7d8d-dbc7-426e-9013-dd2124a444bb,7,
483dc61e-8ab3-4458-8d94-301c7c39ced2,0188b253-4bee-4c53-8b2e-b345d0252f47,81de516b-9d80-447a-a5f3-7f542dab2e6f,2,
a8c5a925-d0c1-4b28-90dc-11bb84d43bc8,0188b253-4bee-4c53-8b2e-b345d0252f47,a3128f74-4fcf-4cae-b2db-d585516780d1,8,Sample English review 3475.
0f341553-b8b8-4283-b778-74bbc1ea2d58,0188b253-4bee-4c53-8b2e-b345d0252f47,425035ef-0093-422c-a760-2740c95f4457,9,Sample English review 3476.
a0906c1a-084f-4337-9034-5f6b83585750,0188b253-4bee-4c53-8b2e-b345d0252f47,f9a7e8ba-2326-4fd7-b228-98060197c4f6,7,Sample English review 3477.
3fc62314-6733-4663-87ce-dc453fde06bf,da45ea00-af86-4c0e-b40c-db8030c5408b,138aca2e-a48d-46a6-ac06-c902efe4fd18,9,Sample English review 3478.
79b7e34c-989f-4fea-8b56-40e1704ff4b5,da45ea00-af86-4c0e-b40c-db8030c5408b,aa451009-5df5-4e3e-bce7-7ad1ac26b289,6,Sample English review 3479.
ef85d799-61d9-4bab-b709-729780a3f7c5,da45ea00-af86-4c0e-b40c-db8030c5408b,7338dd63-a1d1-4e74-9759-cd17bae3c0d8,1,Sample English review 3480.
cacc4333-2a75-4410-bedc-ec68afcf2018,da45ea00-af86-4c0e-b40c-db8030c5408b,502dde18-86e1-4b5c-88c2-8010d067ede7,8,Sample English review 3481.
9a7d0f12-542c-49cc-9e20-a40dc5e29ed2,da45ea00-af86-4c0e-b40c-db8030c5408b,2752b069-f76a-4957-8807-6237a31f6d2c,2,Sample English review 3482.
ddb5956b-d82e-4f8f-a0f5-485b94ef7935,da45ea00-af86-4c0e-b40c-db8030c5408b,ac17d6c1-f9a9-42be-9c29-6670939d8d5e,1,Sample English review 3483.
22eefcab-38c9-478a-9377-45addf1af746,da45ea00-af86-4c0e-b40c-db8030c5408b,9dae46b7-7f1a-4d67-b808-9e9c1b622d6c,2,Sample English review 3484.
ccae7dbe-371e-497a-8d34-3167f0440c5b,da45ea00-af86-4c0e-b40c-db8030c5408b,0c6967ae-a4d8-4920-9d51-c7d95b61d752,1,Sample English review 3485.
fe6e5554-0a92-413b-91b9-1c200c466489,da45ea00-af86-4c0e-b40c-db8030c5408b,cf58157c-eee8-4cb1-af62-820e7aadb847,5,Sample English review 3486.
fd85771c-e2fa-4c61-83f7-4ab155119894,da45ea00-af86-4c0e-b40c-db8030c5408b,d51ce7b5-dd79-4d62-93c4-4a7cff3d22e3,2,Sample English review 3487.
866fc5b5-2ffc-4de6-a428-c9f0b85815c2,da45ea00-af86-4c0e-b40c-db8030c5408b,81d5edb0-d9b4-4d01-968c-8eda5f5b6a03,8,Sample English review 3488.
07126da5-4447-4be0-821a-0e6a625efe05,da45ea00-af86-4c0e-b40c-db8030c5408b,ecdbf5f6-ea6e-48ad-8cf1-165f8682b135,5,Sample English review 3489.
b5fb71b6-ae9f-4144-94c9-cf6d03dbed32,da45ea00-af86-4c0e-b40c-db8030c5408b,99f8ef2d-c0e8-4290-83a6-b460677b198d,10,Sample English review 3490.
90162633-0fb4-4bea-b507-7ac794ff45fa,da45ea00-af86-4c0e-b40c-db8030c5408b,722c5ad2-9175-4d47-9f8a-d10e496d97f8,1,Sample English review 3491.
d7e02314-d8a1-4c5f-8d1c-69ee501dfd37,217928e8-c61a-4c25-8b17-91cdaf5fe64d,85bbf311-5929-482a-a259-21f783c36c59,1,Sample English review 3492.
2389cd15-7947-4084-9e07-94b1d5713882,217928e8-c61a-4c25-8b17-91cdaf5fe64d,0db8d5e2-1888-4d9f-a451-2f6e2a3e0f7d,2,Sample English review 3493.
185b7c7c-27a0-4ab2-aa7a-11dc477cb5cc,217928e8-c61a-4c25-8b17-91cdaf5fe64d,f58f62f8-c6cd-4d19-adce-d4d1da14b149,5,
a6d35c74-feba-4cc7-b408-3ab95948c322,217928e8-c61a-4c25-8b17-91cdaf5fe64d,af3763b7-7954-464c-8287-33c652eaced6,2,Sample English review 3495.
96d09ab5-fd33-4b0b-ba89-41717468f031,217928e8-c61a-4c25-8b17-91cdaf5fe64d,7c01f309-b5b4-4962-843f-9698ce3ede17,5,
2025ef01-777c-47ea-9c70-507851951444,217928e8-c61a-4c25-8b17-91cdaf5fe64d,3c16d474-f898-4cfe-b924-7c38bea20d5c,10,Sample English review 3497.
53097fda-3f0c-45a0-94a9-e2d16ebe6511,217928e8-c61a-4c25-8b17-91cdaf5fe64d,33875037-f579-42ed-8aba-818a640c90d9,1,Sample English review 3498.
dc09ea87-90d5-48bd-b97f-a78a3e701adb,217928e8-c61a-4c25-8b17-91cdaf5fe64d,8a99736e-dad6-489d-aa46-0ee02356e5fe,7,Sample English review 3499.
092c825e-0927-4a7d-b3e8-81197a96b335,217928e8-c61a-4c25-8b17-91cdaf5fe64d,4ad5c73a-5c99-4e98-9d90-0e03b0986909,7,Sample English review 3500.
4d6f2f03-fc01-4f7f-8f80-1c31bf6cf1da,217928e8-c61a-4c25-8b17-91cdaf5fe64d,0eda6729-995b-43a0-9a17-b89035543c47,1,Sample English review 3501.
45ccbb85-124d-43ed-8966-f52a7f813562,217928e8-c61a-4c25-8b17-91cdaf5fe64d,2752b069-f76a-4957-8807-6237a31f6d2c,2,Sample English review 3502.
1a1c0827-67a9-46e3-86f8-8e1cf719faaa,217928e8-c61a-4c25-8b17-91cdaf5fe64d,6d0ed363-2c1a-43f7-958a-0e0cb6ea3e49,5,
83dcdd7c-1733-4c35-9b4b-4066c85b51f8,217928e8-c61a-4c25-8b17-91cdaf5fe64d,1afd4484-49c1-4870-b60c-c754c4ce04d0,7,Sample English review 3504.
168db700-9297-4e1b-ae83-751744b6b909,217928e8-c61a-4c25-8b17-91cdaf5fe64d,5fb1457b-691f-48fd-aeca-0103d0a88833,6,Sample English review 3505.
2373771c-e619-4d6f-ab99-31ffae2e1a15,217928e8-c61a-4c25-8b17-91cdaf5fe64d,6358f21d-d22d-4f6c-b15e-7a1b7ba90800,2,Sample English review 3506.
7d98df3a-abbe-46d3-b6ec-8a362c1cfef5,217928e8-c61a-4c25-8b17-91cdaf5fe64d,23855b90-cb3b-4533-a756-bab9bb81426e,8,
20e3435c-d33d-4a11-b37e-53ac1db5b604,a786e9c0-b912-4bb6-a27d-870ceaa259a8,6dc440b0-7d0d-4e8c-8dfa-aacb16c25536,8,
5d6fa3f0-2551-4ffa-8f00-be921a2ecd6d,a786e9c0-b912-4bb6-a27d-870ceaa259a8,7bd0bc4e-e14f-4f46-8e8b-d015a6b4ebc1,4,Sample English review 3509.
38145147-06c8-4d4b-befb-5e7a6486bace,a786e9c0-b912-4bb6-a27d-870ceaa259a8,f58f62f8-c6cd-4d19-adce-d4d1da14b149,10,Sample English review 3510.
61167500-b2b5-4fa3-89e1-52a371bcaf69,a786e9c0-b912-4bb6-a27d-870ceaa259a8,425035ef-0093-422c-a760-2740c95f4457,1,Sample English review 3511.
51977367-b831-4bce-928f-2e93e3f829ea,a786e9c0-b912-4bb6-a27d-870ceaa259a8,4ad5c73a-5c99-4e98-9d90-0e03b0986909,2,Sample English review 3512.
30f9e6c5-8521-4e74-9274-dcbaef6b0b5c,a786e9c0-b912-4bb6-a27d-870ceaa259a8,1444ba20-39ac-43a5-bccc-1cc41c2f03b1,2,Sample English review 3513.
0b9d7ea2-e6e3-41b9-8093-8e867a2280bf,a786e9c0-b912-4bb6-a27d-870ceaa259a8,99f8ef2d-c0e8-4290-83a6-b460677b198d,6,Sample English review 3514.
b704f6c4-ca6b-49e6-827e-3434afdc1ae6,a786e9c0-b912-4bb6-a27d-870ceaa259a8,81d5edb0-d9b4-4d01-968c-8eda5f5b6a03,3,
a4349e00-3b62-44ca-b463-a0fa17b7ef49,a786e9c0-b912-4bb6-a27d-870ceaa259a8,c3820118-4994-4049-8719-6d71466870fe,9,Sample English review 3516.
38ee67bb-d115-44db-9e9d-fa462c4ec199,a786e9c0-b912-4bb6-a27d-870ceaa259a8,2c417aef-cf61-4d18-ae06-06ba2317f36f,4,
992547a8-c77a-422d-9c50-873b2a6aea6f,a786e9c0-b912-4bb6-a27d-870ceaa259a8,f4fa3e26-130b-42f5-8e08-2d4f884e080d,1,Sample English review 3518.
4b5ba89e-8068-4648-beb0-bbf29a4ceda4,a786e9c0-b912-4bb6-a27d-870ceaa259a8,85bbf311-5929-482a-a259-21f783c36c59,7,Sample English review 3519.
81fbcba0-eb0b-4df9-a625-d173ef4bc1aa,1762b1db-1362-4fd7-a88b-79a862479b31,ccda4639-3814-4892-99ea-7aa00cd42d49,7,
563dc7c5-882b-4257-bb6b-917f1f76de89,1762b1db-1362-4fd7-a88b-79a862479b31,09dc474c-41e1-47c7-bd11-8bcc61aba3cc,7,
f7429dcc-0c80-443f-8d8f-03a813c458bb,1762b1db-1362-4fd7-a88b-79a862479b31,e994bf32-d050-4e52-b334-5b6074b2a959,5,
616ffd12-aafa-4359-83aa-f65c4d08b5ab,1762b1db-1362-4fd7-a88b-79a862479b31,e52406b3-6af5-42dc-a087-fe3f73c2cb30,8,Sample English review 3523.
135b7dfa-61d5-46f2-aee1-8b671a1d6e1c,1762b1db-1362-4fd7-a88b-79a862479b31,d9b9480a-a1e4-49d4-b8b5-a28a761924b7,5,
70373e16-5dd0-4465-80c2-ef3656746a48,1762b1db-1362-4fd7-a88b-79a862479b31,21bf0f34-fea3-4cb9-b9a7-94e72ffacc8a,8,
e9cb35f3-9f6b-43ad-841e-f5953ef9f329,1762b1db-1362-4fd7-a88b-79a862479b31,f9a7e8ba-2326-4fd7-b228-98060197c4f6,2,
bd606d6f-4b0e-43b7-acf8-a78aafc53ad4,1762b1db-1362-4fd7-a88b-79a862479b31,ac17d6c1-f9a9-42be-9c29-6670939d8d5e,7,Sample English review 3527.
d8c233a1-4941-4791-ae4d-6e6ed811e246,1762b1db-1362-4fd7-a88b-79a862479b31,33875037-f579-42ed-8aba-818a640c90d9,3,Sample English review 3528.
3f177211-6385-44e8-9896-e7658bd07b19,1762b1db-1362-4fd7-a88b-79a862479b31,ecab2181-cb9d-42f7-b110-65986cef6204,3,Sample English review 3529.
77397bbe-6a32-46ce-88f9-d390a54bb9ff,1762b1db-1362-4fd7-a88b-79a862479b31,ac393398-9266-4f9c-8a2d-d14ae2aa114e,9,Sample English review 3530.
4084b79a-0220-4aad-bb5f-bd599c2488a5,eacf7f2c-2021-4448-9d28-808e8d4c1498,9b151d62-177e-4736-b8e5-6cf69170f9dc,1,Sample English review 3531.
ffc6cbf0-5f49-488a-9c23-b4203bc3c6d9,eacf7f2c-2021-4448-9d28-808e8d4c1498,7bd0bc4e-e14f-4f46-8e8b-d015a6b4ebc1,3,Sample English review 3532.
df9966f5-5b3a-4fee-8ae0-88a065648a6b,eacf7f2c-2021-4448-9d28-808e8d4c1498,e9774607-8354-4ac8-adcf-f72a1716c51b,9,Sample English review 3533.
69ea3af3-8a74-4d36-a2e4-a6c77c92b02f,eacf7f2c-2021-4448-9d28-808e8d4c1498,33875037-f579-42ed-8aba-818a640c90d9,5,Sample English review 3534.
c7d04656-80cc-4ba9-b072-f0a66dde9475,eacf7f2c-2021-4448-9d28-808e8d4c1498,cb55c939-b208-4183-9cac-dc086cdad4ea,4,
c60cfc6d-b79c-4ef2-8e5b-7fdc9b538a58,eacf7f2c-2021-4448-9d28-808e8d4c1498,6c34f6f7-2682-4513-951e-96f325e7eb19,9,
9b314003-d5fb-45b3-99cb-f1763bfee97e,eacf7f2c-2021-4448-9d28-808e8d4c1498,47632200-a702-4992-9f11-020d87c3aaed,6,
658ab5b5-a7c6-4525-9893-0490b40bed3b,eacf7f2c-2021-4448-9d28-808e8d4c1498,f58f62f8-c6cd-4d19-adce-d4d1da14b149,3,
87893eab-e0cf-4c66-8f6c-e82dbe0a9c4c,eacf7f2c-2021-4448-9d28-808e8d4c1498,85bbf311-5929-482a-a259-21f783c36c59,5,Sample English review 3539.
dd5a00ad-1790-48b0-84ce-df818b913350,eacf7f2c-2021-4448-9d28-808e8d4c1498,47ae8c16-2d72-4c6b-8a12-3dac47db6ed7,2,
3487b5fe-63f0-4b34-a20c-f02777b04c2c,eacf7f2c-2021-4448-9d28-808e8d4c1498,677a4d7a-ae9b-4bdb-a72f-67f73eba99c7,5,Sample English review 3541.
7d225040-487d-4830-a136-790f27e1bd67,26c875bb-e68e-4f38-9f5b-ff92c159c329,1b3bae68-e409-4055-a2c3-d5f42604c9b1,7,Sample English review 3542.
51d8d6cd-3301-486b-804a-83fb95a2ad2d,26c875bb-e68e-4f38-9f5b-ff92c159c329,7c08735f-311c-4060-9637-87bee6bf9673,2,Sample English review 3543.
a3a61a62-c726-4e0f-849f-c681531a47e5,26c875bb-e68e-4f38-9f5b-ff92c159c329,2c417aef-cf61-4d18-ae06-06ba2317f36f,6,Sample English review 3544.
d9ca109d-4a36-4b70-9a97-9a598110749f,26c875bb-e68e-4f38-9f5b-ff92c159c329,cf58157c-eee8-4cb1-af62-820e7aadb847,2,Sample English review 3545.
8d9af9fa-41f7-4ce5-9928-1fcdeb973321,26c875bb-e68e-4f38-9f5b-ff92c159c329,3844a965-19f9-41ec-9515-28393113f8c8,10,Sample English review 3546.
9311f4b6-3610-4ab7-ae60-9c9726df81bc,26c875bb-e68e-4f38-9f5b-ff92c159c329,99f8ef2d-c0e8-4290-83a6-b460677b198d,2,
53d75a97-7408-4bfb-af31-c16e5cc14ef6,26c875bb-e68e-4f38-9f5b-ff92c159c329,09dc474c-41e1-47c7-bd11-8bcc61aba3cc,7,Sample English review 3548.
b39c6e39-c583-4ee8-97c4-c4094dd61f2a,26c875bb-e68e-4f38-9f5b-ff92c159c329,09876245-335b-4ddd-bdbf-a33e23abc2fb,10,Sample English review 3549.
feb2a9ba-408e-4469-9a3f-ca3ec43b8392,26c875bb-e68e-4f38-9f5b-ff92c159c329,ecdbf5f6-ea6e-48ad-8cf1-165f8682b135,2,Sample English review 3550.
6260d194-d2d0-4724-9de6-0727eb3dd809,26c875bb-e68e-4f38-9f5b-ff92c159c329,fd530ba8-7ae3-47c6-b384-a6b01df494cb,6,
9533fb97-ea4a-4062-8054-b655ab8b2560,26c875bb-e68e-4f38-9f5b-ff92c159c329,427354fb-8736-4fd4-9ea1-30b98d1974e7,7,
46061ee0-6063-4a97-a409-f0769e8d42f5,26c875bb-e68e-4f38-9f5b-ff92c159c329,23855b90-cb3b-4533-a756-bab9bb81426e,4,Sample English review 3553.
53233f54-d151-47cb-a2dd-e30bc6a2fec0,4ce2cd63-d1b2-48d0-b91a-c65a9108ddd8,3ea805cf-d96a-4098-9682-f85f57267e43,8,
c8257a77-516d-4a5e-9882-b8a3fcbb51fa,4ce2cd63-d1b2-48d0-b91a-c65a9108ddd8,7338dd63-a1d1-4e74-9759-cd17bae3c0d8,7,Sample English review 3555.
581b091d-a86a-46e8-8f2e-767c326d6b9e,4ce2cd63-d1b2-48d0-b91a-c65a9108ddd8,7c08735f-311c-4060-9637-87bee6bf9673,1,Sample English review 3556.
21ebedc1-08d2-4055-9d6a-5b5a4f3e89d9,4ce2cd63-d1b2-48d0-b91a-c65a9108ddd8,9c0da375-3d5a-4608-b8c7-9e36139d6c33,6,Sample English review 3557.
1f9abac5-dfe7-43a9-a3ae-e7604633f76a,4ce2cd63-d1b2-48d0-b91a-c65a9108ddd8,af3763b7-7954-464c-8287-33c652eaced6,3,
eb0da53c-c2b7-46d2-9090-21858cedb403,4ce2cd63-d1b2-48d0-b91a-c65a9108ddd8,2752b069-f76a-4957-8807-6237a31f6d2c,3,Sample English review 3559.
5b98ec90-81b5-4946-8eb0-5b43214d6c04,4ce2cd63-d1b2-48d0-b91a-c65a9108ddd8,4edba6e8-c8d9-4fe2-a682-124b91f87604,9,
86dec647-3407-4380-97aa-8ca1e6f2e4c2,4ce2cd63-d1b2-48d0-b91a-c65a9108ddd8,d51ce7b5-dd79-4d62-93c4-4a7cff3d22e3,7,Sample English review 3561.
c872f14d-4c86-43cd-a614-4d79048d1572,4ce2cd63-d1b2-48d0-b91a-c65a9108ddd8,6358f21d-d22d-4f6c-b15e-7a1b7ba90800,4,Sample English review 3562.
b27898c2-eabe-4a02-92a0-bd70bad25b4f,4ce2cd63-d1b2-48d0-b91a-c65a9108ddd8,2c417aef-cf61-4d18-ae06-06ba2317f36f,4,
f68d79f0-c9c3-4fe3-9184-4e6e37b1c3ca,4ce2cd63-d1b2-48d0-b91a-c65a9108ddd8,138aca2e-a48d-46a6-ac06-c902efe4fd18,10,Sample English review 3564.
797ee632-7698-469f-a0de-e2992877a37b,4ce2cd63-d1b2-48d0-b91a-c65a9108ddd8,6dc440b0-7d0d-4e8c-8dfa-aacb16c25536,8,Sample English review 3565.
b58a6516-0f83-4e16-9199-2a502a21d262,4ce2cd63-d1b2-48d0-b91a-c65a9108ddd8,09876245-335b-4ddd-bdbf-a33e23abc2fb,3,
cb7a8776-5bb9-43b9-ba76-2204c8369890,bc8254cc-99a8-4d83-a3a9-855c5a73a37f,09876245-335b-4ddd-bdbf-a33e23abc2fb,5,Sample English review 3567.
bb3aca34-f9e3-42df-8a4d-eaa1dd3a26d2,bc8254cc-99a8-4d83-a3a9-855c5a73a37f,62531f1e-00a6-4fce-ab03-320c8c0852e8,4,Sample English review 3568.
7753b2b1-0281-4109-a76a-af35e76af889,bc8254cc-99a8-4d83-a3a9-855c5a73a37f,aa451009-5df5-4e3e-bce7-7ad1ac26b289,9,Sample English review 3569.
9438525b-f282-4612-aa20-1cc10e7dba43,bc8254cc-99a8-4d83-a3a9-855c5a73a37f,ccda4639-3814-4892-99ea-7aa00cd42d49,10,Sample English review 3570.
1e2cb2fb-5947-4aa6-8c39-3c84d2aaaf16,bc8254cc-99a8-4d83-a3a9-855c5a73a37f,0db8d5e2-1888-4d9f-a451-2f6e2a3e0f7d,6,Sample English review 3571.
924e9533-8705-4d5b-a54c-e86400272461,bc8254cc-99a8-4d83-a3a9-855c5a73a37f,708f4f48-f883-4f49-97ee-2c0a91c249de,4,
42f88685-c7b5-4c8a-9b6a-3882e5509f81,bc8254cc-99a8-4d83-a3a9-855c5a73a37f,3844a965-19f9-41ec-9515-28393113f8c8,8,Sample English review 3573.
a8aaac07-6e23-4656-85d3-ccd47b9cbfd4,bc8254cc-99a8-4d83-a3a9-855c5a73a37f,4072477a-0e21-47ca-9a86-73f662b98398,4,Sample English review 3574.
859131af-9e64-4bfd-8cea-a60f17c161ae,bc8254cc-99a8-4d83-a3a9-855c5a73a37f,f9a7e8ba-2326-4fd7-b228-98060197c4f6,3,Sample English review 3575.
833434c2-91ca-4c0b-8659-7c26873a6f17,bc8254cc-99a8-4d83-a3a9-855c5a73a37f,b51a7d8d-dbc7-426e-9013-dd2124a444bb,9,Sample English review 3576.
f40b5278-ef3a-44bc-92cf-6e7cac235838,bc8254cc-99a8-4d83-a3a9-855c5a73a37f,8a99736e-dad6-489d-aa46-0ee02356e5fe,5,
a4e9863d-d8f9-46d9-b88d-5fa34244cfb4,bc8254cc-99a8-4d83-a3a9-855c5a73a37f,05de5279-613f-4b9e-b38d-1e4203d75c1a,5,Sample English review 3578.
ceb57c14-adb9-482c-9014-1dd0f3627644,bc8254cc-99a8-4d83-a3a9-855c5a73a37f,979d4dea-2a55-46c2-a9d1-95d1bd7fab87,1,Sample English review 3579.
e6baf8ea-86ea-466f-b1b8-c439ac27a3cc,bc8254cc-99a8-4d83-a3a9-855c5a73a37f,08c2602d-87d3-4851-b7fb-2bad244b5357,4,Sample English review 3580.
a733370e-103e-445c-aaa2-59951fc2d730,bc8254cc-99a8-4d83-a3a9-855c5a73a37f,81d5edb0-d9b4-4d01-968c-8eda5f5b6a03,4,Sample English review 3581.
c639fd41-58ab-400b-96b8-076eaf06f564,bc8254cc-99a8-4d83-a3a9-855c5a73a37f,ecab2181-cb9d-42f7-b110-65986cef6204,10,
1155583d-afed-48a0-b905-1075469af44e,bc8254cc-99a8-4d83-a3a9-855c5a73a37f,1aa28ea9-5df1-4ce1-a2db-7524bfcfd4ee,5,Sample English review 3583.
473f99a2-39e5-4dd8-957a-d074d0a4ce83,d0c15ec3-966e-4ab0-bf25-b357465e54a9,33875037-f579-42ed-8aba-818a640c90d9,3,
7b25fd55-7aa7-42b5-87c3-cfd7d0819f8e,d0c15ec3-966e-4ab0-bf25-b357465e54a9,5fb1457b-691f-48fd-aeca-0103d0a88833,6,Sample English review 3585.
67703aac-50c1-4459-bb40-ff1520389a76,d0c15ec3-966e-4ab0-bf25-b357465e54a9,1b7592f5-0e3c-4c80-b5a2-4bd6f1157cba,5,Sample English review 3586.
c90725a3-f569-49b9-85d1-32b5a97c194d,d0c15ec3-966e-4ab0-bf25-b357465e54a9,009bae3f-9085-415e-81bf-b86503fa9115,10,Sample English review 3587.
cfe70249-c9c9-404e-9235-93d2f9ab25bf,d0c15ec3-966e-4ab0-bf25-b357465e54a9,1444ba20-39ac-43a5-bccc-1cc41c2f03b1,8,Sample English review 3588.
9be21c63-c6e6-4a73-99e9-0cf8aa92a0aa,d0c15ec3-966e-4ab0-bf25-b357465e54a9,b3bb325c-6f93-4946-9d94-ca835b5be056,6,Sample English review 3589.
0c443047-c0e4-4cba-9d3f-c444fc7feccc,d0c15ec3-966e-4ab0-bf25-b357465e54a9,fd530ba8-7ae3-47c6-b384-a6b01df494cb,4,Sample English review 3590.
82a15f1e-26ed-4245-b94d-463500feef60,d0c15ec3-966e-4ab0-bf25-b357465e54a9,3e78c42e-79c6-46a5-84ba-afca64de824b,7,
fa2baab4-372b-4f00-96c1-a2a5c797fc54,d0c15ec3-966e-4ab0-bf25-b357465e54a9,7338dd63-a1d1-4e74-9759-cd17bae3c0d8,7,Sample English review 3592.
86e1eb9f-33b2-463e-b205-84e584b794e8,d0c15ec3-966e-4ab0-bf25-b357465e54a9,502dde18-86e1-4b5c-88c2-8010d067ede7,8,
c1088f1f-e00d-4903-89f6-23d95a6eed61,d0c15ec3-966e-4ab0-bf25-b357465e54a9,2fd567ca-8efe-4948-bebd-a1a56f976d42,6,
cf5ec0d1-cec3-49b6-a5ec-4fc782e63097,d0c15ec3-966e-4ab0-bf25-b357465e54a9,67021090-97c3-44f2-82ed-cf5f65828f38,4,Sample English review 3595.
b6fda078-d763-4d06-8da6-1e43d538f436,d0c15ec3-966e-4ab0-bf25-b357465e54a9,f58f62f8-c6cd-4d19-adce-d4d1da14b149,4,Sample English review 3596.
947601ea-3073-48d6-8c6d-7a21df99d7c6,bc8231be-9a22-43b8-9692-d8048e77a597,47ae8c16-2d72-4c6b-8a12-3dac47db6ed7,7,Sample English review 3597.
13279e37-5cf6-4ac9-83cb-eefbab9b90bf,bc8231be-9a22-43b8-9692-d8048e77a597,677a4d7a-ae9b-4bdb-a72f-67f73eba99c7,10,Sample English review 3598.
ba472dad-ba77-4123-839c-f21e8e1a4be6,bc8231be-9a22-43b8-9692-d8048e77a597,5e77bfad-cca1-40e3-9460-368c94829eed,6,Sample English review 3599.
2a7f2a69-61c7-4f44-b42d-019878d1b432,bc8231be-9a22-43b8-9692-d8048e77a597,a3128f74-4fcf-4cae-b2db-d585516780d1,9,Sample English review 3600.
00cd332d-6bf6-4460-82d0-2e55574ac25f,bc8231be-9a22-43b8-9692-d8048e77a597,1f2f5550-69ee-4ec3-82d2-d6cf2d0fc05c,9,Sample English review 3601.
4c95c076-2207-4ab7-a76e-6899534a3b8a,bc8231be-9a22-43b8-9692-d8048e77a597,b3bb325c-6f93-4946-9d94-ca835b5be056,7,
1cc300ff-be35-4f2f-b1c0-5b897567d5bf,bc8231be-9a22-43b8-9692-d8048e77a597,d01b25df-fe4a-4617-b8b9-ee0c60db6556,3,Sample English review 3603.
45a9df70-df5c-4e35-bee8-e8efc3af363d,bc8231be-9a22-43b8-9692-d8048e77a597,08c2602d-87d3-4851-b7fb-2bad244b5357,2,
9f69ce5e-02fa-422d-87a6-cbbbf9b3bb6a,bc8231be-9a22-43b8-9692-d8048e77a597,81de516b-9d80-447a-a5f3-7f542dab2e6f,5,
62cee37c-e6c5-4ba7-9192-a1d4e2f5e1ce,bc8231be-9a22-43b8-9692-d8048e77a597,5597d267-e508-4a43-8244-f8ec9fdecae4,9,Sample English review 3606.
f5487d8a-b73d-4168-87d6-53814743e06a,bc8231be-9a22-43b8-9692-d8048e77a597,d9b9480a-a1e4-49d4-b8b5-a28a761924b7,2,
82fb7fed-027b-4c83-8abf-cfb6c39b9c14,bc8231be-9a22-43b8-9692-d8048e77a597,81d5edb0-d9b4-4d01-968c-8eda5f5b6a03,3,Sample English review 3608.
a88139d4-8d4a-4864-bd38-c6ca8f1caceb,bc8231be-9a22-43b8-9692-d8048e77a597,f9a7e8ba-2326-4fd7-b228-98060197c4f6,1,
cf6d431e-3920-4d47-96e0-99106281b781,bceacedc-bbd2-46b5-84e8-b6ce3728c7d9,21bf0f34-fea3-4cb9-b9a7-94e72ffacc8a,7,Sample English review 3610.
3e8e3539-edf6-469f-9189-efcec3dd6d6c,bceacedc-bbd2-46b5-84e8-b6ce3728c7d9,a3128f74-4fcf-4cae-b2db-d585516780d1,5,Sample English review 3611.
41b8b35a-ebd5-4223-8f83-b0261d916e74,bceacedc-bbd2-46b5-84e8-b6ce3728c7d9,5597d267-e508-4a43-8244-f8ec9fdecae4,2,
b51e070a-c6c8-4013-a02c-5108502d10ff,bceacedc-bbd2-46b5-84e8-b6ce3728c7d9,7338dd63-a1d1-4e74-9759-cd17bae3c0d8,4,Sample English review 3613.
5db24430-6f55-4065-8b2a-b3119d9e429d,bceacedc-bbd2-46b5-84e8-b6ce3728c7d9,c3820118-4994-4049-8719-6d71466870fe,2,
e9c3e5dc-617d-4e27-b43c-5471e30a204d,bceacedc-bbd2-46b5-84e8-b6ce3728c7d9,d51ce7b5-dd79-4d62-93c4-4a7cff3d22e3,4,
087a782d-de64-4d4b-9ad2-4c5e03185fc1,bceacedc-bbd2-46b5-84e8-b6ce3728c7d9,d3206088-b25a-455a-9323-1c8d5829b0b0,9,
5f8ae583-1f31-4dda-8ad8-bd3e5464edd3,bceacedc-bbd2-46b5-84e8-b6ce3728c7d9,67021090-97c3-44f2-82ed-cf5f65828f38,4,Sample English review 3617.
932fa1d1-e018-4041-87c9-126aa4b4c2e5,bceacedc-bbd2-46b5-84e8-b6ce3728c7d9,ccda4639-3814-4892-99ea-7aa00cd42d49,10,Sample English review 3618.
673e7c6f-6dd4-449c-a76e-df7858b249b4,ad549079-826c-4a81-a888-8c6341e21cce,6d0ed363-2c1a-43f7-958a-0e0cb6ea3e49,7,
61bd7b02-02c4-450f-8c0c-f5ec9b7b44f2,ad549079-826c-4a81-a888-8c6341e21cce,81de516b-9d80-447a-a5f3-7f542dab2e6f,4,Sample English review 3620.
183d877c-cdef-4876-97f7-e9d23a584575,ad549079-826c-4a81-a888-8c6341e21cce,677a4d7a-ae9b-4bdb-a72f-67f73eba99c7,7,
f9b3430c-ad5b-4efe-9656-f36c95a704a4,ad549079-826c-4a81-a888-8c6341e21cce,af3763b7-7954-464c-8287-33c652eaced6,8,Sample English review 3622.
f534e519-3570-49c4-a416-64239b8f997b,ad549079-826c-4a81-a888-8c6341e21cce,1afd4484-49c1-4870-b60c-c754c4ce04d0,2,
0e5382cd-d5bc-4899-8946-c0a607524443,ad549079-826c-4a81-a888-8c6341e21cce,d9b9480a-a1e4-49d4-b8b5-a28a761924b7,1,Sample English review 3624.
9c85c9fa-9864-4e35-83af-31f00ec45203,ad549079-826c-4a81-a888-8c6341e21cce,77ae4c44-0946-4323-afdc-9932fc01f4c6,2,
2f675208-2196-44ce-b4fb-9bdc42525bab,ad549079-826c-4a81-a888-8c6341e21cce,1f2f5550-69ee-4ec3-82d2-d6cf2d0fc05c,6,
b6dd0d81-dd7f-4513-a0a8-eaca05b40583,ad549079-826c-4a81-a888-8c6341e21cce,3844a965-19f9-41ec-9515-28393113f8c8,7,Sample English review 3627.
0b9d9a22-9694-47cd-98a1-b423f750caf8,82feb836-4cf9-480f-ac43-6cb94a62b2c7,1444ba20-39ac-43a5-bccc-1cc41c2f03b1,2,Sample English review 3628.
5ccb721c-cfc3-443a-95aa-ef17f9188e5d,82feb836-4cf9-480f-ac43-6cb94a62b2c7,08c2602d-87d3-4851-b7fb-2bad244b5357,6,
3585d403-37e9-4904-b3cc-a49b17d02b4c,82feb836-4cf9-480f-ac43-6cb94a62b2c7,138aca2e-a48d-46a6-ac06-c902efe4fd18,1,
ce73558e-864e-4aa7-b844-23f7bbfb5d7a,82feb836-4cf9-480f-ac43-6cb94a62b2c7,7c08735f-311c-4060-9637-87bee6bf9673,5,
38022b32-283c-4391-9276-0b1a946f9c8c,82feb836-4cf9-480f-ac43-6cb94a62b2c7,47aa0eb4-151b-4307-b50f-cdd5a44970fd,10,Sample English review 3632.
45e22bd3-5d32-4d96-9573-0916ee93013d,82feb836-4cf9-480f-ac43-6cb94a62b2c7,47632200-a702-4992-9f11-020d87c3aaed,4,Sample English review 3633.
321a4ba7-26fa-4251-9716-f6afdc643637,82feb836-4cf9-480f-ac43-6cb94a62b2c7,1b7592f5-0e3c-4c80-b5a2-4bd6f1157cba,7,Sample English review 3634.
dbfcb10f-15ad-4c36-b9e2-725e728a186e,82feb836-4cf9-480f-ac43-6cb94a62b2c7,4072477a-0e21-47ca-9a86-73f662b98398,2,Sample English review 3635.
0e021cac-6caa-4a10-9a0f-50d17467bd9d,82feb836-4cf9-480f-ac43-6cb94a62b2c7,62531f1e-00a6-4fce-ab03-320c8c0852e8,6,Sample English review 3636.
d7a86547-598e-4008-bb41-58cd26bbd5ad,3294887e-849f-4376-ac61-93db104ccfe6,e994bf32-d050-4e52-b334-5b6074b2a959,8,Sample English review 3637.
4df2c4d6-73e7-4d9b-99c2-8ee0385cb465,3294887e-849f-4376-ac61-93db104ccfe6,7338dd63-a1d1-4e74-9759-cd17bae3c0d8,5,Sample English review 3638.
a43bc959-a086-43b7-a2d8-119dcf885d6b,3294887e-849f-4376-ac61-93db104ccfe6,6358f21d-d22d-4f6c-b15e-7a1b7ba90800,2,Sample English review 3639.
e7e1ca0f-14e7-4df4-89d9-976fba73451c,3294887e-849f-4376-ac61-93db104ccfe6,7c08735f-311c-4060-9637-87bee6bf9673,8,Sample English review 3640.
ee35fc8b-861b-448a-bb0b-25b5c5b0f7cd,3294887e-849f-4376-ac61-93db104ccfe6,4072477a-0e21-47ca-9a86-73f662b98398,7,Sample English review 3641.
46e68dfa-11df-4e48-bc99-e2d9e71fe5b9,5cd4d987-06c8-46ab-a79c-e03e21536b54,425035ef-0093-422c-a760-2740c95f4457,2,Sample English review 3642.
51e148bd-e184-4b79-ba78-cb6c182128ba,5cd4d987-06c8-46ab-a79c-e03e21536b54,f4fa3e26-130b-42f5-8e08-2d4f884e080d,6,Sample English review 3643.
7589f2dd-d421-456a-ac11-3160e41ca6af,5cd4d987-06c8-46ab-a79c-e03e21536b54,8ff07004-cedb-4c53-a5dd-a034c6073f8e,4,Sample English review 3644.
eb7ab62c-8035-435f-878b-4732088ac19a,5cd4d987-06c8-46ab-a79c-e03e21536b54,37887751-4d47-4e5c-98fd-9fa0dc90314c,2,Sample English review 3645.
fb51c34d-8a40-47ea-b1f8-df15818c96f2,5cd4d987-06c8-46ab-a79c-e03e21536b54,4072477a-0e21-47ca-9a86-73f662b98398,5,Sample English review 3646.
a969e253-6434-4d61-95c6-9473cf08880e,5cd4d987-06c8-46ab-a79c-e03e21536b54,3844a965-19f9-41ec-9515-28393113f8c8,5,
cb3ac750-e4ed-4f8a-bf89-127bd08259a3,5cd4d987-06c8-46ab-a79c-e03e21536b54,0c6967ae-a4d8-4920-9d51-c7d95b61d752,8,Sample English review 3648.
623b34e8-ed39-491e-8d26-6758d4a2c46b,5cb40852-2f21-47b7-901a-3f6022f7ae3a,7bd0bc4e-e14f-4f46-8e8b-d015a6b4ebc1,2,Sample English review 3649.
5440c5f1-6ffe-4166-9925-c897aa0f4fc9,5cb40852-2f21-47b7-901a-3f6022f7ae3a,722c5ad2-9175-4d47-9f8a-d10e496d97f8,3,Sample English review 3650.
ed8e28c7-9bb6-4284-8ed9-400a225d7911,5cb40852-2f21-47b7-901a-3f6022f7ae3a,62531f1e-00a6-4fce-ab03-320c8c0852e8,2,
5e9bfbd8-fd72-44c0-bba2-fa65b537cbe5,5cb40852-2f21-47b7-901a-3f6022f7ae3a,d3206088-b25a-455a-9323-1c8d5829b0b0,1,
02ec716a-af56-4059-bf57-d04425124cd0,5cb40852-2f21-47b7-901a-3f6022f7ae3a,6dc440b0-7d0d-4e8c-8dfa-aacb16c25536,4,Sample English review 3653.
7df27668-98e3-48e1-9dd9-9cf372d89581,5cb40852-2f21-47b7-901a-3f6022f7ae3a,0eda6729-995b-43a0-9a17-b89035543c47,7,Sample English review 3654.
2574fb61-dbcf-42b4-99ae-eea11f68e03b,91206098-0698-4e1c-aefb-4262703428d9,427354fb-8736-4fd4-9ea1-30b98d1974e7,7,Sample English review 3655.
ba89a79c-951f-45b2-9e80-ffaa0f34c478,91206098-0698-4e1c-aefb-4262703428d9,2c417aef-cf61-4d18-ae06-06ba2317f36f,9,
cd5e58fc-a2b8-4d74-9057-448ed63271a5,91206098-0698-4e1c-aefb-4262703428d9,ac17d6c1-f9a9-42be-9c29-6670939d8d5e,3,
9bea6c92-efc3-4f57-9875-dc0bde3f8f92,91206098-0698-4e1c-aefb-4262703428d9,6358f21d-d22d-4f6c-b15e-7a1b7ba90800,3,
92b2381d-bf1b-4813-bce2-dea9f396b577,91206098-0698-4e1c-aefb-4262703428d9,47ae8c16-2d72-4c6b-8a12-3dac47db6ed7,9,
feba108e-724d-42b0-b0dd-b1e9c919eb2e,91206098-0698-4e1c-aefb-4262703428d9,677a4d7a-ae9b-4bdb-a72f-67f73eba99c7,1,Sample English review 3660.
1092edb4-c54b-4a65-b663-3a71c6ae45d6,91206098-0698-4e1c-aefb-4262703428d9,6d0ed363-2c1a-43f7-958a-0e0cb6ea3e49,1,Sample English review 3661.
e68db9f4-e8a8-48de-a715-6deb8d238681,91206098-0698-4e1c-aefb-4262703428d9,1b7592f5-0e3c-4c80-b5a2-4bd6f1157cba,9,
857f273b-7771-4b59-8890-b79a46561b69,91206098-0698-4e1c-aefb-4262703428d9,8ff07004-cedb-4c53-a5dd-a034c6073f8e,3,
49b1debb-59d8-47e9-aa8a-e42df985e702,91206098-0698-4e1c-aefb-4262703428d9,09876245-335b-4ddd-bdbf-a33e23abc2fb,5,Sample English review 3664.
2c247b13-2dbb-4ffe-b092-325455112672,91206098-0698-4e1c-aefb-4262703428d9,7bd0bc4e-e14f-4f46-8e8b-d015a6b4ebc1,4,
49c63784-94fd-4c3e-99c8-37f5d4bf6179,91206098-0698-4e1c-aefb-4262703428d9,a3128f74-4fcf-4cae-b2db-d585516780d1,2,
87cdf3e2-97ec-4fd4-8e2e-8ac48033c02a,91206098-0698-4e1c-aefb-4262703428d9,009bae3f-9085-415e-81bf-b86503fa9115,4,
8bdce6c1-47a8-4167-831f-30e2916e2fe2,91206098-0698-4e1c-aefb-4262703428d9,33b5c78e-cad2-4331-b9b9-a38ef8954dec,3,Sample English review 3668.
e2a6fcc6-e87a-4662-a48f-304a9f345dec,91206098-0698-4e1c-aefb-4262703428d9,9dae46b7-7f1a-4d67-b808-9e9c1b622d6c,3,Sample English review 3669.
729942b4-d53b-42d7-8fd7-8b811c432b1a,91206098-0698-4e1c-aefb-4262703428d9,77ae4c44-0946-4323-afdc-9932fc01f4c6,5,Sample English review 3670.
2fd755d2-d90c-40fc-9e13-78264ffa4145,91206098-0698-4e1c-aefb-4262703428d9,dac8e4dd-9f17-46ef-9865-5e025b74bf9a,8,
77bc5ba0-7b64-43e6-a5ec-3aaeab163018,91206098-0698-4e1c-aefb-4262703428d9,e52406b3-6af5-42dc-a087-fe3f73c2cb30,8,Sample English review 3672.
34495460-2d13-4b87-aadb-18b5549c6bf2,91206098-0698-4e1c-aefb-4262703428d9,ccda4639-3814-4892-99ea-7aa00cd42d49,9,Sample English review 3673.
a46375d4-24ba-4a38-83c5-fd8b900c8d01,91206098-0698-4e1c-aefb-4262703428d9,09901650-fe76-4f18-9bf9-e24256f4909e,3,Sample English review 3674.
960c6a5d-332e-4c58-86f4-fe8e7ab50e17,91206098-0698-4e1c-aefb-4262703428d9,425035ef-0093-422c-a760-2740c95f4457,10,Sample English review 3675.
f3bae1c5-a9ce-47c3-bf5d-afeae40f340b,0fc03139-ab7d-46b5-a60c-2de085a41888,99f6f5c3-1cb9-4fe1-ab1a-aa9c1d16dbd0,9,Sample English review 3676.
69e3c0c0-88f6-43d1-b9f2-4cd1cb8291c0,0fc03139-ab7d-46b5-a60c-2de085a41888,fd530ba8-7ae3-47c6-b384-a6b01df494cb,3,
885e8493-d2b2-44a1-a63c-090792e51bd5,0fc03139-ab7d-46b5-a60c-2de085a41888,81d5edb0-d9b4-4d01-968c-8eda5f5b6a03,2,Sample English review 3678.
201671fb-2c49-4b51-91d4-e566f5f9e1a2,0fc03139-ab7d-46b5-a60c-2de085a41888,cf58157c-eee8-4cb1-af62-820e7aadb847,4,
7b8b0a38-9968-42ef-9d02-7246266538f9,0fc03139-ab7d-46b5-a60c-2de085a41888,08c2602d-87d3-4851-b7fb-2bad244b5357,8,Sample English review 3680.
cc98f61c-88bc-43cc-b6fc-22ae15fbf0ba,0fc03139-ab7d-46b5-a60c-2de085a41888,34e41375-9db2-4e92-9f7d-76f36353f4e6,5,
86461d73-74cf-4725-875c-64d291ef310b,0fc03139-ab7d-46b5-a60c-2de085a41888,21bf0f34-fea3-4cb9-b9a7-94e72ffacc8a,5,Sample English review 3682.
63fcb8b3-7752-4069-9560-bc8a3fbbfd9e,0fc03139-ab7d-46b5-a60c-2de085a41888,1444ba20-39ac-43a5-bccc-1cc41c2f03b1,10,Sample English review 3683.
58d0b0fd-a974-46d4-ac45-e52928b6c57a,0fc03139-ab7d-46b5-a60c-2de085a41888,81de516b-9d80-447a-a5f3-7f542dab2e6f,6,
8fbdb6a5-532f-465f-a191-c7998ed0732b,0fc03139-ab7d-46b5-a60c-2de085a41888,6358f21d-d22d-4f6c-b15e-7a1b7ba90800,6,
622d679b-fca6-4231-a7f7-d86d0cdd88bc,0fc03139-ab7d-46b5-a60c-2de085a41888,afc8c392-95b3-4506-8d6c-719f96692939,3,Sample English review 3686.
3cb45058-3924-4083-bd33-b8db07cc38aa,0fc03139-ab7d-46b5-a60c-2de085a41888,ecab2181-cb9d-42f7-b110-65986cef6204,5,Sample English review 3687.
4eb01f5b-4b58-4bde-a524-60220fbe7d16,0fc03139-ab7d-46b5-a60c-2de085a41888,0db8d5e2-1888-4d9f-a451-2f6e2a3e0f7d,7,Sample English review 3688.
d5a0437f-a08a-4e59-96df-957a5e9c9253,0fc03139-ab7d-46b5-a60c-2de085a41888,23855b90-cb3b-4533-a756-bab9bb81426e,3,Sample English review 3689.
6a41dcfe-c966-4eb8-86df-3ebc7ee20676,0fc03139-ab7d-46b5-a60c-2de085a41888,0c6967ae-a4d8-4920-9d51-c7d95b61d752,2,Sample English review 3690.
0c5e55e5-2087-47f6-9d6a-86b19ae91031,0fc03139-ab7d-46b5-a60c-2de085a41888,a3128f74-4fcf-4cae-b2db-d585516780d1,7,Sample English review 3691.
d01ebaf2-ca0b-42c2-9b17-ca632ec75d28,0fc03139-ab7d-46b5-a60c-2de085a41888,8a99736e-dad6-489d-aa46-0ee02356e5fe,3,Sample English review 3692.
0ba4e1ac-8896-4120-ae15-5900368fe444,0fc03139-ab7d-46b5-a60c-2de085a41888,7c08735f-311c-4060-9637-87bee6bf9673,10,Sample English review 3693.
02106bf1-e032-4c46-a5f5-240b857fb255,0fc03139-ab7d-46b5-a60c-2de085a41888,ebaef81b-0f73-4e06-bb20-5ef173be29af,10,
2b5d7f15-8368-4911-9614-966015c04a63,fa49cff4-849b-4dc1-a3ac-3f2999d263ee,3e78c42e-79c6-46a5-84ba-afca64de824b,10,Sample English review 3695.
c858c4ef-5168-4e1f-9be7-cde1d4dc67e6,fa49cff4-849b-4dc1-a3ac-3f2999d263ee,67d8b4ad-4640-43f2-9c53-6b4929f30103,8,Sample English review 3696.
17a15adc-1b36-4c09-a120-b2290acb8808,fa49cff4-849b-4dc1-a3ac-3f2999d263ee,afc8c392-95b3-4506-8d6c-719f96692939,5,Sample English review 3697.
a4cc7ba1-6b1f-44d0-9a06-6d3965750a17,fa49cff4-849b-4dc1-a3ac-3f2999d263ee,f9a7e8ba-2326-4fd7-b228-98060197c4f6,2,Sample English review 3698.
6b5c69b9-d92a-44d5-9a83-fae90781e4d0,fa49cff4-849b-4dc1-a3ac-3f2999d263ee,ac17d6c1-f9a9-42be-9c29-6670939d8d5e,8,
a7869230-4f54-4535-9639-d1d1637de7cc,fa49cff4-849b-4dc1-a3ac-3f2999d263ee,1afd4484-49c1-4870-b60c-c754c4ce04d0,8,Sample English review 3700.
9c4b0239-881c-41d7-bbe9-649c9c86845d,fa49cff4-849b-4dc1-a3ac-3f2999d263ee,d3206088-b25a-455a-9323-1c8d5829b0b0,10,Sample English review 3701.
f295235f-24ba-4b36-8225-7ea5a27bee3b,fa49cff4-849b-4dc1-a3ac-3f2999d263ee,ecdbf5f6-ea6e-48ad-8cf1-165f8682b135,9,Sample English review 3702.
f07184f5-7d6c-45e4-9388-1af517327cb3,fa49cff4-849b-4dc1-a3ac-3f2999d263ee,81d5edb0-d9b4-4d01-968c-8eda5f5b6a03,1,Sample English review 3703.
75427d3b-bbd1-4756-b199-117ca76895bc,fa49cff4-849b-4dc1-a3ac-3f2999d263ee,85bbf311-5929-482a-a259-21f783c36c59,6,
1415efc7-2d16-4431-938e-b417710c07c5,fa49cff4-849b-4dc1-a3ac-3f2999d263ee,3c16d474-f898-4cfe-b924-7c38bea20d5c,3,Sample English review 3705.
f086d4de-4987-4f83-9fdf-50f6b3e0fa69,fa49cff4-849b-4dc1-a3ac-3f2999d263ee,67021090-97c3-44f2-82ed-cf5f65828f38,9,Sample English review 3706.
8fdfecb7-2a2d-431f-9076-79c4037c9b7c,fa49cff4-849b-4dc1-a3ac-3f2999d263ee,08c2602d-87d3-4851-b7fb-2bad244b5357,8,
72f6b20d-db53-4aab-9b0a-68d9fe7aca06,fa49cff4-849b-4dc1-a3ac-3f2999d263ee,f4fa3e26-130b-42f5-8e08-2d4f884e080d,10,
8fc8dd21-63a4-4d46-9144-7a6ae30abbc4,09665f3c-c204-4368-97b6-5db2957702ed,77ae4c44-0946-4323-afdc-9932fc01f4c6,6,Sample English review 3709.
66a04ae9-bdf6-45d8-864c-99e451b3573b,09665f3c-c204-4368-97b6-5db2957702ed,5e77bfad-cca1-40e3-9460-368c94829eed,8,Sample English review 3710.
47a40546-b5e3-4a97-a4ac-40a6c6ff0b2c,09665f3c-c204-4368-97b6-5db2957702ed,67d8b4ad-4640-43f2-9c53-6b4929f30103,10,
27ae52b9-1a3d-4171-8aa1-3bc3946a2e3c,09665f3c-c204-4368-97b6-5db2957702ed,05de5279-613f-4b9e-b38d-1e4203d75c1a,10,
02a32289-122a-42ef-81e9-871e5601dde4,09665f3c-c204-4368-97b6-5db2957702ed,b3bb325c-6f93-4946-9d94-ca835b5be056,8,Sample English review 3713.
a3abbdd0-e23d-4dc9-bdef-0fb10850aae4,09665f3c-c204-4368-97b6-5db2957702ed,7bd0bc4e-e14f-4f46-8e8b-d015a6b4ebc1,1,
62eaf6b7-f739-4f7c-9510-076fdf88f04f,09665f3c-c204-4368-97b6-5db2957702ed,81de516b-9d80-447a-a5f3-7f542dab2e6f,4,Sample English review 3715.
57f39b2d-c42c-400d-9a16-0d32bad0065f,09665f3c-c204-4368-97b6-5db2957702ed,81d5edb0-d9b4-4d01-968c-8eda5f5b6a03,2,Sample English review 3716.
f240e795-381b-4f2f-aa14-75286344276c,09665f3c-c204-4368-97b6-5db2957702ed,425035ef-0093-422c-a760-2740c95f4457,9,Sample English review 3717.
bd1e9edb-b1a3-43cd-9494-02558d1f29de,09665f3c-c204-4368-97b6-5db2957702ed,f4fa3e26-130b-42f5-8e08-2d4f884e080d,3,
d835cad2-8b7d-4a0d-80d7-58d2c199b505,09665f3c-c204-4368-97b6-5db2957702ed,74429405-c801-4e71-87cd-1d726e8cd8f7,6,
ceb187e7-1a34-41e7-8901-76db8e3e56c3,2895c12a-a3ac-4faa-8031-88be1d08aa9f,81d5edb0-d9b4-4d01-968c-8eda5f5b6a03,9,Sample English review 3720.
c7fffbcc-ad92-473b-879b-790499f596cd,2895c12a-a3ac-4faa-8031-88be1d08aa9f,33b5c78e-cad2-4331-b9b9-a38ef8954dec,6,Sample English review 3721.
ad30f5fa-0bd3-4cc0-9e38-550783b8306b,2895c12a-a3ac-4faa-8031-88be1d08aa9f,8ff07004-cedb-4c53-a5dd-a034c6073f8e,8,Sample English review 3722.
44c45791-e727-45bf-992b-b06de0a12963,2895c12a-a3ac-4faa-8031-88be1d08aa9f,47aa0eb4-151b-4307-b50f-cdd5a44970fd,3,Sample English review 3723.
97f2209a-d0e7-457f-b7ce-d1363337ef93,2895c12a-a3ac-4faa-8031-88be1d08aa9f,33875037-f579-42ed-8aba-818a640c90d9,2,
c7254079-86d8-4cc4-a955-9a61628f0924,2895c12a-a3ac-4faa-8031-88be1d08aa9f,99f8ef2d-c0e8-4290-83a6-b460677b198d,6,Sample English review 3725.
7bb924c1-4bcd-44ca-a0cb-b0f6c4f898b7,aa3bba07-dc57-4ed2-9980-76ebf94b0638,09876245-335b-4ddd-bdbf-a33e23abc2fb,4,Sample English review 3726.
79a018a8-3bf3-47ba-9373-fb0f18f746e9,aa3bba07-dc57-4ed2-9980-76ebf94b0638,5597d267-e508-4a43-8244-f8ec9fdecae4,8,
4967371d-29c4-4b5a-be05-679b7cd9bc5b,aa3bba07-dc57-4ed2-9980-76ebf94b0638,4ad5c73a-5c99-4e98-9d90-0e03b0986909,9,Sample English review 3728.
cb9cc54a-606f-4225-9c39-79985ced7284,aa3bba07-dc57-4ed2-9980-76ebf94b0638,0c6967ae-a4d8-4920-9d51-c7d95b61d752,5,
e9c046cd-df87-4c5b-a9e9-5702f256f405,aa3bba07-dc57-4ed2-9980-76ebf94b0638,62531f1e-00a6-4fce-ab03-320c8c0852e8,8,Sample English review 3730.
d64409c6-b4ee-4c47-980f-ecac60cee882,aa3bba07-dc57-4ed2-9980-76ebf94b0638,dac8e4dd-9f17-46ef-9865-5e025b74bf9a,3,Sample English review 3731.
974d5b0b-3428-44f4-ad25-2ff3ab1ca34b,aa3bba07-dc57-4ed2-9980-76ebf94b0638,47aa0eb4-151b-4307-b50f-cdd5a44970fd,4,
31b229da-58a1-4527-8694-c112dcbff5d2,aa3bba07-dc57-4ed2-9980-76ebf94b0638,f4fa3e26-130b-42f5-8e08-2d4f884e080d,1,
c3aefed4-369c-4d6a-8e62-898a09f7b5dc,d5d311c4-be86-4752-aed2-d31f4b1488f2,2d56957e-9087-4750-8598-9d99f1933845,3,Sample English review 3734.
b66c9c8b-4341-4787-8e61-e02e55c755ea,d5d311c4-be86-4752-aed2-d31f4b1488f2,1b3bae68-e409-4055-a2c3-d5f42604c9b1,7,
df983533-e646-48f1-9619-43df3886df53,d5d311c4-be86-4752-aed2-d31f4b1488f2,99f8ef2d-c0e8-4290-83a6-b460677b198d,3,Sample English review 3736.
173a6826-17e4-4744-b268-a8e6abd60593,d5d311c4-be86-4752-aed2-d31f4b1488f2,fd530ba8-7ae3-47c6-b384-a6b01df494cb,2,Sample English review 3737.
ac02b592-d802-4326-9e48-fe7573f6fc2d,d5d311c4-be86-4752-aed2-d31f4b1488f2,09dc474c-41e1-47c7-bd11-8bcc61aba3cc,8,Sample English review 3738.
fdacb92b-87de-43a5-a09c-0214266328f3,d4fbe941-5339-447c-8e2d-2b9cfef7aa84,4ad5c73a-5c99-4e98-9d90-0e03b0986909,5,
4f2ecee1-89e6-4c5c-8906-d4264e88f9e0,d4fbe941-5339-447c-8e2d-2b9cfef7aa84,427354fb-8736-4fd4-9ea1-30b98d1974e7,7,Sample English review 3740.
b9e0f2e8-8172-4009-8c5b-49b8d90ead0f,d4fbe941-5339-447c-8e2d-2b9cfef7aa84,d01b25df-fe4a-4617-b8b9-ee0c60db6556,8,Sample English review 3741.
508764ba-e1d5-45a5-8143-3e0b9a99e3dc,d4fbe941-5339-447c-8e2d-2b9cfef7aa84,a3128f74-4fcf-4cae-b2db-d585516780d1,5,
a1b2d59c-a020-4f9e-9620-b44898b08fc2,d4fbe941-5339-447c-8e2d-2b9cfef7aa84,47632200-a702-4992-9f11-020d87c3aaed,2,Sample English review 3743.
7be9f527-c09c-488c-8dd1-ec5094a97f4f,d4fbe941-5339-447c-8e2d-2b9cfef7aa84,9b151d62-177e-4736-b8e5-6cf69170f9dc,3,
638c302d-b9b2-4734-aa6a-11979ab2df7b,d4fbe941-5339-447c-8e2d-2b9cfef7aa84,b51a7d8d-dbc7-426e-9013-dd2124a444bb,3,
3fe28672-2b1a-44cf-a42c-2391d7b60170,d4fbe941-5339-447c-8e2d-2b9cfef7aa84,dac8e4dd-9f17-46ef-9865-5e025b74bf9a,8,
26bf9cb8-2f3f-478a-acb0-2198411cf8c9,d4fbe941-5339-447c-8e2d-2b9cfef7aa84,67d8b4ad-4640-43f2-9c53-6b4929f30103,4,Sample English review 3747.
cc23ecb4-5478-4a8d-bd38-32cacdea9b76,d4fbe941-5339-447c-8e2d-2b9cfef7aa84,5fb1457b-691f-48fd-aeca-0103d0a88833,6,
abe760c9-a6b6-40b8-a5dc-401a7f84a4f4,d4fbe941-5339-447c-8e2d-2b9cfef7aa84,7bd0bc4e-e14f-4f46-8e8b-d015a6b4ebc1,6,Sample English review 3749.
113ebc8f-499b-46c6-9e7e-85eec27c5fe5,d4fbe941-5339-447c-8e2d-2b9cfef7aa84,0db8d5e2-1888-4d9f-a451-2f6e2a3e0f7d,1,Sample English review 3750.
5c3a6f79-82bd-4bdf-9b45-0d48bd7f8532,d4fbe941-5339-447c-8e2d-2b9cfef7aa84,24ce7888-3716-43b8-9d28-4239e17abe25,9,Sample English review 3751.
a78dc5eb-5b2d-4b90-bf63-39c90830f8bb,d4fbe941-5339-447c-8e2d-2b9cfef7aa84,09dc474c-41e1-47c7-bd11-8bcc61aba3cc,1,
773c779a-3a5f-4a63-9f98-26a6bc39a6c4,7d045016-0358-423c-a2b1-1ba299892fee,c3820118-4994-4049-8719-6d71466870fe,10,
f1d8c69d-bc31-4a8e-801c-288e241364a2,7d045016-0358-423c-a2b1-1ba299892fee,3ea805cf-d96a-4098-9682-f85f57267e43,6,
5b489ba3-502f-492e-8416-60be65cfa621,7d045016-0358-423c-a2b1-1ba299892fee,9b151d62-177e-4736-b8e5-6cf69170f9dc,9,
5e63c3d2-7f60-48e0-b97e-8cab6bb09914,7d045016-0358-423c-a2b1-1ba299892fee,ac393398-9266-4f9c-8a2d-d14ae2aa114e,6,Sample English review 3756.
e7cb9f26-d2a6-4b88-a849-19fddfc4596f,4e8b76c1-82eb-490f-b329-b12a6b84ec60,23855b90-cb3b-4533-a756-bab9bb81426e,1,Sample English review 3757.
e6caeeca-c596-4152-9b98-b79be3429ee7,4e8b76c1-82eb-490f-b329-b12a6b84ec60,24ce7888-3716-43b8-9d28-4239e17abe25,9,Sample English review 3758.
bcf82236-1738-4407-bebe-f249a2f456f0,4e8b76c1-82eb-490f-b329-b12a6b84ec60,5597d267-e508-4a43-8244-f8ec9fdecae4,8,
aab82f3f-e3b7-464b-9748-8efa3629a3b4,4e8b76c1-82eb-490f-b329-b12a6b84ec60,6dc440b0-7d0d-4e8c-8dfa-aacb16c25536,3,Sample English review 3760.
5bcc2256-066f-49cf-bd61-912def0e4a3a,4e8b76c1-82eb-490f-b329-b12a6b84ec60,b51a7d8d-dbc7-426e-9013-dd2124a444bb,8,Sample English review 3761.
a51e08ad-c784-4f8e-b5a3-c8bb7cc61cf0,4e8b76c1-82eb-490f-b329-b12a6b84ec60,f58f62f8-c6cd-4d19-adce-d4d1da14b149,4,Sample English review 3762.
e6c50cc2-687e-4a66-b194-97f22b511c27,4e8b76c1-82eb-490f-b329-b12a6b84ec60,425035ef-0093-422c-a760-2740c95f4457,8,
20fbc2fd-e5fa-4240-a2ca-ac830d777159,4e8b76c1-82eb-490f-b329-b12a6b84ec60,722c5ad2-9175-4d47-9f8a-d10e496d97f8,7,Sample English review 3764.
ab1894f2-5402-4225-998c-0d9d9b2bb08f,4e8b76c1-82eb-490f-b329-b12a6b84ec60,09876245-335b-4ddd-bdbf-a33e23abc2fb,5,
6286a24d-f589-421b-bc00-896b9e35359c,4e8b76c1-82eb-490f-b329-b12a6b84ec60,0c6967ae-a4d8-4920-9d51-c7d95b61d752,4,
eeee5aba-4087-4a06-ab21-6291bbb7bce1,4e8b76c1-82eb-490f-b329-b12a6b84ec60,37887751-4d47-4e5c-98fd-9fa0dc90314c,4,Sample English review 3767.
19a973d7-0d9d-49ea-9cf1-6d2c019e2398,4e8b76c1-82eb-490f-b329-b12a6b84ec60,ccda4639-3814-4892-99ea-7aa00cd42d49,3,Sample English review 3768.
bf0cd6b2-5a16-44f6-8893-d201f8cb813b,4e8b76c1-82eb-490f-b329-b12a6b84ec60,ac393398-9266-4f9c-8a2d-d14ae2aa114e,4,Sample English review 3769.
d2ba10ee-3905-41c5-80c1-eb334b534149,4e8b76c1-82eb-490f-b329-b12a6b84ec60,1b3bae68-e409-4055-a2c3-d5f42604c9b1,5,
0b64392c-4807-4923-a8de-a330749740f4,4e8b76c1-82eb-490f-b329-b12a6b84ec60,f9a7e8ba-2326-4fd7-b228-98060197c4f6,8,Sample English review 3771.
fe21e8f0-f88c-4459-ae37-4874b440fa6d,4e8b76c1-82eb-490f-b329-b12a6b84ec60,62531f1e-00a6-4fce-ab03-320c8c0852e8,9,Sample English review 3772.
7576211c-6f79-49b6-914a-1a86f767b80d,4e8b76c1-82eb-490f-b329-b12a6b84ec60,9008a579-51a2-4cde-80db-8e277bfd15c0,4,
dbdc5e0f-872d-454c-bc5a-dac65542a143,4e8b76c1-82eb-490f-b329-b12a6b84ec60,74429405-c801-4e71-87cd-1d726e8cd8f7,7,Sample English review 3774.
ae00e57b-512a-4253-bd0c-5d2b044fedbd,4e8b76c1-82eb-490f-b329-b12a6b84ec60,6358f21d-d22d-4f6c-b15e-7a1b7ba90800,8,
edb55a04-7aa7-4b79-9f11-09d798fa9aed,4e8b76c1-82eb-490f-b329-b12a6b84ec60,1444ba20-39ac-43a5-bccc-1cc41c2f03b1,2,Sample English review 3776.
287e4ef7-1f90-41d4-ba1b-137c061a61a3,4e8b76c1-82eb-490f-b329-b12a6b84ec60,e52406b3-6af5-42dc-a087-fe3f73c2cb30,1,
ae8f00c1-351e-4f51-85c8-e82e7856fc32,4e8b76c1-82eb-490f-b329-b12a6b84ec60,21bf0f34-fea3-4cb9-b9a7-94e72ffacc8a,8,
216dbb47-ed1e-4eb4-81a2-11b88ee845cc,9ed56dbf-5928-48be-a683-4d63a787b96f,0eda6729-995b-43a0-9a17-b89035543c47,8,Sample English review 3779.
462f3819-614a-496a-88c6-7226cdd28ec0,9ed56dbf-5928-48be-a683-4d63a787b96f,37887751-4d47-4e5c-98fd-9fa0dc90314c,1,Sample English review 3780.
dd9d29c4-32ba-4e08-acd1-c215bc392bce,9ed56dbf-5928-48be-a683-4d63a787b96f,5fb1457b-691f-48fd-aeca-0103d0a88833,9,Sample English review 3781.
023cc141-ad37-41cd-9e77-689cf1f4eeff,9ed56dbf-5928-48be-a683-4d63a787b96f,1aa28ea9-5df1-4ce1-a2db-7524bfcfd4ee,3,Sample English review 3782.
e070f027-84d6-4b97-8d3b-cd2ec51638aa,9ed56dbf-5928-48be-a683-4d63a787b96f,74429405-c801-4e71-87cd-1d726e8cd8f7,2,Sample English review 3783.
27e0f0bf-5308-4ae2-8988-190d103f4210,9ed56dbf-5928-48be-a683-4d63a787b96f,5597d267-e508-4a43-8244-f8ec9fdecae4,7,
275455b7-0cd8-4cb6-a22f-2203d6e49abb,9ed56dbf-5928-48be-a683-4d63a787b96f,4edba6e8-c8d9-4fe2-a682-124b91f87604,7,Sample English review 3785.
d37f6062-d895-4361-9ec5-40f43bf28aee,9ed56dbf-5928-48be-a683-4d63a787b96f,afc8c392-95b3-4506-8d6c-719f96692939,6,Sample English review 3786.
b63e13bd-80c3-4f7f-b051-5a0e39c58727,9ed56dbf-5928-48be-a683-4d63a787b96f,6358f21d-d22d-4f6c-b15e-7a1b7ba90800,4,Sample English review 3787.
aa7abfb5-922f-4317-96a5-6f15ac45d976,9ed56dbf-5928-48be-a683-4d63a787b96f,24ce7888-3716-43b8-9d28-4239e17abe25,10,
0847b473-03e2-4956-a3dc-0b8a63b68375,9ed56dbf-5928-48be-a683-4d63a787b96f,7c08735f-311c-4060-9637-87bee6bf9673,8,Sample English review 3789.
011ffaaa-b4e8-4809-9ba3-c90c5829c505,9ed56dbf-5928-48be-a683-4d63a787b96f,f4fa3e26-130b-42f5-8e08-2d4f884e080d,10,Sample English review 3790.
42ee4779-7e62-4673-bdb5-08c2300d5a4c,9ed56dbf-5928-48be-a683-4d63a787b96f,09876245-335b-4ddd-bdbf-a33e23abc2fb,9,
18208c8c-f54a-44a1-aaff-88d09f157a38,9ed56dbf-5928-48be-a683-4d63a787b96f,ecab2181-cb9d-42f7-b110-65986cef6204,3,
f6dff9cd-0b85-4b5a-b579-57d294c7b198,9ed56dbf-5928-48be-a683-4d63a787b96f,4ad5c73a-5c99-4e98-9d90-0e03b0986909,10,Sample English review 3793.
aeb70197-8a6e-4ece-ba32-dbdca128d572,dc024e81-9a1f-4a1f-b4a8-1fa78004582b,9c0da375-3d5a-4608-b8c7-9e36139d6c33,1,
e260041e-55d1-4300-8efb-2070f415063d,dc024e81-9a1f-4a1f-b4a8-1fa78004582b,3ea805cf-d96a-4098-9682-f85f57267e43,4,
4a42d75c-2dc8-421d-bd7d-a731a2a66ffe,dc024e81-9a1f-4a1f-b4a8-1fa78004582b,b51a7d8d-dbc7-426e-9013-dd2124a444bb,6,Sample English review 3796.
6739c84e-b3fa-4831-889c-4a2fd003e735,dc024e81-9a1f-4a1f-b4a8-1fa78004582b,08c2602d-87d3-4851-b7fb-2bad244b5357,7,Sample English review 3797.
799ba3b0-023c-47ae-ace5-10b29d42b248,dc024e81-9a1f-4a1f-b4a8-1fa78004582b,5597d267-e508-4a43-8244-f8ec9fdecae4,5,
c5e98c23-d04d-47ca-8a09-d96f47dec8d0,dc024e81-9a1f-4a1f-b4a8-1fa78004582b,6c34f6f7-2682-4513-951e-96f325e7eb19,9,
84191c20-954b-4dc2-936f-30223a58ed59,dc024e81-9a1f-4a1f-b4a8-1fa78004582b,e52406b3-6af5-42dc-a087-fe3f73c2cb30,2,
21d2a0e5-7467-44f8-9b12-0aa64d35fb21,dc024e81-9a1f-4a1f-b4a8-1fa78004582b,05de5279-613f-4b9e-b38d-1e4203d75c1a,4,Sample English review 3801.
926520d4-9197-43e5-abf7-ed8243f093ab,dc024e81-9a1f-4a1f-b4a8-1fa78004582b,6dc440b0-7d0d-4e8c-8dfa-aacb16c25536,3,Sample English review 3802.
0a05790e-f514-4144-97ec-a21980d7bed4,dc024e81-9a1f-4a1f-b4a8-1fa78004582b,f58f62f8-c6cd-4d19-adce-d4d1da14b149,1,Sample English review 3803.
5e672da3-5d6b-4a12-877d-e293d881fd87,dc024e81-9a1f-4a1f-b4a8-1fa78004582b,5e77bfad-cca1-40e3-9460-368c94829eed,8,Sample English review 3804.
da1d4251-0cc6-4e11-beb7-d6dd5f7b03c4,dc024e81-9a1f-4a1f-b4a8-1fa78004582b,dac8e4dd-9f17-46ef-9865-5e025b74bf9a,3,Sample English review 3805.
eedc1100-c7a8-43d0-bdf3-b9dfe0820345,dc024e81-9a1f-4a1f-b4a8-1fa78004582b,ecab2181-cb9d-42f7-b110-65986cef6204,7,
47569b82-56e6-42eb-9e1e-2df91e0c32a3,dc024e81-9a1f-4a1f-b4a8-1fa78004582b,99f6f5c3-1cb9-4fe1-ab1a-aa9c1d16dbd0,2,
4a6ccc21-8e17-4c35-8392-619ca9284d79,dc024e81-9a1f-4a1f-b4a8-1fa78004582b,009bae3f-9085-415e-81bf-b86503fa9115,10,
6b4b8656-1c37-4454-971e-09bee7792da1,dc024e81-9a1f-4a1f-b4a8-1fa78004582b,ecdbf5f6-ea6e-48ad-8cf1-165f8682b135,8,
c094dc0d-9311-428b-a781-009bc045249f,dc024e81-9a1f-4a1f-b4a8-1fa78004582b,37887751-4d47-4e5c-98fd-9fa0dc90314c,10,Sample English review 3810.
09006bf9-6630-42eb-ab94-1655a429b6ee,dc024e81-9a1f-4a1f-b4a8-1fa78004582b,cb55c939-b208-4183-9cac-dc086cdad4ea,1,
9760668a-ef7a-4d7a-972b-7375c8c4471b,dc024e81-9a1f-4a1f-b4a8-1fa78004582b,d3206088-b25a-455a-9323-1c8d5829b0b0,10,
cc0665d9-2f36-4941-8040-13fddc90b3d0,0f7a3f23-c224-40fe-b09f-4eced86d8a51,47ae8c16-2d72-4c6b-8a12-3dac47db6ed7,10,Sample English review 3813.
27a42882-65d7-479b-b1ef-8cb280e87a14,0f7a3f23-c224-40fe-b09f-4eced86d8a51,e994bf32-d050-4e52-b334-5b6074b2a959,3,Sample English review 3814.
afde6b82-3fbd-421f-ae07-24a78e316357,0f7a3f23-c224-40fe-b09f-4eced86d8a51,dac8e4dd-9f17-46ef-9865-5e025b74bf9a,3,Sample English review 3815.
24709b35-623a-445a-899a-8e5fa184a0cb,0f7a3f23-c224-40fe-b09f-4eced86d8a51,425035ef-0093-422c-a760-2740c95f4457,1,Sample English review 3816.
c2cb07c1-8861-4197-a6dc-4bbc8f1dcf85,0f7a3f23-c224-40fe-b09f-4eced86d8a51,09876245-335b-4ddd-bdbf-a33e23abc2fb,10,Sample English review 3817.
cc1fc082-68ed-4d32-86e6-9591fe4013b1,0f7a3f23-c224-40fe-b09f-4eced86d8a51,09dc474c-41e1-47c7-bd11-8bcc61aba3cc,9,Sample English review 3818.
85ecde4e-c9d7-491d-b1a9-e7c77b5d3a6a,0f7a3f23-c224-40fe-b09f-4eced86d8a51,7c01f309-b5b4-4962-843f-9698ce3ede17,5,
7ec48a82-afae-49e2-8d30-e1e27860da20,0f7a3f23-c224-40fe-b09f-4eced86d8a51,cf58157c-eee8-4cb1-af62-820e7aadb847,7,Sample English review 3820.
e084a516-b0d7-48c9-aaed-b4d4eccc1b7b,0f7a3f23-c224-40fe-b09f-4eced86d8a51,21bf0f34-fea3-4cb9-b9a7-94e72ffacc8a,10,Sample English review 3821.
f2c5037a-cbd9-4425-9b9c-750c00b4475a,0f7a3f23-c224-40fe-b09f-4eced86d8a51,3ea805cf-d96a-4098-9682-f85f57267e43,2,Sample English review 3822.
01ffd81d-d64a-4a0b-940c-935322042961,0f7a3f23-c224-40fe-b09f-4eced86d8a51,9dae46b7-7f1a-4d67-b808-9e9c1b622d6c,7,Sample English review 3823.
372b59cc-1f2a-49f9-88b9-be3ec038bf91,0f7a3f23-c224-40fe-b09f-4eced86d8a51,f58f62f8-c6cd-4d19-adce-d4d1da14b149,9,Sample English review 3824.
0eab0f79-9db2-488b-8d1f-7422e9f6c406,0f7a3f23-c224-40fe-b09f-4eced86d8a51,b51a7d8d-dbc7-426e-9013-dd2124a444bb,8,Sample English review 3825.
ede0672e-8f37-4da8-9088-296d0c2a01b1,0f7a3f23-c224-40fe-b09f-4eced86d8a51,85bbf311-5929-482a-a259-21f783c36c59,7,Sample English review 3826.
2c3363f7-5d3f-43af-a564-97b95e4cc1e5,dd633aa1-a08b-4503-907c-192f94611527,b3bb325c-6f93-4946-9d94-ca835b5be056,10,Sample English review 3827.
b8df06bc-c62f-45f5-99dc-7b948516fa98,dd633aa1-a08b-4503-907c-192f94611527,ecdbf5f6-ea6e-48ad-8cf1-165f8682b135,3,Sample English review 3828.
3c25e82b-2564-4d46-8476-c0187a2b0004,dd633aa1-a08b-4503-907c-192f94611527,138aca2e-a48d-46a6-ac06-c902efe4fd18,9,
d3ccfe14-8d60-4b62-8fa6-5eb4bf75eebb,dd633aa1-a08b-4503-907c-192f94611527,85bbf311-5929-482a-a259-21f783c36c59,2,
04324db5-0958-4348-9cb6-c1dc43676257,dd633aa1-a08b-4503-907c-192f94611527,9b151d62-177e-4736-b8e5-6cf69170f9dc,7,Sample English review 3831.
9c64c2ea-515e-42db-b176-861b843874c2,dd633aa1-a08b-4503-907c-192f94611527,21bf0f34-fea3-4cb9-b9a7-94e72ffacc8a,4,Sample English review 3832.
7584c687-f7f5-4fe7-ab91-bedd8dad2d19,dd633aa1-a08b-4503-907c-192f94611527,ccda4639-3814-4892-99ea-7aa00cd42d49,6,Sample English review 3833.
cf6abf6d-8b7f-425f-9a85-eae7d75338ad,dd633aa1-a08b-4503-907c-192f94611527,67021090-97c3-44f2-82ed-cf5f65828f38,1,Sample English review 3834.
6c4c563a-0452-4ad9-b45f-3e5de2bffb82,dd633aa1-a08b-4503-907c-192f94611527,722c5ad2-9175-4d47-9f8a-d10e496d97f8,4,
866b9774-9e78-4093-b2ba-de2680e93399,dd633aa1-a08b-4503-907c-192f94611527,6d0ed363-2c1a-43f7-958a-0e0cb6ea3e49,3,
f433a293-2309-4f82-b2bd-6fde2b12582d,dd633aa1-a08b-4503-907c-192f94611527,5e77bfad-cca1-40e3-9460-368c94829eed,7,Sample English review 3837.
3a2e2a25-49e1-4647-ab35-2d60ed39967d,dd633aa1-a08b-4503-907c-192f94611527,d01b25df-fe4a-4617-b8b9-ee0c60db6556,8,
46cffa3c-33e5-4315-a80c-dd842ac9e093,dd633aa1-a08b-4503-907c-192f94611527,ac393398-9266-4f9c-8a2d-d14ae2aa114e,9,
5da8131d-2eb5-406f-b721-75350cfaa5d3,dd633aa1-a08b-4503-907c-192f94611527,425035ef-0093-422c-a760-2740c95f4457,8,
2f83db63-5045-407d-a605-11996d995f96,dd633aa1-a08b-4503-907c-192f94611527,81de516b-9d80-447a-a5f3-7f542dab2e6f,7,Sample English review 3841.
7e6de227-d2ed-413c-b58f-18274204cca5,dd633aa1-a08b-4503-907c-192f94611527,33875037-f579-42ed-8aba-818a640c90d9,2,
41914e98-1acd-4b6d-bdac-aba598b7be08,2c5b3904-f5ae-4737-a15e-f81f893b5ade,fd530ba8-7ae3-47c6-b384-a6b01df494cb,10,Sample English review 3843.
1dacb550-3eec-4e09-8124-3fc4a79320ab,2c5b3904-f5ae-4737-a15e-f81f893b5ade,9bc42e46-67c9-447f-be78-4ae50e491d93,6,Sample English review 3844.
af502d15-633e-4de1-8dfb-ea44f247779c,2c5b3904-f5ae-4737-a15e-f81f893b5ade,23855b90-cb3b-4533-a756-bab9bb81426e,3,
5e0cb34f-db20-405c-801e-2dbf10b561f2,2c5b3904-f5ae-4737-a15e-f81f893b5ade,09876245-335b-4ddd-bdbf-a33e23abc2fb,6,Sample English review 3846.
675da62b-4969-4d22-b74b-aa0f6011eb18,2c5b3904-f5ae-4737-a15e-f81f893b5ade,09901650-fe76-4f18-9bf9-e24256f4909e,9,
45836990-6bbc-4991-837d-a40012db4cc2,2c5b3904-f5ae-4737-a15e-f81f893b5ade,ac393398-9266-4f9c-8a2d-d14ae2aa114e,4,Sample English review 3848.
29a362f3-01e2-4e9a-b187-2111baac5572,2c5b3904-f5ae-4737-a15e-f81f893b5ade,af3763b7-7954-464c-8287-33c652eaced6,2,
566a631c-00c3-4734-83a9-1d1c9d4370e2,2c5b3904-f5ae-4737-a15e-f81f893b5ade,24ce7888-3716-43b8-9d28-4239e17abe25,3,Sample English review 3850.
ddc30359-1678-4889-9d71-59b160c001c8,2c5b3904-f5ae-4737-a15e-f81f893b5ade,1b3bae68-e409-4055-a2c3-d5f42604c9b1,10,Sample English review 3851.
b3b4441b-761f-4a16-9057-5dbc211e04d5,2c5b3904-f5ae-4737-a15e-f81f893b5ade,677a4d7a-ae9b-4bdb-a72f-67f73eba99c7,7,
264762a9-3634-493b-a69a-1f8369b8b28b,2c5b3904-f5ae-4737-a15e-f81f893b5ade,5e77bfad-cca1-40e3-9460-368c94829eed,2,
9e18498d-45fe-4d8b-9c11-3ae698ecf735,2c5b3904-f5ae-4737-a15e-f81f893b5ade,9b151d62-177e-4736-b8e5-6cf69170f9dc,10,
c421d632-a32e-4b93-8743-df71a51e4f74,2c5b3904-f5ae-4737-a15e-f81f893b5ade,4ad5c73a-5c99-4e98-9d90-0e03b0986909,1,
f6efb150-3cb1-4fc3-b9ef-e5e992c508f5,2c5b3904-f5ae-4737-a15e-f81f893b5ade,47632200-a702-4992-9f11-020d87c3aaed,3,Sample English review 3856.
1156ca1f-a27c-496e-86e3-e1f5dd28f337,2c5b3904-f5ae-4737-a15e-f81f893b5ade,0c6967ae-a4d8-4920-9d51-c7d95b61d752,5,Sample English review 3857.
75eb81b5-9bf3-4b84-a983-bd8458bcacd4,2c5b3904-f5ae-4737-a15e-f81f893b5ade,ac17d6c1-f9a9-42be-9c29-6670939d8d5e,4,Sample English review 3858.
c0d2b5a4-4511-4d0e-943d-979337b683b5,2c5b3904-f5ae-4737-a15e-f81f893b5ade,009bae3f-9085-415e-81bf-b86503fa9115,5,Sample English review 3859.
9faa93a4-795e-44f8-84ac-f9a5ec452886,af535251-72c9-4480-a343-7cadc69be656,8a99736e-dad6-489d-aa46-0ee02356e5fe,1,Sample English review 3860.
bdd51c02-aa7e-4138-8197-98dc8543f526,af535251-72c9-4480-a343-7cadc69be656,6dc440b0-7d0d-4e8c-8dfa-aacb16c25536,3,Sample English review 3861.
ee5858b8-2761-4f55-bd45-c0930cdccb34,fcb510fc-5ee3-4d17-901b-9da9b534b9b8,fd530ba8-7ae3-47c6-b384-a6b01df494cb,5,
fa0b682a-81cc-4db9-9919-8197abf934f2,fcb510fc-5ee3-4d17-901b-9da9b534b9b8,ecdbf5f6-ea6e-48ad-8cf1-165f8682b135,8,Sample English review 3863.
c13ea667-380a-4301-88d8-59747893de11,fcb510fc-5ee3-4d17-901b-9da9b534b9b8,33b5c78e-cad2-4331-b9b9-a38ef8954dec,1,Sample English review 3864.
aafe16aa-4143-4e3a-b4fa-cf8a77dd2ebb,fcb510fc-5ee3-4d17-901b-9da9b534b9b8,37887751-4d47-4e5c-98fd-9fa0dc90314c,2,Sample English review 3865.
be23f2e2-c970-4a0f-a281-4f5c0b7a2329,fcb510fc-5ee3-4d17-901b-9da9b534b9b8,a3128f74-4fcf-4cae-b2db-d585516780d1,9,Sample English review 3866.
47919e10-5bbe-4129-861c-8de149f6e6cd,fb8b9b4b-d07a-42b5-b15e-db499f1f2385,d01b25df-fe4a-4617-b8b9-ee0c60db6556,1,Sample English review 3867.
249a9931-3bea-492c-a0dd-5ed59a1fbfcb,fb8b9b4b-d07a-42b5-b15e-db499f1f2385,fd530ba8-7ae3-47c6-b384-a6b01df494cb,10,
1bc1227a-fc6d-4ca5-89e9-e69a5a06586b,fb8b9b4b-d07a-42b5-b15e-db499f1f2385,979d4dea-2a55-46c2-a9d1-95d1bd7fab87,6,Sample English review 3869.
4b053cd6-0f91-43f8-b6cf-b492b3d50010,fb8b9b4b-d07a-42b5-b15e-db499f1f2385,9008a579-51a2-4cde-80db-8e277bfd15c0,10,Sample English review 3870.
3eca720c-95f5-4cf9-b130-f498d691c767,fb8b9b4b-d07a-42b5-b15e-db499f1f2385,0eda6729-995b-43a0-9a17-b89035543c47,4,Sample English review 3871.
4e8fc1c5-cc4b-4891-aa56-679f90241a9f,1534bb25-4f66-498d-b94c-cebdc7ea04fa,34e41375-9db2-4e92-9f7d-76f36353f4e6,5,
c5c83371-db75-46f0-9d73-ae9e0c7b8c8c,1534bb25-4f66-498d-b94c-cebdc7ea04fa,5e77bfad-cca1-40e3-9460-368c94829eed,1,
33c705c9-163e-49b2-842b-4c4a4b4d5eff,1534bb25-4f66-498d-b94c-cebdc7ea04fa,1444ba20-39ac-43a5-bccc-1cc41c2f03b1,3,
1dd25516-01da-4f60-a902-b0aded2b1c2e,1534bb25-4f66-498d-b94c-cebdc7ea04fa,2c417aef-cf61-4d18-ae06-06ba2317f36f,2,
67481876-d70a-4ad7-9f3b-ddbb87db273a,1534bb25-4f66-498d-b94c-cebdc7ea04fa,0db8d5e2-1888-4d9f-a451-2f6e2a3e0f7d,2,
19b63b8d-b4c9-4bda-b47a-fadb300016e8,1534bb25-4f66-498d-b94c-cebdc7ea04fa,7338dd63-a1d1-4e74-9759-cd17bae3c0d8,1,Sample English review 3877.
c178d244-5a16-4d10-b57f-a4120545c9df,5bbb6328-3daf-4073-87b7-6cb1fed84fc3,9dae46b7-7f1a-4d67-b808-9e9c1b622d6c,4,
68f7cb7f-efd4-4cfd-bb08-3f9ec8ca1f5b,5bbb6328-3daf-4073-87b7-6cb1fed84fc3,3e78c42e-79c6-46a5-84ba-afca64de824b,10,Sample English review 3879.
6960324c-53a5-497e-b87b-bc219284d261,5bbb6328-3daf-4073-87b7-6cb1fed84fc3,502dde18-86e1-4b5c-88c2-8010d067ede7,6,Sample English review 3880.
ce50d55e-09c5-4b85-97c5-d35dfbb7ba9f,5bbb6328-3daf-4073-87b7-6cb1fed84fc3,cb55c939-b208-4183-9cac-dc086cdad4ea,6,
92931934-663a-48f6-b13f-5aabcd974b5e,5bbb6328-3daf-4073-87b7-6cb1fed84fc3,b51a7d8d-dbc7-426e-9013-dd2124a444bb,3,Sample English review 3882.
7a295c48-f7ee-4185-9f13-35732e9f47fd,5bbb6328-3daf-4073-87b7-6cb1fed84fc3,6d0ed363-2c1a-43f7-958a-0e0cb6ea3e49,9,Sample English review 3883.
05fbcf94-e56c-4d77-934e-275264c55e5e,5bbb6328-3daf-4073-87b7-6cb1fed84fc3,ac393398-9266-4f9c-8a2d-d14ae2aa114e,10,Sample English review 3884.
79cd6389-d4e7-4e96-bf73-269a28bb9891,5bbb6328-3daf-4073-87b7-6cb1fed84fc3,24ce7888-3716-43b8-9d28-4239e17abe25,9,Sample English review 3885.
ef033927-a5f2-49fa-abd8-ee2ce057ae05,5bbb6328-3daf-4073-87b7-6cb1fed84fc3,37887751-4d47-4e5c-98fd-9fa0dc90314c,7,Sample English review 3886.
b89fdf49-dc8a-4949-a33f-17b61518eecc,5bbb6328-3daf-4073-87b7-6cb1fed84fc3,0eda6729-995b-43a0-9a17-b89035543c47,7,
553a9a88-1d9b-44b6-9b26-083af3e0d290,5bbb6328-3daf-4073-87b7-6cb1fed84fc3,47ae8c16-2d72-4c6b-8a12-3dac47db6ed7,10,
58168bb5-396d-4e02-bbf6-94f38b2096f0,5bbb6328-3daf-4073-87b7-6cb1fed84fc3,9bc42e46-67c9-447f-be78-4ae50e491d93,7,Sample English review 3889.
ece5a55f-c934-44d0-bc8a-f9d1462fb49b,5bbb6328-3daf-4073-87b7-6cb1fed84fc3,2752b069-f76a-4957-8807-6237a31f6d2c,4,Sample English review 3890.
1aee7242-44b0-4e93-9ad3-a07f0582ca00,5bbb6328-3daf-4073-87b7-6cb1fed84fc3,2fd567ca-8efe-4948-bebd-a1a56f976d42,9,Sample English review 3891.
f2ea78eb-aac0-43e8-87ef-0b6e9442e3a9,5bbb6328-3daf-4073-87b7-6cb1fed84fc3,5597d267-e508-4a43-8244-f8ec9fdecae4,4,
9470d9f4-815a-4676-a275-9bc0a36604f4,5bbb6328-3daf-4073-87b7-6cb1fed84fc3,d9b9480a-a1e4-49d4-b8b5-a28a761924b7,1,Sample English review 3893.
dd09acdc-97ce-4137-b6f4-47fe7c431347,5bbb6328-3daf-4073-87b7-6cb1fed84fc3,7c08735f-311c-4060-9637-87bee6bf9673,1,Sample English review 3894.
936334ba-4f4b-4b79-bb06-f185e032119b,5bbb6328-3daf-4073-87b7-6cb1fed84fc3,6dc440b0-7d0d-4e8c-8dfa-aacb16c25536,4,Sample English review 3895.
2a7aa46b-e56d-4436-a2ce-a01a4285b0bb,5bbb6328-3daf-4073-87b7-6cb1fed84fc3,a3128f74-4fcf-4cae-b2db-d585516780d1,8,
26a4457c-6ed0-41a4-9d1b-10da44e7dbff,5bbb6328-3daf-4073-87b7-6cb1fed84fc3,f4fa3e26-130b-42f5-8e08-2d4f884e080d,5,Sample English review 3897.
714041ec-071e-477e-a180-23d47a4af936,5bbb6328-3daf-4073-87b7-6cb1fed84fc3,1444ba20-39ac-43a5-bccc-1cc41c2f03b1,4,
f5f9a8c8-05f4-4574-920d-fdd6d8c97d04,5bbb6328-3daf-4073-87b7-6cb1fed84fc3,67021090-97c3-44f2-82ed-cf5f65828f38,1,Sample English review 3899.
8edee84a-1054-43e7-9f22-d4dc496f80d4,5bbb6328-3daf-4073-87b7-6cb1fed84fc3,cf58157c-eee8-4cb1-af62-820e7aadb847,4,Sample English review 3900.
6143f419-72c7-4804-86f4-588cd863bcad,5bbb6328-3daf-4073-87b7-6cb1fed84fc3,74429405-c801-4e71-87cd-1d726e8cd8f7,8,Sample English review 3901.
647de501-8bcb-47cc-8f5d-0a895f3361df,424ba9df-03d7-4b39-9da5-b5eec0f5c6b0,ccda4639-3814-4892-99ea-7aa00cd42d49,2,Sample English review 3902.
fa9355ed-bcca-4f4c-8a3b-ef3fae8f6e51,424ba9df-03d7-4b39-9da5-b5eec0f5c6b0,99f6f5c3-1cb9-4fe1-ab1a-aa9c1d16dbd0,7,Sample English review 3903.
db4d80f5-4caa-4b65-9d5e-8b66af819c26,424ba9df-03d7-4b39-9da5-b5eec0f5c6b0,47aa0eb4-151b-4307-b50f-cdd5a44970fd,2,Sample English review 3904.
048f703d-c8d3-4f1f-8bd7-34a0bb1d05a1,424ba9df-03d7-4b39-9da5-b5eec0f5c6b0,e9774607-8354-4ac8-adcf-f72a1716c51b,7,Sample English review 3905.
5dcac3c7-6e9e-4e32-918b-1dc65a411956,424ba9df-03d7-4b39-9da5-b5eec0f5c6b0,0db8d5e2-1888-4d9f-a451-2f6e2a3e0f7d,1,Sample English review 3906.
16cd3005-2665-4b77-acd9-78d6e977a4ed,424ba9df-03d7-4b39-9da5-b5eec0f5c6b0,2752b069-f76a-4957-8807-6237a31f6d2c,10,Sample English review 3907.
5f27e0f0-1776-4fab-86ab-7f2ac9b1cc31,424ba9df-03d7-4b39-9da5-b5eec0f5c6b0,24ce7888-3716-43b8-9d28-4239e17abe25,8,Sample English review 3908.
e2c91351-84bb-4eb4-a08e-c4a42c00a7fd,424ba9df-03d7-4b39-9da5-b5eec0f5c6b0,3844a965-19f9-41ec-9515-28393113f8c8,3,
5e5df9f8-6e22-48b5-b967-b2ea79387388,424ba9df-03d7-4b39-9da5-b5eec0f5c6b0,afc8c392-95b3-4506-8d6c-719f96692939,1,
2d48ad03-5322-478f-ae5b-8b7a75b7a797,424ba9df-03d7-4b39-9da5-b5eec0f5c6b0,9b151d62-177e-4736-b8e5-6cf69170f9dc,6,Sample English review 3911.
cdf54877-bd77-4bc2-a2fe-ee92da234f43,424ba9df-03d7-4b39-9da5-b5eec0f5c6b0,81de516b-9d80-447a-a5f3-7f542dab2e6f,3,Sample English review 3912.
e246b37f-ebb3-41df-9ad9-6f1725af1121,424ba9df-03d7-4b39-9da5-b5eec0f5c6b0,138aca2e-a48d-46a6-ac06-c902efe4fd18,5,Sample English review 3913.
fdcae086-a7ce-4a7d-b716-d200858bf6a6,51333cd4-0f2a-4273-8fd0-397165e1aecb,722c5ad2-9175-4d47-9f8a-d10e496d97f8,1,Sample English review 3914.
312681bd-8516-4c26-9ceb-de3ea487a459,51333cd4-0f2a-4273-8fd0-397165e1aecb,81de516b-9d80-447a-a5f3-7f542dab2e6f,5,Sample English review 3915.
f8c79105-d862-4b70-9cf4-f347348ee191,51333cd4-0f2a-4273-8fd0-397165e1aecb,3ea805cf-d96a-4098-9682-f85f57267e43,9,Sample English review 3916.
cd78a48e-a5cd-4ed6-9bb8-df5919279f8d,51333cd4-0f2a-4273-8fd0-397165e1aecb,69a62e24-d225-4d89-94b5-ae7f906b57dc,10,Sample English review 3917.
7cbd1f49-8a9f-47d2-b5ed-553e92d22eca,51333cd4-0f2a-4273-8fd0-397165e1aecb,3e78c42e-79c6-46a5-84ba-afca64de824b,2,
3d0621ec-e482-4ee0-8c4c-6c1f36578716,51333cd4-0f2a-4273-8fd0-397165e1aecb,2c417aef-cf61-4d18-ae06-06ba2317f36f,3,
334f27b0-67c6-43b3-ac4b-a24fdc84ff91,51333cd4-0f2a-4273-8fd0-397165e1aecb,9bc42e46-67c9-447f-be78-4ae50e491d93,6,Sample English review 3920.
82a8d9cd-a9fa-40ef-9492-85c8173f4580,51333cd4-0f2a-4273-8fd0-397165e1aecb,09876245-335b-4ddd-bdbf-a33e23abc2fb,6,Sample English review 3921.
33171193-0097-467d-9fa7-a8325f963f9f,51333cd4-0f2a-4273-8fd0-397165e1aecb,f9a7e8ba-2326-4fd7-b228-98060197c4f6,9,
29ae6ee4-f8aa-4b20-80ce-56d1ab8c0e16,51333cd4-0f2a-4273-8fd0-397165e1aecb,0c6967ae-a4d8-4920-9d51-c7d95b61d752,2,Sample English review 3923.
04e27494-0e1c-4fb3-9061-b42aebf0dd8b,51333cd4-0f2a-4273-8fd0-397165e1aecb,23855b90-cb3b-4533-a756-bab9bb81426e,3,Sample English review 3924.
85a2d165-f177-4a0b-8ac5-9957a317b04f,51333cd4-0f2a-4273-8fd0-397165e1aecb,5e77bfad-cca1-40e3-9460-368c94829eed,4,Sample English review 3925.
3deb722e-1cb8-4a93-89dd-aae6d44b5be4,3649d7de-583d-4488-97fe-1100c34ad7cb,cf58157c-eee8-4cb1-af62-820e7aadb847,7,
59d492a2-76d4-41e4-ae69-a4cd5267c414,3649d7de-583d-4488-97fe-1100c34ad7cb,d9b9480a-a1e4-49d4-b8b5-a28a761924b7,5,Sample English review 3927.
ca2181fe-0d3e-4375-8c35-e5a50902b01b,3649d7de-583d-4488-97fe-1100c34ad7cb,708f4f48-f883-4f49-97ee-2c0a91c249de,6,Sample English review 3928.
0043dfe7-b9d8-4f08-a9d1-487771cf0e63,3649d7de-583d-4488-97fe-1100c34ad7cb,0eda6729-995b-43a0-9a17-b89035543c47,8,
c88a296f-2b06-4747-90e3-0675b6a7bf96,e2d7886d-08e9-4217-bcd3-01b39b89188f,5597d267-e508-4a43-8244-f8ec9fdecae4,2,
eba87601-9a78-4654-88ba-cf20d395a0a1,e2d7886d-08e9-4217-bcd3-01b39b89188f,d01b25df-fe4a-4617-b8b9-ee0c60db6556,7,Sample English review 3931.
8ac4ef32-85d9-4e74-bb2b-f61c8ef68f68,e2d7886d-08e9-4217-bcd3-01b39b89188f,1afd4484-49c1-4870-b60c-c754c4ce04d0,6,Sample English review 3932.
0340f334-8d4f-433a-a8ab-bce84206eb57,e2d7886d-08e9-4217-bcd3-01b39b89188f,e52406b3-6af5-42dc-a087-fe3f73c2cb30,3,Sample English review 3933.
09499763-74f3-4bbd-843f-a9c73e280a9c,e2d7886d-08e9-4217-bcd3-01b39b89188f,8ff07004-cedb-4c53-a5dd-a034c6073f8e,4,Sample English review 3934.
f12fdcf2-ad57-4616-abaf-fcec67653675,e2d7886d-08e9-4217-bcd3-01b39b89188f,3e78c42e-79c6-46a5-84ba-afca64de824b,1,Sample English review 3935.
81c192de-781b-4e95-88a0-726424127752,e2d7886d-08e9-4217-bcd3-01b39b89188f,425035ef-0093-422c-a760-2740c95f4457,9,Sample English review 3936.
d7554eed-df5c-47b5-be62-7edfad41be0b,e2d7886d-08e9-4217-bcd3-01b39b89188f,cb55c939-b208-4183-9cac-dc086cdad4ea,7,
e1fc4a88-57b0-4aab-9611-8d8b83a58faa,e2d7886d-08e9-4217-bcd3-01b39b89188f,34e41375-9db2-4e92-9f7d-76f36353f4e6,10,Sample English review 3938.
d8bda788-7028-4640-a51e-2e57a12faf05,e2d7886d-08e9-4217-bcd3-01b39b89188f,3ea805cf-d96a-4098-9682-f85f57267e43,10,Sample English review 3939.
c50991e4-438b-4b2f-8558-0b9323f46397,e2d7886d-08e9-4217-bcd3-01b39b89188f,6358f21d-d22d-4f6c-b15e-7a1b7ba90800,3,Sample English review 3940.
2d239183-7cc0-42c6-bbb8-0212748d33e8,e2d7886d-08e9-4217-bcd3-01b39b89188f,9b151d62-177e-4736-b8e5-6cf69170f9dc,7,Sample English review 3941.
c640bb6f-bb04-4c32-8280-5d2875b43dce,e2d7886d-08e9-4217-bcd3-01b39b89188f,47aa0eb4-151b-4307-b50f-cdd5a44970fd,2,
d7170f10-99af-4638-a6c8-b4375e1c447e,e2d7886d-08e9-4217-bcd3-01b39b89188f,afc8c392-95b3-4506-8d6c-719f96692939,1,Sample English review 3943.
53da979c-aff1-44dd-bb15-f314650eac1f,e2d7886d-08e9-4217-bcd3-01b39b89188f,d51ce7b5-dd79-4d62-93c4-4a7cff3d22e3,1,
dceb2e86-ecac-4324-9e1e-4be6110d34cf,e2d7886d-08e9-4217-bcd3-01b39b89188f,1b7592f5-0e3c-4c80-b5a2-4bd6f1157cba,10,
65c3b5f9-6767-4d69-a5ca-6d16dbe5690d,e2d7886d-08e9-4217-bcd3-01b39b89188f,ebaef81b-0f73-4e06-bb20-5ef173be29af,7,Sample English review 3946.
561662f6-3a26-4714-abb4-dcb2dce74a34,e2d7886d-08e9-4217-bcd3-01b39b89188f,f58f62f8-c6cd-4d19-adce-d4d1da14b149,6,
bf31f22f-fcef-4001-8f62-0e2664cdaa5d,e2d7886d-08e9-4217-bcd3-01b39b89188f,427354fb-8736-4fd4-9ea1-30b98d1974e7,3,Sample English review 3948.
56d7a5d8-b60a-4b33-9af7-66c117d46bfa,e2d7886d-08e9-4217-bcd3-01b39b89188f,99f6f5c3-1cb9-4fe1-ab1a-aa9c1d16dbd0,10,Sample English review 3949.
f0318905-971b-4a89-a69f-9f52742d9396,e2d7886d-08e9-4217-bcd3-01b39b89188f,b3bb325c-6f93-4946-9d94-ca835b5be056,1,Sample English review 3950.
ffd1ae72-c3b2-430e-ae75-7e840aec9666,e2d7886d-08e9-4217-bcd3-01b39b89188f,5fb1457b-691f-48fd-aeca-0103d0a88833,7,Sample English review 3951.
51ea5eca-af93-4694-af17-4d0bd96516ef,76d98311-3a1e-4813-9660-6e9537503692,99f8ef2d-c0e8-4290-83a6-b460677b198d,9,Sample English review 3952.
8027c74c-70f6-4847-9452-6d1ab9c1f650,76d98311-3a1e-4813-9660-6e9537503692,5e77bfad-cca1-40e3-9460-368c94829eed,8,
d50f570f-8051-4b95-85e1-9b86ad307e6c,76d98311-3a1e-4813-9660-6e9537503692,af3763b7-7954-464c-8287-33c652eaced6,9,
e51c6095-0682-4faa-832a-ae39b94e83bf,76d98311-3a1e-4813-9660-6e9537503692,2c417aef-cf61-4d18-ae06-06ba2317f36f,3,Sample English review 3955.
e1d9cb5f-c502-46db-a8c2-74a7aff75679,76d98311-3a1e-4813-9660-6e9537503692,74429405-c801-4e71-87cd-1d726e8cd8f7,4,Sample English review 3956.
8ee8e9bc-563e-474a-8170-01f576ba3589,76d98311-3a1e-4813-9660-6e9537503692,009bae3f-9085-415e-81bf-b86503fa9115,2,Sample English review 3957.
635fbdc6-450c-4a4a-8cdf-893b77b884a9,76d98311-3a1e-4813-9660-6e9537503692,2d56957e-9087-4750-8598-9d99f1933845,10,Sample English review 3958.
d8520bc1-3746-4ddc-a921-bd12452b9997,e3966632-ce66-4cf3-8d39-76da619885c9,6358f21d-d22d-4f6c-b15e-7a1b7ba90800,7,
6c000bd2-6dd1-41b1-8398-8d0617509508,e3966632-ce66-4cf3-8d39-76da619885c9,77ae4c44-0946-4323-afdc-9932fc01f4c6,10,Sample English review 3960.
e5704d2c-1973-4339-9ca6-08d61d3d6f98,e3966632-ce66-4cf3-8d39-76da619885c9,ac393398-9266-4f9c-8a2d-d14ae2aa114e,9,Sample English review 3961.
cb58298d-2498-47fb-997f-610a702653d2,e3966632-ce66-4cf3-8d39-76da619885c9,3844a965-19f9-41ec-9515-28393113f8c8,6,Sample English review 3962.
b2e574f6-e5b0-4538-9d5d-0dd4b795b159,e3966632-ce66-4cf3-8d39-76da619885c9,7c01f309-b5b4-4962-843f-9698ce3ede17,5,Sample English review 3963.
6484c27c-fdeb-4c28-8b09-a0096841bed3,e3966632-ce66-4cf3-8d39-76da619885c9,e9774607-8354-4ac8-adcf-f72a1716c51b,8,
e5d11d7a-ec22-488d-9ada-2920960d34e5,e3966632-ce66-4cf3-8d39-76da619885c9,f4fa3e26-130b-42f5-8e08-2d4f884e080d,6,Sample English review 3965.
420dddb5-0447-4451-a947-6fb0db141381,31a80f51-87a7-48eb-a903-718bf7569560,4ad5c73a-5c99-4e98-9d90-0e03b0986909,1,Sample English review 3966.
708df1d9-d5c5-479c-b192-df10aacc7184,31a80f51-87a7-48eb-a903-718bf7569560,6358f21d-d22d-4f6c-b15e-7a1b7ba90800,7,
77463ffa-2f38-49d1-bb0e-37876125d54a,31a80f51-87a7-48eb-a903-718bf7569560,81d5edb0-d9b4-4d01-968c-8eda5f5b6a03,1,
2e3e0f6d-88b9-4103-921e-442f246cbcc6,31a80f51-87a7-48eb-a903-718bf7569560,67d8b4ad-4640-43f2-9c53-6b4929f30103,4,
d40dd223-6714-4e51-9b06-aa53295e4c60,31a80f51-87a7-48eb-a903-718bf7569560,1f2f5550-69ee-4ec3-82d2-d6cf2d0fc05c,3,Sample English review 3970.
2945ea55-c8a5-48e9-bf80-46fd601a07ca,31a80f51-87a7-48eb-a903-718bf7569560,677a4d7a-ae9b-4bdb-a72f-67f73eba99c7,10,Sample English review 3971.
3faef96f-d0af-40ae-83ec-7c5df20e7bb7,31a80f51-87a7-48eb-a903-718bf7569560,cb55c939-b208-4183-9cac-dc086cdad4ea,8,
32a27a7f-c91e-4d95-9578-4b220a94777e,31a80f51-87a7-48eb-a903-718bf7569560,4edba6e8-c8d9-4fe2-a682-124b91f87604,4,Sample English review 3973.
a38255de-efea-419c-b626-a57fcef16058,31a80f51-87a7-48eb-a903-718bf7569560,5fb1457b-691f-48fd-aeca-0103d0a88833,3,
d0166c33-e349-46cd-a0de-4ea8d7034262,31a80f51-87a7-48eb-a903-718bf7569560,1b7592f5-0e3c-4c80-b5a2-4bd6f1157cba,1,Sample English review 3975.
8d7860ff-2853-4b07-88af-5305465db373,31a80f51-87a7-48eb-a903-718bf7569560,e52406b3-6af5-42dc-a087-fe3f73c2cb30,7,Sample English review 3976.
063be23e-3a03-47d6-abd3-5e3f05a2faf7,31a80f51-87a7-48eb-a903-718bf7569560,7c01f309-b5b4-4962-843f-9698ce3ede17,4,
1c14350e-4682-48e6-b677-9df1dbdac544,31a80f51-87a7-48eb-a903-718bf7569560,c3820118-4994-4049-8719-6d71466870fe,8,Sample English review 3978.
30ab9e04-46bd-4b8c-9ab8-eb18f96298fd,31a80f51-87a7-48eb-a903-718bf7569560,9b151d62-177e-4736-b8e5-6cf69170f9dc,6,Sample English review 3979.
b6324130-11a0-4904-89db-f537d0e0a3f6,31a80f51-87a7-48eb-a903-718bf7569560,0eda6729-995b-43a0-9a17-b89035543c47,10,Sample English review 3980.
d08950d0-59cf-4c17-80a4-e829fb19605f,31a80f51-87a7-48eb-a903-718bf7569560,425035ef-0093-422c-a760-2740c95f4457,6,Sample English review 3981.
ac8052d2-70f3-4d24-a16e-1108ab5ff366,31a80f51-87a7-48eb-a903-718bf7569560,f4fa3e26-130b-42f5-8e08-2d4f884e080d,5,Sample English review 3982.
6db99530-e57f-4895-90e1-00109613c919,31a80f51-87a7-48eb-a903-718bf7569560,fd530ba8-7ae3-47c6-b384-a6b01df494cb,3,Sample English review 3983.
80048ac0-5d9e-4808-8272-1c93562f1630,d191e802-f551-4786-befb-17bb04c04c38,9bc42e46-67c9-447f-be78-4ae50e491d93,7,Sample English review 3984.
ef083e01-f5c7-4795-9c3c-ff15ae645a5e,d191e802-f551-4786-befb-17bb04c04c38,2d56957e-9087-4750-8598-9d99f1933845,3,Sample English review 3985.
adb9953e-7c0c-4b19-9c9b-e086597afea8,d191e802-f551-4786-befb-17bb04c04c38,34e41375-9db2-4e92-9f7d-76f36353f4e6,4,Sample English review 3986.
72c77ece-dd2f-4a69-9b9c-1c022981b88a,d191e802-f551-4786-befb-17bb04c04c38,08c2602d-87d3-4851-b7fb-2bad244b5357,1,Sample English review 3987.
e4bfa35e-f8f5-4cbd-a8ca-018c3cbfa137,d191e802-f551-4786-befb-17bb04c04c38,47ae8c16-2d72-4c6b-8a12-3dac47db6ed7,9,
6af84e36-5385-4499-8292-26b90bc35313,d191e802-f551-4786-befb-17bb04c04c38,6dc440b0-7d0d-4e8c-8dfa-aacb16c25536,9,Sample English review 3989.
8d7f29b7-a85c-4df6-8732-f5d842850ca4,d191e802-f551-4786-befb-17bb04c04c38,a3128f74-4fcf-4cae-b2db-d585516780d1,5,
4c8c723e-09bf-481c-8a47-94ff825c02c9,d191e802-f551-4786-befb-17bb04c04c38,b3bb325c-6f93-4946-9d94-ca835b5be056,3,Sample English review 3991.
ece8087f-6b0b-47ad-a1a2-67d80ef51498,d191e802-f551-4786-befb-17bb04c04c38,979d4dea-2a55-46c2-a9d1-95d1bd7fab87,10,Sample English review 3992.
ff728e30-ce07-4933-b64b-6bce92b5d092,d191e802-f551-4786-befb-17bb04c04c38,ac17d6c1-f9a9-42be-9c29-6670939d8d5e,3,Sample English review 3993.
1128cb47-fdda-4195-8e0e-27d40ef02074,d191e802-f551-4786-befb-17bb04c04c38,f58f62f8-c6cd-4d19-adce-d4d1da14b149,1,Sample English review 3994.
0f59225b-f222-4876-8b4d-e8a0b6e9ca2d,d191e802-f551-4786-befb-17bb04c04c38,d9b9480a-a1e4-49d4-b8b5-a28a761924b7,9,Sample English review 3995.
b62318d5-0742-4981-bf1c-67f38756646b,d191e802-f551-4786-befb-17bb04c04c38,67021090-97c3-44f2-82ed-cf5f65828f38,2,
9c34e3c1-1e33-43f3-a12b-85c73e25b43e,d191e802-f551-4786-befb-17bb04c04c38,ac393398-9266-4f9c-8a2d-d14ae2aa114e,4,Sample English review 3997.
6a38d9e0-9352-4bd7-a563-bffcce4b4045,4a97bea6-3c6d-4507-a21f-73c5517ed28f,f4fa3e26-130b-42f5-8e08-2d4f884e080d,10,
c476c672-618f-46c7-9379-a781a4c60cf7,06ae7dc8-9dfe-4b22-98f9-64decb16cc54,47aa0eb4-151b-4307-b50f-cdd5a44970fd,10,Sample English review 3999.
2de5ba16-cb8f-4186-a49f-17e206b836b3,06ae7dc8-9dfe-4b22-98f9-64decb16cc54,47632200-a702-4992-9f11-020d87c3aaed,7,Sample English review 4000.
8d96c1aa-8095-4111-a8ae-84b40c5ccfbf,06ae7dc8-9dfe-4b22-98f9-64decb16cc54,6d0ed363-2c1a-43f7-958a-0e0cb6ea3e49,8,Sample English review 4001.
61aba8b2-6da0-46e6-ba5e-c89dae907ce5,06ae7dc8-9dfe-4b22-98f9-64decb16cc54,37887751-4d47-4e5c-98fd-9fa0dc90314c,3,Sample English review 4002.
3f32f118-3759-4d1f-9e55-0b8fd376279a,dd232c0e-14a7-433a-9732-ad5a6b6fbfc3,e52406b3-6af5-42dc-a087-fe3f73c2cb30,5,
779ed83d-574c-4d4c-b679-124604d9ce50,dd232c0e-14a7-433a-9732-ad5a6b6fbfc3,23855b90-cb3b-4533-a756-bab9bb81426e,7,
f1fcabcc-25ce-4480-a4c6-edc79dab8329,dd232c0e-14a7-433a-9732-ad5a6b6fbfc3,2752b069-f76a-4957-8807-6237a31f6d2c,6,Sample English review 4005.
112bed0b-ad6f-47db-b2ba-220b418a1a28,dd232c0e-14a7-433a-9732-ad5a6b6fbfc3,6358f21d-d22d-4f6c-b15e-7a1b7ba90800,7,Sample English review 4006.
8c3765d6-3e72-4f3a-b6ea-e654f72731c5,dd232c0e-14a7-433a-9732-ad5a6b6fbfc3,5e77bfad-cca1-40e3-9460-368c94829eed,1,Sample English review 4007.
7d8b0a93-0e83-4464-b60b-1fe570d4f6b2,de855fab-83b1-4cbf-9805-517d863f8486,138aca2e-a48d-46a6-ac06-c902efe4fd18,4,
2a8f5b9a-be93-402b-b187-826a30837023,de855fab-83b1-4cbf-9805-517d863f8486,ecab2181-cb9d-42f7-b110-65986cef6204,3,
ca570aaf-d7ba-482d-9d4d-a2083b176064,de855fab-83b1-4cbf-9805-517d863f8486,5fb1457b-691f-48fd-aeca-0103d0a88833,2,Sample English review 4010.
b79cf377-25e6-4f43-9000-b525984773d9,de855fab-83b1-4cbf-9805-517d863f8486,e994bf32-d050-4e52-b334-5b6074b2a959,4,
87b003d7-b2e5-4f80-9d7a-d066374635be,de855fab-83b1-4cbf-9805-517d863f8486,6d0ed363-2c1a-43f7-958a-0e0cb6ea3e49,8,Sample English review 4012.
e24b600d-6424-4723-98f0-8a5c70c9f9d7,de855fab-83b1-4cbf-9805-517d863f8486,f9a7e8ba-2326-4fd7-b228-98060197c4f6,10,Sample English review 4013.
2b6eb278-a810-471d-bb6a-9a9237b30d0b,de855fab-83b1-4cbf-9805-517d863f8486,ccda4639-3814-4892-99ea-7aa00cd42d49,8,
cdf1c441-4213-4bd6-8ccd-b78bcb26aa0b,0ea25e26-1500-4cb9-ac09-010df42d550b,08c2602d-87d3-4851-b7fb-2bad244b5357,8,Sample English review 4015.
7cee7a89-8a41-4085-a270-71dd7021157d,0ea25e26-1500-4cb9-ac09-010df42d550b,cb55c939-b208-4183-9cac-dc086cdad4ea,6,Sample English review 4016.
1fecb36b-d28a-44c1-be5b-5325538994b4,0ea25e26-1500-4cb9-ac09-010df42d550b,afc8c392-95b3-4506-8d6c-719f96692939,5,Sample English review 4017.
d915d6ce-94fa-4027-9ab6-5f00454756dc,0ea25e26-1500-4cb9-ac09-010df42d550b,fd530ba8-7ae3-47c6-b384-a6b01df494cb,6,Sample English review 4018.
d118b32f-3666-4c3c-828b-ca5db1ec2ac3,0ea25e26-1500-4cb9-ac09-010df42d550b,cf58157c-eee8-4cb1-af62-820e7aadb847,5,Sample English review 4019.
0ce1e286-3c6d-4e09-9da0-a807ea2e75a9,0ea25e26-1500-4cb9-ac09-010df42d550b,69a62e24-d225-4d89-94b5-ae7f906b57dc,10,
b9db1c9f-6d64-4553-94ab-80aef360213c,0ea25e26-1500-4cb9-ac09-010df42d550b,99f6f5c3-1cb9-4fe1-ab1a-aa9c1d16dbd0,9,Sample English review 4021.
48c837f7-4157-4411-bdad-819ce206afb4,0ea25e26-1500-4cb9-ac09-010df42d550b,dac8e4dd-9f17-46ef-9865-5e025b74bf9a,7,Sample English review 4022.
0eb7bc6b-527b-4f0c-be6e-68aa599de55a,0bcef524-186c-4307-b691-9d4058950c1b,8a99736e-dad6-489d-aa46-0ee02356e5fe,9,Sample English review 4023.
7c71fab8-d438-4989-90a2-93b130a26ebe,0bcef524-186c-4307-b691-9d4058950c1b,ccda4639-3814-4892-99ea-7aa00cd42d49,7,Sample English review 4024.
8c78ef33-d1fb-4e46-900b-0a40ec1c4376,0bcef524-186c-4307-b691-9d4058950c1b,47632200-a702-4992-9f11-020d87c3aaed,4,Sample English review 4025.
a7d006c9-fb2d-4550-bdd1-f0375dd7fea4,0bcef524-186c-4307-b691-9d4058950c1b,85bbf311-5929-482a-a259-21f783c36c59,6,
64e5f6d6-60cd-49e2-a864-83038b76b9be,0bcef524-186c-4307-b691-9d4058950c1b,427354fb-8736-4fd4-9ea1-30b98d1974e7,10,Sample English review 4027.
d12cbaf4-334a-46a3-9c34-bc397b2a78bc,0bcef524-186c-4307-b691-9d4058950c1b,0eda6729-995b-43a0-9a17-b89035543c47,8,
3dd83e87-1427-4d35-9192-29e2b8626a8b,0bcef524-186c-4307-b691-9d4058950c1b,722c5ad2-9175-4d47-9f8a-d10e496d97f8,7,Sample English review 4029.
08851fc6-5121-4b2d-aea8-0da28f54873b,0bcef524-186c-4307-b691-9d4058950c1b,7bd0bc4e-e14f-4f46-8e8b-d015a6b4ebc1,10,
9d11f4be-b81e-43b9-9c37-f583ae780fe8,0bcef524-186c-4307-b691-9d4058950c1b,b3bb325c-6f93-4946-9d94-ca835b5be056,10,Sample English review 4031.
9cb0fe0d-040f-4bda-bc3c-deda7cd8dd5e,0bcef524-186c-4307-b691-9d4058950c1b,33875037-f579-42ed-8aba-818a640c90d9,5,
3dabb4d7-fc7f-4a2f-b169-a79e8f367ab0,0bcef524-186c-4307-b691-9d4058950c1b,33b5c78e-cad2-4331-b9b9-a38ef8954dec,4,
5391ee9d-553a-4bde-86b6-87a62170d5f1,76f5523a-1d36-47c7-ae13-6e6cd9666a8b,47aa0eb4-151b-4307-b50f-cdd5a44970fd,10,
513fd53e-b70d-42c1-856e-e9e20855f516,76f5523a-1d36-47c7-ae13-6e6cd9666a8b,fd530ba8-7ae3-47c6-b384-a6b01df494cb,7,Sample English review 4035.
482bfcaa-78ec-49c6-b512-25c123ff8c5b,76f5523a-1d36-47c7-ae13-6e6cd9666a8b,8a99736e-dad6-489d-aa46-0ee02356e5fe,6,Sample English review 4036.
97758071-9984-48f8-90cb-dc0a0854fb5e,76f5523a-1d36-47c7-ae13-6e6cd9666a8b,62531f1e-00a6-4fce-ab03-320c8c0852e8,9,
3f566f40-4a85-4644-993a-a51e5cbb3765,76f5523a-1d36-47c7-ae13-6e6cd9666a8b,138aca2e-a48d-46a6-ac06-c902efe4fd18,8,Sample English review 4038.
0a53d643-1ff5-4056-9942-189b19651153,76f5523a-1d36-47c7-ae13-6e6cd9666a8b,aa451009-5df5-4e3e-bce7-7ad1ac26b289,2,
4475eac0-7a03-4790-9c19-4691bab31d25,76f5523a-1d36-47c7-ae13-6e6cd9666a8b,7c08735f-311c-4060-9637-87bee6bf9673,7,Sample English review 4040.
787152fd-8e2d-433a-8164-38b73c24fc3c,76f5523a-1d36-47c7-ae13-6e6cd9666a8b,ccda4639-3814-4892-99ea-7aa00cd42d49,9,Sample English review 4041.
cd48d5da-1ecf-4c26-9790-4af54eb1d3b7,76f5523a-1d36-47c7-ae13-6e6cd9666a8b,3844a965-19f9-41ec-9515-28393113f8c8,6,Sample English review 4042.
bf54539f-ba3b-471c-a267-cc62c9251094,76f5523a-1d36-47c7-ae13-6e6cd9666a8b,9c0da375-3d5a-4608-b8c7-9e36139d6c33,5,Sample English review 4043.
08584bc2-eb15-4dfe-8295-c53c4f6aee55,76f5523a-1d36-47c7-ae13-6e6cd9666a8b,09876245-335b-4ddd-bdbf-a33e23abc2fb,1,Sample English review 4044.
bfab4100-dbb7-4f2a-8cd9-675a58ac5cd5,76f5523a-1d36-47c7-ae13-6e6cd9666a8b,dac8e4dd-9f17-46ef-9865-5e025b74bf9a,3,
da22689e-ba69-485f-977a-1cf12c40c1a9,76f5523a-1d36-47c7-ae13-6e6cd9666a8b,1b3bae68-e409-4055-a2c3-d5f42604c9b1,10,Sample English review 4046.
d0fa9f07-7169-4997-819c-3da9d5191d20,76f5523a-1d36-47c7-ae13-6e6cd9666a8b,37887751-4d47-4e5c-98fd-9fa0dc90314c,7,
8fef3e70-b2b0-4eba-bcb0-36b1127191af,76f5523a-1d36-47c7-ae13-6e6cd9666a8b,7c01f309-b5b4-4962-843f-9698ce3ede17,7,Sample English review 4048.
70354435-c35f-463f-a25a-24ec305fcb0f,76f5523a-1d36-47c7-ae13-6e6cd9666a8b,3ea805cf-d96a-4098-9682-f85f57267e43,8,Sample English review 4049.
fbff7d3b-8ae5-4f20-a957-93013869739e,76f5523a-1d36-47c7-ae13-6e6cd9666a8b,99f8ef2d-c0e8-4290-83a6-b460677b198d,1,Sample English review 4050.
085b0e07-d0cb-4b7f-bef1-893dc97f282a,76f5523a-1d36-47c7-ae13-6e6cd9666a8b,21bf0f34-fea3-4cb9-b9a7-94e72ffacc8a,10,Sample English review 4051.
0ac36c68-62f7-49ad-a88b-2531ef68de47,76f5523a-1d36-47c7-ae13-6e6cd9666a8b,ecab2181-cb9d-42f7-b110-65986cef6204,9,Sample English review 4052.
f1149d9e-c9fa-4476-b447-f8d3b17313d0,76f5523a-1d36-47c7-ae13-6e6cd9666a8b,1444ba20-39ac-43a5-bccc-1cc41c2f03b1,8,
0e73e9db-d5c2-447a-aa1e-d0121255224a,76f5523a-1d36-47c7-ae13-6e6cd9666a8b,979d4dea-2a55-46c2-a9d1-95d1bd7fab87,9,
4ba0a3c5-9794-4c76-b2b0-18cb9c4ae74a,9a93f375-2175-4974-850d-529178972542,9bc42e46-67c9-447f-be78-4ae50e491d93,7,Sample English review 4055.
ba52f0fe-27aa-4edf-9b0d-04c6c282ec15,9a93f375-2175-4974-850d-529178972542,9b151d62-177e-4736-b8e5-6cf69170f9dc,8,
eae2af30-f698-45e7-91ad-42bcbc3c2a30,9a93f375-2175-4974-850d-529178972542,5e77bfad-cca1-40e3-9460-368c94829eed,10,Sample English review 4057.
d29a1c9f-50ce-4c7e-ba04-69c4bffd7147,9a93f375-2175-4974-850d-529178972542,4ad5c73a-5c99-4e98-9d90-0e03b0986909,10,Sample English review 4058.
fd4f0c31-b0a5-4c66-b4f5-108db431ade7,9a93f375-2175-4974-850d-529178972542,ac393398-9266-4f9c-8a2d-d14ae2aa114e,9,Sample English review 4059.
d1470bec-bb3d-48f8-9920-c139d8040b95,9a93f375-2175-4974-850d-529178972542,6358f21d-d22d-4f6c-b15e-7a1b7ba90800,4,Sample English review 4060.
e92c2f27-b4da-4f09-853d-c163cdfe3d78,9a93f375-2175-4974-850d-529178972542,d01b25df-fe4a-4617-b8b9-ee0c60db6556,10,Sample English review 4061.
fa726543-b92a-4481-a9dc-307bdc34ef5b,9a93f375-2175-4974-850d-529178972542,aa451009-5df5-4e3e-bce7-7ad1ac26b289,9,Sample English review 4062.
2b07acd6-a300-408c-b0a1-8ad3f0ad8d7a,9a93f375-2175-4974-850d-529178972542,85bbf311-5929-482a-a259-21f783c36c59,6,
1425b96a-9e3c-43eb-bdce-2c4c912224c0,9a93f375-2175-4974-850d-529178972542,d9b9480a-a1e4-49d4-b8b5-a28a761924b7,9,Sample English review 4064.
598f95ec-5dd0-4eff-96f7-c84b8a8603a7,9a93f375-2175-4974-850d-529178972542,81de516b-9d80-447a-a5f3-7f542dab2e6f,8,Sample English review 4065.
dab877dc-161a-4c0a-9d94-44b5b3107cd2,9a93f375-2175-4974-850d-529178972542,2fd567ca-8efe-4948-bebd-a1a56f976d42,2,Sample English review 4066.
8ba51df1-ed4e-405b-ab07-09b31778f4cb,9a93f375-2175-4974-850d-529178972542,9008a579-51a2-4cde-80db-8e277bfd15c0,10,Sample English review 4067.
82d8e81a-e105-4135-9ea0-f38c2d66bc54,9a93f375-2175-4974-850d-529178972542,62531f1e-00a6-4fce-ab03-320c8c0852e8,6,
e7cf0ec9-cc90-40c0-8399-54e5eb111e18,9a93f375-2175-4974-850d-529178972542,0c6967ae-a4d8-4920-9d51-c7d95b61d752,7,
3d11d992-164c-456c-9bc8-01d32149a7f5,9a93f375-2175-4974-850d-529178972542,e9774607-8354-4ac8-adcf-f72a1716c51b,5,
41c96bb6-902b-459e-9130-2e89a8604c30,9a93f375-2175-4974-850d-529178972542,05de5279-613f-4b9e-b38d-1e4203d75c1a,4,
125f648a-3220-480c-b702-2a28fa207793,9a93f375-2175-4974-850d-529178972542,d51ce7b5-dd79-4d62-93c4-4a7cff3d22e3,1,Sample English review 4072.
9626128b-d655-46aa-963a-d9c431db7cc6,9a93f375-2175-4974-850d-529178972542,3ea805cf-d96a-4098-9682-f85f57267e43,9,Sample English review 4073.
c73ee531-b8f6-4c07-bc53-70fda1cdcf41,9a93f375-2175-4974-850d-529178972542,6dc440b0-7d0d-4e8c-8dfa-aacb16c25536,4,Sample English review 4074.
71eab4a0-45c4-45bf-a2de-f34d497027e7,9a93f375-2175-4974-850d-529178972542,722c5ad2-9175-4d47-9f8a-d10e496d97f8,9,Sample English review 4075.
dc95d95f-a858-45a2-974f-8dd7c079970b,9a93f375-2175-4974-850d-529178972542,8a99736e-dad6-489d-aa46-0ee02356e5fe,10,
217bb76f-981a-4960-bc76-e51387c64073,9a93f375-2175-4974-850d-529178972542,5597d267-e508-4a43-8244-f8ec9fdecae4,5,Sample English review 4077.
fcd0974a-41de-4d17-a851-bce53353c9d0,61571898-c8fc-45ce-81fd-cab5b2a7d6f0,d51ce7b5-dd79-4d62-93c4-4a7cff3d22e3,3,
8a94ecfd-710c-422b-abce-f7eefa084719,61571898-c8fc-45ce-81fd-cab5b2a7d6f0,d01b25df-fe4a-4617-b8b9-ee0c60db6556,9,
b13a9fb7-b438-47bf-a266-46d2030c9baf,61571898-c8fc-45ce-81fd-cab5b2a7d6f0,77ae4c44-0946-4323-afdc-9932fc01f4c6,8,Sample English review 4080.
7e03c4f4-8845-467e-9a8a-44fe24f4c8b7,61571898-c8fc-45ce-81fd-cab5b2a7d6f0,99f8ef2d-c0e8-4290-83a6-b460677b198d,8,
96da3ea9-81b8-4d86-b725-98911ef1c2de,61571898-c8fc-45ce-81fd-cab5b2a7d6f0,37887751-4d47-4e5c-98fd-9fa0dc90314c,8,Sample English review 4082.
c5477134-778c-49ec-a25c-ec1ebc30baf1,61571898-c8fc-45ce-81fd-cab5b2a7d6f0,ac393398-9266-4f9c-8a2d-d14ae2aa114e,1,Sample English review 4083.
43c61734-bbf7-4902-a161-d467d088155c,61571898-c8fc-45ce-81fd-cab5b2a7d6f0,7338dd63-a1d1-4e74-9759-cd17bae3c0d8,6,Sample English review 4084.
ee142edd-72d9-4e18-b19e-aaa0efbc3e9a,61571898-c8fc-45ce-81fd-cab5b2a7d6f0,fd530ba8-7ae3-47c6-b384-a6b01df494cb,4,Sample English review 4085.
a57f5eb8-5f78-41e3-b237-0683d98f5759,61571898-c8fc-45ce-81fd-cab5b2a7d6f0,425035ef-0093-422c-a760-2740c95f4457,5,
41321c1b-9cfb-439c-86db-c34e44c846f0,61571898-c8fc-45ce-81fd-cab5b2a7d6f0,6d0ed363-2c1a-43f7-958a-0e0cb6ea3e49,5,Sample English review 4087.
f0733eaa-6b4d-4d35-af95-59419c4cccbf,61571898-c8fc-45ce-81fd-cab5b2a7d6f0,1aa28ea9-5df1-4ce1-a2db-7524bfcfd4ee,10,Sample English review 4088.
c7ea5843-f7f3-4f81-8fc9-38bd81a109a3,61571898-c8fc-45ce-81fd-cab5b2a7d6f0,08c2602d-87d3-4851-b7fb-2bad244b5357,9,Sample English review 4089.
c17e70f8-e329-4bb3-9948-2345e9d36370,61571898-c8fc-45ce-81fd-cab5b2a7d6f0,8ff07004-cedb-4c53-a5dd-a034c6073f8e,10,Sample English review 4090.
68fa21c1-0667-4103-a944-2d669bdce959,61571898-c8fc-45ce-81fd-cab5b2a7d6f0,f9a7e8ba-2326-4fd7-b228-98060197c4f6,4,Sample English review 4091.
bd174161-fe9f-4511-ab1d-7a5b54a868cc,61571898-c8fc-45ce-81fd-cab5b2a7d6f0,677a4d7a-ae9b-4bdb-a72f-67f73eba99c7,8,
98156da3-ff50-40af-999b-454bbcfdff4f,61571898-c8fc-45ce-81fd-cab5b2a7d6f0,21bf0f34-fea3-4cb9-b9a7-94e72ffacc8a,8,
7193fed9-6ad6-4524-950a-7ab4926b2a2a,61571898-c8fc-45ce-81fd-cab5b2a7d6f0,3844a965-19f9-41ec-9515-28393113f8c8,9,Sample English review 4094.
166ad854-ade7-4a3b-a5e3-ded24e2d96a0,61571898-c8fc-45ce-81fd-cab5b2a7d6f0,24ce7888-3716-43b8-9d28-4239e17abe25,6,Sample English review 4095.
60e0f202-cae0-4561-9ab4-3e1aebd9e9f5,61571898-c8fc-45ce-81fd-cab5b2a7d6f0,af3763b7-7954-464c-8287-33c652eaced6,2,
40b7e8ac-8ae7-4343-a19d-38b8bd07ac37,61571898-c8fc-45ce-81fd-cab5b2a7d6f0,7bd0bc4e-e14f-4f46-8e8b-d015a6b4ebc1,8,
c9a96eae-e2d3-4fd0-ac8f-1b7991ec2abd,61571898-c8fc-45ce-81fd-cab5b2a7d6f0,09901650-fe76-4f18-9bf9-e24256f4909e,5,
eeac3646-7808-4107-b449-76a69d16f507,61571898-c8fc-45ce-81fd-cab5b2a7d6f0,ecdbf5f6-ea6e-48ad-8cf1-165f8682b135,10,Sample English review 4099.
b2806176-29b9-4686-bb7e-ff3f82a466e4,61571898-c8fc-45ce-81fd-cab5b2a7d6f0,f4fa3e26-130b-42f5-8e08-2d4f884e080d,3,Sample English review 4100.
f7350522-4653-4a93-8516-5af36ac3438f,47bbd2a0-6f79-46ef-85b9-11d0c2c3335b,a3128f74-4fcf-4cae-b2db-d585516780d1,8,Sample English review 4101.
51c25943-113a-4432-9c35-b01af652f7b0,47bbd2a0-6f79-46ef-85b9-11d0c2c3335b,6dc440b0-7d0d-4e8c-8dfa-aacb16c25536,10,Sample English review 4102.
b2e127fa-e930-45b4-87b6-e626f273638b,47bbd2a0-6f79-46ef-85b9-11d0c2c3335b,7c01f309-b5b4-4962-843f-9698ce3ede17,1,Sample English review 4103.
8cd1ce69-9b74-4a67-be2e-e6911240e032,47bbd2a0-6f79-46ef-85b9-11d0c2c3335b,d9b9480a-a1e4-49d4-b8b5-a28a761924b7,2,
b72112b0-d0da-4b2e-a4f7-7c096f3c1c0c,47bbd2a0-6f79-46ef-85b9-11d0c2c3335b,47632200-a702-4992-9f11-020d87c3aaed,6,Sample English review 4105.
73e1cc82-c12d-47cd-89e6-9f781ab2e9a0,47bbd2a0-6f79-46ef-85b9-11d0c2c3335b,d51ce7b5-dd79-4d62-93c4-4a7cff3d22e3,10,Sample English review 4106.
09d54bf2-aa1b-4679-8704-87a6eed549fb,47bbd2a0-6f79-46ef-85b9-11d0c2c3335b,2fd567ca-8efe-4948-bebd-a1a56f976d42,2,Sample English review 4107.
52c09819-5bd2-4f25-aab2-824bf64e354a,47bbd2a0-6f79-46ef-85b9-11d0c2c3335b,09876245-335b-4ddd-bdbf-a33e23abc2fb,10,
df3cdfe4-8d59-4d48-a43d-022ba7913830,47bbd2a0-6f79-46ef-85b9-11d0c2c3335b,69a62e24-d225-4d89-94b5-ae7f906b57dc,3,Sample English review 4109.
aaa2145b-3d9b-45e7-ad8e-3eaade7b954e,47bbd2a0-6f79-46ef-85b9-11d0c2c3335b,4edba6e8-c8d9-4fe2-a682-124b91f87604,8,Sample English review 4110.
df0ecdd0-de94-49ce-aa45-0d049980df32,47bbd2a0-6f79-46ef-85b9-11d0c2c3335b,677a4d7a-ae9b-4bdb-a72f-67f73eba99c7,4,
860f237b-4b49-46cc-98b1-5c21709d0cb9,47bbd2a0-6f79-46ef-85b9-11d0c2c3335b,37887751-4d47-4e5c-98fd-9fa0dc90314c,9,Sample English review 4112.
13d2faf1-ab48-49f5-8f30-87bfcb9dee8f,ed69f3e0-7da5-4de5-9370-ad5a4fd60a12,09901650-fe76-4f18-9bf9-e24256f4909e,10,Sample English review 4113.
00fcbb42-b71c-41d5-bab7-fb0e84b30c09,ed69f3e0-7da5-4de5-9370-ad5a4fd60a12,9008a579-51a2-4cde-80db-8e277bfd15c0,1,Sample English review 4114.
eac68ca8-7db4-45f3-bc8c-2aaefe5c7bab,ed69f3e0-7da5-4de5-9370-ad5a4fd60a12,99f8ef2d-c0e8-4290-83a6-b460677b198d,10,Sample English review 4115.
89d2b6eb-11ca-485b-8f64-f1778ebbbc79,ed69f3e0-7da5-4de5-9370-ad5a4fd60a12,6358f21d-d22d-4f6c-b15e-7a1b7ba90800,9,Sample English review 4116.
d4f12242-e183-46d6-8c73-fb35f67e8f42,ed69f3e0-7da5-4de5-9370-ad5a4fd60a12,7c08735f-311c-4060-9637-87bee6bf9673,4,
bbd6fd4d-b97a-4df3-8fd9-ac1d37b28164,ed69f3e0-7da5-4de5-9370-ad5a4fd60a12,2d56957e-9087-4750-8598-9d99f1933845,1,
17a4a043-0e26-49ee-95c8-f399a0182f3c,ed69f3e0-7da5-4de5-9370-ad5a4fd60a12,74429405-c801-4e71-87cd-1d726e8cd8f7,10,
7491034b-fd44-44b2-a0ed-cba41d92fadf,ed69f3e0-7da5-4de5-9370-ad5a4fd60a12,3844a965-19f9-41ec-9515-28393113f8c8,6,
b93be279-106f-4146-a850-a9c028d27c0d,ed69f3e0-7da5-4de5-9370-ad5a4fd60a12,d51ce7b5-dd79-4d62-93c4-4a7cff3d22e3,1,
c359faec-2a9c-4928-be36-48437f95715e,ed69f3e0-7da5-4de5-9370-ad5a4fd60a12,d3206088-b25a-455a-9323-1c8d5829b0b0,5,Sample English review 4122.
35e1c889-a30f-4ba4-8d75-8a9628ad459e,ed69f3e0-7da5-4de5-9370-ad5a4fd60a12,47aa0eb4-151b-4307-b50f-cdd5a44970fd,5,Sample English review 4123.
65a55ee1-3c31-4f12-82f6-2096e6a193cb,ed69f3e0-7da5-4de5-9370-ad5a4fd60a12,8ff07004-cedb-4c53-a5dd-a034c6073f8e,4,Sample English review 4124.
517e9883-7ff5-4d52-829a-6804c7a7461c,ed69f3e0-7da5-4de5-9370-ad5a4fd60a12,69a62e24-d225-4d89-94b5-ae7f906b57dc,9,Sample English review 4125.
746fac1a-5d29-4ce9-a5ab-95a8f7daca44,ed69f3e0-7da5-4de5-9370-ad5a4fd60a12,85bbf311-5929-482a-a259-21f783c36c59,4,Sample English review 4126.
51f322b5-6ba3-48e6-9ea0-682393b26fed,ed69f3e0-7da5-4de5-9370-ad5a4fd60a12,7bd0bc4e-e14f-4f46-8e8b-d015a6b4ebc1,4,Sample English review 4127.
78f945b4-5f08-4d68-bf37-1c6239c4603f,7a1103b6-817b-483c-9b43-6cec56233283,e994bf32-d050-4e52-b334-5b6074b2a959,1,Sample English review 4128.
573f3bc1-8e3e-465f-94cd-714f391e4571,7a1103b6-817b-483c-9b43-6cec56233283,47ae8c16-2d72-4c6b-8a12-3dac47db6ed7,8,Sample English review 4129.
acd219d8-2d73-4747-92dc-bff09b69afe8,7a1103b6-817b-483c-9b43-6cec56233283,08c2602d-87d3-4851-b7fb-2bad244b5357,5,Sample English review 4130.
dea06c86-01c3-4150-b031-c9042cee85d3,7a1103b6-817b-483c-9b43-6cec56233283,af3763b7-7954-464c-8287-33c652eaced6,9,
8b747087-34f8-42db-bc7b-9b170794bf8d,7a1103b6-817b-483c-9b43-6cec56233283,ac393398-9266-4f9c-8a2d-d14ae2aa114e,9,Sample English review 4132.
4089668d-57a1-4cd0-9856-ec95cad897c7,7a1103b6-817b-483c-9b43-6cec56233283,f4fa3e26-130b-42f5-8e08-2d4f884e080d,1,
3776b693-1272-4f8c-a1b3-d337715bdccf,7a1103b6-817b-483c-9b43-6cec56233283,1f2f5550-69ee-4ec3-82d2-d6cf2d0fc05c,3,Sample English review 4134.
3dde3ab8-a798-4ed9-ac64-1aef09af7db9,7a1103b6-817b-483c-9b43-6cec56233283,47aa0eb4-151b-4307-b50f-cdd5a44970fd,10,Sample English review 4135.
7d8f7e2f-f0e2-4fde-aef2-9af03256e25d,7a1103b6-817b-483c-9b43-6cec56233283,3c16d474-f898-4cfe-b924-7c38bea20d5c,1,Sample English review 4136.
a1c3825b-db45-497d-b2b2-42588fb27188,7a1103b6-817b-483c-9b43-6cec56233283,99f6f5c3-1cb9-4fe1-ab1a-aa9c1d16dbd0,5,Sample English review 4137.
63773d6d-6747-4495-9208-6662d8238890,7a1103b6-817b-483c-9b43-6cec56233283,8a99736e-dad6-489d-aa46-0ee02356e5fe,2,Sample English review 4138.
d620fdfd-dae7-4fc1-b3f2-e6f0fdca794f,7a1103b6-817b-483c-9b43-6cec56233283,f58f62f8-c6cd-4d19-adce-d4d1da14b149,3,Sample English review 4139.
93e30a1c-8d0a-4b50-bdee-b493090c010b,7a1103b6-817b-483c-9b43-6cec56233283,69a62e24-d225-4d89-94b5-ae7f906b57dc,8,
67d95296-3f73-47de-a13e-f84d0af26d00,7a1103b6-817b-483c-9b43-6cec56233283,425035ef-0093-422c-a760-2740c95f4457,6,
58d9719a-61a9-4cd2-b37c-17a4e06a90f1,7a1103b6-817b-483c-9b43-6cec56233283,c3820118-4994-4049-8719-6d71466870fe,5,Sample English review 4142.
4a146334-13b1-46a5-b57d-3598462b05f1,7a1103b6-817b-483c-9b43-6cec56233283,0eda6729-995b-43a0-9a17-b89035543c47,2,
2fbb30d3-8156-4732-9929-91f65558bff1,7a1103b6-817b-483c-9b43-6cec56233283,0db8d5e2-1888-4d9f-a451-2f6e2a3e0f7d,10,Sample English review 4144.
31f7591a-f321-4062-94e8-5fa7d165e82a,1fe2966b-75a3-412c-8d28-4316d74bd277,3ea805cf-d96a-4098-9682-f85f57267e43,9,Sample English review 4145.
a8550880-3b3f-46cc-a0f5-9568efb0a1f8,1fe2966b-75a3-412c-8d28-4316d74bd277,4ad5c73a-5c99-4e98-9d90-0e03b0986909,3,Sample English review 4146.
7e65ad74-0fc2-46d2-b0bf-5d4d0714d9ed,1fe2966b-75a3-412c-8d28-4316d74bd277,21bf0f34-fea3-4cb9-b9a7-94e72ffacc8a,9,
b51a552b-82f9-415a-b24c-191fd02f168c,1fe2966b-75a3-412c-8d28-4316d74bd277,2752b069-f76a-4957-8807-6237a31f6d2c,4,Sample English review 4148.
7623cf3c-9b43-47c1-ac1c-39232617779b,1fe2966b-75a3-412c-8d28-4316d74bd277,1444ba20-39ac-43a5-bccc-1cc41c2f03b1,2,Sample English review 4149.
83d03f6e-67fb-408b-97d1-f904e403b9fd,1fe2966b-75a3-412c-8d28-4316d74bd277,b51a7d8d-dbc7-426e-9013-dd2124a444bb,9,
f611e0db-94bb-4f96-a516-02317df00e6e,1fe2966b-75a3-412c-8d28-4316d74bd277,7c01f309-b5b4-4962-843f-9698ce3ede17,9,Sample English review 4151.
fa182301-a821-4681-8270-7849f8887980,1fe2966b-75a3-412c-8d28-4316d74bd277,9bc42e46-67c9-447f-be78-4ae50e491d93,10,Sample English review 4152.
47c91d6d-71b1-4192-a932-8e16632a0724,1fe2966b-75a3-412c-8d28-4316d74bd277,cb55c939-b208-4183-9cac-dc086cdad4ea,5,Sample English review 4153.
99651245-58c4-4ffa-aef8-f5e9d2e4f5ec,1fe2966b-75a3-412c-8d28-4316d74bd277,979d4dea-2a55-46c2-a9d1-95d1bd7fab87,3,Sample English review 4154.
d20719ec-3b7b-4c0d-b3f4-1af69e8f3a55,1fe2966b-75a3-412c-8d28-4316d74bd277,cf58157c-eee8-4cb1-af62-820e7aadb847,6,Sample English review 4155.
c4dcadc9-34b4-472e-a45f-7b0100d172d7,1fe2966b-75a3-412c-8d28-4316d74bd277,74429405-c801-4e71-87cd-1d726e8cd8f7,9,
fbbd6432-877f-4209-9203-ed8f5e46e28e,1fe2966b-75a3-412c-8d28-4316d74bd277,47aa0eb4-151b-4307-b50f-cdd5a44970fd,8,
f79802f8-864c-48f8-957b-f256ee20fb02,1fe2966b-75a3-412c-8d28-4316d74bd277,77ae4c44-0946-4323-afdc-9932fc01f4c6,2,
dbf38432-416d-4d5f-a82f-81ff3dd6dfdd,1fe2966b-75a3-412c-8d28-4316d74bd277,ccda4639-3814-4892-99ea-7aa00cd42d49,4,
a313ceb8-8f9b-4db5-9406-1b8d0f52b412,1fe2966b-75a3-412c-8d28-4316d74bd277,9b151d62-177e-4736-b8e5-6cf69170f9dc,1,Sample English review 4160.
7d9a90bc-2c5d-4fe3-8cb9-eb742c274bd8,1fe2966b-75a3-412c-8d28-4316d74bd277,7338dd63-a1d1-4e74-9759-cd17bae3c0d8,3,Sample English review 4161.
72297622-6dd8-4113-8b15-62dbd470435c,1fe2966b-75a3-412c-8d28-4316d74bd277,9c0da375-3d5a-4608-b8c7-9e36139d6c33,3,Sample English review 4162.
49b93cc9-2fc0-49c1-be44-3ac2a122a6a6,1fe2966b-75a3-412c-8d28-4316d74bd277,e52406b3-6af5-42dc-a087-fe3f73c2cb30,5,
813b2dce-50b1-4bb5-9b97-c83a5bbead54,1fe2966b-75a3-412c-8d28-4316d74bd277,3c16d474-f898-4cfe-b924-7c38bea20d5c,5,
17b6010b-9fc1-496d-be96-cb6828d293de,35329529-7cf0-4eed-a7be-5206abe54654,2c417aef-cf61-4d18-ae06-06ba2317f36f,2,Sample English review 4165.
8735bc9b-51ad-4c0d-a256-bee443c173ae,35329529-7cf0-4eed-a7be-5206abe54654,a3128f74-4fcf-4cae-b2db-d585516780d1,8,Sample English review 4166.
3eecde64-be73-45a2-bca8-e8d975ddbed5,35329529-7cf0-4eed-a7be-5206abe54654,5fb1457b-691f-48fd-aeca-0103d0a88833,8,Sample English review 4167.
15026afd-5631-4182-b5ee-d8df082ca40b,35329529-7cf0-4eed-a7be-5206abe54654,1afd4484-49c1-4870-b60c-c754c4ce04d0,2,Sample English review 4168.
4be0863e-471b-4afd-b59f-2b3968d18d97,ce476b64-a2d0-4ed7-87d2-56d146dc8588,a3128f74-4fcf-4cae-b2db-d585516780d1,9,Sample English review 4169.
ce3943ec-cdeb-47dc-b1d8-f9d8bc0a44c5,ce476b64-a2d0-4ed7-87d2-56d146dc8588,fd530ba8-7ae3-47c6-b384-a6b01df494cb,9,Sample English review 4170.
48254fca-2802-46de-b5be-5c5bc86f996d,ce476b64-a2d0-4ed7-87d2-56d146dc8588,99f6f5c3-1cb9-4fe1-ab1a-aa9c1d16dbd0,10,Sample English review 4171.
0dfccf48-a4ae-4961-9c31-3a618404d9cd,ce476b64-a2d0-4ed7-87d2-56d146dc8588,d51ce7b5-dd79-4d62-93c4-4a7cff3d22e3,9,
73edf8f3-d135-4be2-9e97-0e1cbbb19f4a,ce476b64-a2d0-4ed7-87d2-56d146dc8588,09dc474c-41e1-47c7-bd11-8bcc61aba3cc,1,Sample English review 4173.
264ad858-ed81-40fd-a1c5-f467065b3553,ce476b64-a2d0-4ed7-87d2-56d146dc8588,47ae8c16-2d72-4c6b-8a12-3dac47db6ed7,10,Sample English review 4174.
42dbb8f5-6f73-485e-8441-96f04c62ab6e,ce476b64-a2d0-4ed7-87d2-56d146dc8588,afc8c392-95b3-4506-8d6c-719f96692939,2,Sample English review 4175.
52b67dff-d527-4ab0-bb06-1ddb5b43886a,ce476b64-a2d0-4ed7-87d2-56d146dc8588,cb55c939-b208-4183-9cac-dc086cdad4ea,7,
1c579a9c-177d-4085-8d84-3eb3a8b075be,ce476b64-a2d0-4ed7-87d2-56d146dc8588,7c08735f-311c-4060-9637-87bee6bf9673,5,Sample English review 4177.
d48d57e0-2064-4e00-84bf-739fa37f179a,ce476b64-a2d0-4ed7-87d2-56d146dc8588,67d8b4ad-4640-43f2-9c53-6b4929f30103,2,
6d516f38-801b-4a06-aa53-ca6266322842,ce476b64-a2d0-4ed7-87d2-56d146dc8588,81d5edb0-d9b4-4d01-968c-8eda5f5b6a03,9,Sample English review 4179.
5d91f609-3009-4ab9-bbc6-c0862baa4336,ce476b64-a2d0-4ed7-87d2-56d146dc8588,99f8ef2d-c0e8-4290-83a6-b460677b198d,6,Sample English review 4180.
cbc233cc-dff6-4465-9bc4-5f435e0c6db3,ce476b64-a2d0-4ed7-87d2-56d146dc8588,74429405-c801-4e71-87cd-1d726e8cd8f7,3,
195fbaa7-32b5-440e-8b37-cc30ad80c551,ce476b64-a2d0-4ed7-87d2-56d146dc8588,b3bb325c-6f93-4946-9d94-ca835b5be056,10,Sample English review 4182.
9bbd30bf-e168-4dfe-ac7f-7dd014ae0dad,ce476b64-a2d0-4ed7-87d2-56d146dc8588,708f4f48-f883-4f49-97ee-2c0a91c249de,7,Sample English review 4183.
6281351f-0349-40f7-a2d3-49a3b2ff6eeb,ce476b64-a2d0-4ed7-87d2-56d146dc8588,81de516b-9d80-447a-a5f3-7f542dab2e6f,2,Sample English review 4184.
b35e25db-cdc5-45f1-9e7d-01cb7b69a2ee,ca2cd3ae-51ca-48a8-a04d-8817a46d73af,f58f62f8-c6cd-4d19-adce-d4d1da14b149,2,
b1aebe3b-0a4a-4cec-bda0-b8915cb5e008,ca2cd3ae-51ca-48a8-a04d-8817a46d73af,09dc474c-41e1-47c7-bd11-8bcc61aba3cc,8,Sample English review 4186.
cd33d827-b163-44ef-884d-a70acd2af1e2,ca2cd3ae-51ca-48a8-a04d-8817a46d73af,47aa0eb4-151b-4307-b50f-cdd5a44970fd,4,
e969ebaa-3b95-49e8-aed7-3899345a10b5,ca2cd3ae-51ca-48a8-a04d-8817a46d73af,47632200-a702-4992-9f11-020d87c3aaed,2,Sample English review 4188.
2d6d2e8e-0ce8-44f0-8387-9770a33e1b78,ca2cd3ae-51ca-48a8-a04d-8817a46d73af,67021090-97c3-44f2-82ed-cf5f65828f38,8,
fee2e281-cd95-4ac7-b54f-5b27e5bca603,ca2cd3ae-51ca-48a8-a04d-8817a46d73af,f9a7e8ba-2326-4fd7-b228-98060197c4f6,10,
b2d60b12-f4f9-4b2d-9c2a-881b6918144a,ca2cd3ae-51ca-48a8-a04d-8817a46d73af,7c08735f-311c-4060-9637-87bee6bf9673,5,Sample English review 4191.
583baace-18ad-41d6-a487-c127e46e9319,ca2cd3ae-51ca-48a8-a04d-8817a46d73af,8a99736e-dad6-489d-aa46-0ee02356e5fe,3,
92a6e926-f728-4f0a-9e5b-e22f843e4043,ca2cd3ae-51ca-48a8-a04d-8817a46d73af,b3bb325c-6f93-4946-9d94-ca835b5be056,5,Sample English review 4193.
033cf0c5-456d-4f0e-8dee-09bef1af3f66,ca2cd3ae-51ca-48a8-a04d-8817a46d73af,fd530ba8-7ae3-47c6-b384-a6b01df494cb,9,Sample English review 4194.
453c6ce3-4448-48e9-bd7f-c5f9525b4d06,ca2cd3ae-51ca-48a8-a04d-8817a46d73af,0c6967ae-a4d8-4920-9d51-c7d95b61d752,6,Sample English review 4195.
f7fbe98b-f58f-48fd-8c0c-36a93d0c62c3,ca2cd3ae-51ca-48a8-a04d-8817a46d73af,427354fb-8736-4fd4-9ea1-30b98d1974e7,8,Sample English review 4196.
322ed7d5-5e4b-4168-86b2-3c89445d646b,ca2cd3ae-51ca-48a8-a04d-8817a46d73af,7c01f309-b5b4-4962-843f-9698ce3ede17,9,Sample English review 4197.
22ae7f89-6d9b-4094-8020-3906f91fccdb,ca2cd3ae-51ca-48a8-a04d-8817a46d73af,ac393398-9266-4f9c-8a2d-d14ae2aa114e,8,
db50bec5-7824-48a1-81e1-2b07cb936059,ca2cd3ae-51ca-48a8-a04d-8817a46d73af,a3128f74-4fcf-4cae-b2db-d585516780d1,2,Sample English review 4199.
35660354-8948-42cc-a99c-810aba5aff77,ca2cd3ae-51ca-48a8-a04d-8817a46d73af,ecdbf5f6-ea6e-48ad-8cf1-165f8682b135,8,Sample English review 4200.
aad48389-c32b-480f-b00d-966c0e2b272a,55f48f3d-decb-45d2-b2ea-52ac94c31f4b,0db8d5e2-1888-4d9f-a451-2f6e2a3e0f7d,6,Sample English review 4201.
a291d1de-84f0-4fe1-b5ba-a14d74e66826,55f48f3d-decb-45d2-b2ea-52ac94c31f4b,f58f62f8-c6cd-4d19-adce-d4d1da14b149,8,
95ccfe20-e0b9-4a5b-9009-16ac6b5ac961,55f48f3d-decb-45d2-b2ea-52ac94c31f4b,62531f1e-00a6-4fce-ab03-320c8c0852e8,2,
8f041c39-bf2e-4017-a733-c8076862a769,15cf49f5-7ce8-49c8-a5e6-485c73780314,05de5279-613f-4b9e-b38d-1e4203d75c1a,1,
2fba54f9-d9c2-4d72-abfa-729fcace4154,15cf49f5-7ce8-49c8-a5e6-485c73780314,4072477a-0e21-47ca-9a86-73f662b98398,8,Sample English review 4205.
9a78dffe-5ead-4925-8303-230b187530a8,15cf49f5-7ce8-49c8-a5e6-485c73780314,5fb1457b-691f-48fd-aeca-0103d0a88833,10,Sample English review 4206.
dd375e75-9e2d-4ea1-8845-e4d45d8cb589,15cf49f5-7ce8-49c8-a5e6-485c73780314,677a4d7a-ae9b-4bdb-a72f-67f73eba99c7,7,Sample English review 4207.
a375ac0a-7e13-4438-851f-e5afbd233a04,15cf49f5-7ce8-49c8-a5e6-485c73780314,23855b90-cb3b-4533-a756-bab9bb81426e,6,Sample English review 4208.
0516a769-cb9e-4bff-bead-86de1144b50a,15cf49f5-7ce8-49c8-a5e6-485c73780314,9c0da375-3d5a-4608-b8c7-9e36139d6c33,3,
a07fad4e-17af-43d5-92b1-010004716af5,15cf49f5-7ce8-49c8-a5e6-485c73780314,85bbf311-5929-482a-a259-21f783c36c59,7,
c0e51e8d-c993-42db-889b-8811f92f027a,15cf49f5-7ce8-49c8-a5e6-485c73780314,7c01f309-b5b4-4962-843f-9698ce3ede17,6,Sample English review 4211.
8e7a4321-e905-4a1b-a5f8-0c4d4f5a1d43,15cf49f5-7ce8-49c8-a5e6-485c73780314,09876245-335b-4ddd-bdbf-a33e23abc2fb,3,Sample English review 4212.
6a566118-9a41-44b7-af72-8e8df415b6f3,15cf49f5-7ce8-49c8-a5e6-485c73780314,cb55c939-b208-4183-9cac-dc086cdad4ea,5,
550acf97-de44-4c4a-bd55-939a1a7fa040,15cf49f5-7ce8-49c8-a5e6-485c73780314,dac8e4dd-9f17-46ef-9865-5e025b74bf9a,6,Sample English review 4214.
6c0f007d-8acb-432e-8a16-6f71cfcaf9a9,15cf49f5-7ce8-49c8-a5e6-485c73780314,f9a7e8ba-2326-4fd7-b228-98060197c4f6,9,
df468529-7ede-4d3a-b563-1565dc99ba3e,15cf49f5-7ce8-49c8-a5e6-485c73780314,708f4f48-f883-4f49-97ee-2c0a91c249de,7,
8681051b-ae51-494a-90b1-afc1f6c83c9c,15cf49f5-7ce8-49c8-a5e6-485c73780314,67d8b4ad-4640-43f2-9c53-6b4929f30103,7,Sample English review 4217.
4e6ace05-281e-416a-b87c-c49dc4cbd4a9,15cf49f5-7ce8-49c8-a5e6-485c73780314,d01b25df-fe4a-4617-b8b9-ee0c60db6556,10,
1a77bebf-215d-4376-93be-86ee9fb0948b,15cf49f5-7ce8-49c8-a5e6-485c73780314,21bf0f34-fea3-4cb9-b9a7-94e72ffacc8a,2,Sample English review 4219.
41a8c738-7d82-4f40-aaac-e57a6d9aa3d5,15cf49f5-7ce8-49c8-a5e6-485c73780314,b51a7d8d-dbc7-426e-9013-dd2124a444bb,2,Sample English review 4220.
e9e8572d-1058-4bcb-b2b1-97e18cb96b51,15cf49f5-7ce8-49c8-a5e6-485c73780314,2d56957e-9087-4750-8598-9d99f1933845,1,
1a6ee661-e0e8-499c-aa48-b38c8aad5da3,8c52a191-f7e8-4ba2-800e-208cbc2da11c,ac17d6c1-f9a9-42be-9c29-6670939d8d5e,8,
1b9e7e76-5b12-49f0-b74c-2f0edbb3408d,8c52a191-f7e8-4ba2-800e-208cbc2da11c,722c5ad2-9175-4d47-9f8a-d10e496d97f8,9,
8c0510b8-1461-495c-8d76-d6421607aa49,8c52a191-f7e8-4ba2-800e-208cbc2da11c,ac393398-9266-4f9c-8a2d-d14ae2aa114e,8,Sample English review 4224.
524072f8-2ac9-4ec1-aed8-fc75aceb183e,8c52a191-f7e8-4ba2-800e-208cbc2da11c,afc8c392-95b3-4506-8d6c-719f96692939,1,Sample English review 4225.
c3a6dd39-ff3d-4213-8684-e61e07805261,8c52a191-f7e8-4ba2-800e-208cbc2da11c,0eda6729-995b-43a0-9a17-b89035543c47,4,
ab280c74-4cb4-4f4d-8a8f-df12deb0d89a,8c52a191-f7e8-4ba2-800e-208cbc2da11c,77ae4c44-0946-4323-afdc-9932fc01f4c6,9,
104dc0a9-9681-433a-8a4c-f079e3c6edc2,8c52a191-f7e8-4ba2-800e-208cbc2da11c,62531f1e-00a6-4fce-ab03-320c8c0852e8,1,Sample English review 4228.
5bf38a1f-a349-4072-9d31-551619ddb00d,8c52a191-f7e8-4ba2-800e-208cbc2da11c,4072477a-0e21-47ca-9a86-73f662b98398,4,Sample English review 4229.
80aade03-a3d7-4896-840d-fab1e3f7ddca,8c52a191-f7e8-4ba2-800e-208cbc2da11c,24ce7888-3716-43b8-9d28-4239e17abe25,10,Sample English review 4230.
bc612803-96e1-46b3-849b-c0fa528c747b,8c52a191-f7e8-4ba2-800e-208cbc2da11c,fd530ba8-7ae3-47c6-b384-a6b01df494cb,3,
f05a6376-6603-44f8-830e-292dfa9068b4,8c52a191-f7e8-4ba2-800e-208cbc2da11c,0c6967ae-a4d8-4920-9d51-c7d95b61d752,6,Sample English review 4232.
b17791f4-b6ca-4aad-b42c-2c9ddbffcabb,8c52a191-f7e8-4ba2-800e-208cbc2da11c,d01b25df-fe4a-4617-b8b9-ee0c60db6556,2,Sample English review 4233.
fc7c0e9c-27a6-47a3-8297-9f5dba72c789,8c52a191-f7e8-4ba2-800e-208cbc2da11c,09876245-335b-4ddd-bdbf-a33e23abc2fb,3,
9c9a7268-e880-4cdc-babe-32c8bcb1fd87,8c52a191-f7e8-4ba2-800e-208cbc2da11c,08c2602d-87d3-4851-b7fb-2bad244b5357,2,Sample English review 4235.
342ab7d0-1353-49d4-bce0-df972751777c,8c52a191-f7e8-4ba2-800e-208cbc2da11c,3c16d474-f898-4cfe-b924-7c38bea20d5c,10,Sample English review 4236.
77ddbe5f-699a-4e6b-90d6-309ecf6b8071,8c52a191-f7e8-4ba2-800e-208cbc2da11c,cb55c939-b208-4183-9cac-dc086cdad4ea,5,Sample English review 4237.
2995f443-a871-4800-acb9-57415adafa49,8c52a191-f7e8-4ba2-800e-208cbc2da11c,d51ce7b5-dd79-4d62-93c4-4a7cff3d22e3,8,
d54c1cd2-9edd-4cb9-a93e-b1d13b4f5958,8c52a191-f7e8-4ba2-800e-208cbc2da11c,1f2f5550-69ee-4ec3-82d2-d6cf2d0fc05c,1,Sample English review 4239.
4b35d4ad-7e57-4918-ae18-4e863468607f,8c52a191-f7e8-4ba2-800e-208cbc2da11c,979d4dea-2a55-46c2-a9d1-95d1bd7fab87,5,Sample English review 4240.
85fd8f68-edf2-42cf-a732-cd5c05f82d91,8c52a191-f7e8-4ba2-800e-208cbc2da11c,33b5c78e-cad2-4331-b9b9-a38ef8954dec,4,Sample English review 4241.
922c44d1-13b8-472d-ad7c-e279b269f064,8c52a191-f7e8-4ba2-800e-208cbc2da11c,1aa28ea9-5df1-4ce1-a2db-7524bfcfd4ee,2,Sample English review 4242.
5675f6b0-6c36-4753-bad5-6433a0206a1c,8c52a191-f7e8-4ba2-800e-208cbc2da11c,37887751-4d47-4e5c-98fd-9fa0dc90314c,3,Sample English review 4243.
dc1a122a-c2fb-4f3a-a7b9-96027e3493f0,d967096a-04a0-4ab0-a13e-f8ca6b093ec1,b51a7d8d-dbc7-426e-9013-dd2124a444bb,3,Sample English review 4244.
6ca6638d-c383-4fca-9899-cd04b114ffe5,d967096a-04a0-4ab0-a13e-f8ca6b093ec1,47aa0eb4-151b-4307-b50f-cdd5a44970fd,8,Sample English review 4245.
522da456-d2d3-40c1-93ba-377e6bc722f0,d967096a-04a0-4ab0-a13e-f8ca6b093ec1,3844a965-19f9-41ec-9515-28393113f8c8,1,Sample English review 4246.
fbaa9264-a1c8-4427-914b-b2f71ab28e59,d967096a-04a0-4ab0-a13e-f8ca6b093ec1,37887751-4d47-4e5c-98fd-9fa0dc90314c,4,
30971583-e29b-435f-ac14-db6eff355b1f,d967096a-04a0-4ab0-a13e-f8ca6b093ec1,ecab2181-cb9d-42f7-b110-65986cef6204,9,Sample English review 4248.
cbcc5fb6-c75b-4582-b55b-53bdddbc1934,d967096a-04a0-4ab0-a13e-f8ca6b093ec1,81de516b-9d80-447a-a5f3-7f542dab2e6f,7,Sample English review 4249.
acb70bf6-410a-4395-bd1c-02c94f29ce79,d967096a-04a0-4ab0-a13e-f8ca6b093ec1,33875037-f579-42ed-8aba-818a640c90d9,7,Sample English review 4250.
f765da33-608b-4861-a150-98002ea30e51,d967096a-04a0-4ab0-a13e-f8ca6b093ec1,7bd0bc4e-e14f-4f46-8e8b-d015a6b4ebc1,10,
bf45c28a-ade0-4b25-bca8-ceccb323e9ec,d967096a-04a0-4ab0-a13e-f8ca6b093ec1,1b7592f5-0e3c-4c80-b5a2-4bd6f1157cba,7,
55289804-ce6a-4562-b434-af6d3e4589aa,d967096a-04a0-4ab0-a13e-f8ca6b093ec1,81d5edb0-d9b4-4d01-968c-8eda5f5b6a03,6,
335f57fe-1a42-4d14-a04f-8c849f2e8d06,d967096a-04a0-4ab0-a13e-f8ca6b093ec1,62531f1e-00a6-4fce-ab03-320c8c0852e8,3,Sample English review 4254.
3904b23d-29ef-47a3-925a-fe40a9db4f34,d967096a-04a0-4ab0-a13e-f8ca6b093ec1,6c34f6f7-2682-4513-951e-96f325e7eb19,6,Sample English review 4255.
dca5f2b3-9660-4202-8216-cf5548a8291f,d967096a-04a0-4ab0-a13e-f8ca6b093ec1,afc8c392-95b3-4506-8d6c-719f96692939,9,Sample English review 4256.
9bd54388-868c-4bd1-bbae-d5154f2cb2fd,d967096a-04a0-4ab0-a13e-f8ca6b093ec1,47ae8c16-2d72-4c6b-8a12-3dac47db6ed7,5,Sample English review 4257.
cd48f0f0-d184-4cdd-bb1e-bfb8a92a11ab,d967096a-04a0-4ab0-a13e-f8ca6b093ec1,979d4dea-2a55-46c2-a9d1-95d1bd7fab87,9,Sample English review 4258.
2351050e-9aa2-4d9c-8c47-8bb4f7c06f8b,d967096a-04a0-4ab0-a13e-f8ca6b093ec1,67d8b4ad-4640-43f2-9c53-6b4929f30103,5,Sample English review 4259.
a983843b-cb63-444e-a182-b40b2893d0ca,d967096a-04a0-4ab0-a13e-f8ca6b093ec1,d3206088-b25a-455a-9323-1c8d5829b0b0,3,Sample English review 4260.
c7ced10f-a65b-4580-aa0a-eee615b5e0a5,d967096a-04a0-4ab0-a13e-f8ca6b093ec1,9b151d62-177e-4736-b8e5-6cf69170f9dc,4,
b1afd842-a8a2-4ccf-b669-8473d7612918,d967096a-04a0-4ab0-a13e-f8ca6b093ec1,d9b9480a-a1e4-49d4-b8b5-a28a761924b7,5,
85000841-a21f-4973-92d1-e7273e66f3b9,d967096a-04a0-4ab0-a13e-f8ca6b093ec1,e9774607-8354-4ac8-adcf-f72a1716c51b,4,Sample English review 4263.
c2f37c88-a8e8-438a-9cb1-f241cc386780,d967096a-04a0-4ab0-a13e-f8ca6b093ec1,09dc474c-41e1-47c7-bd11-8bcc61aba3cc,4,Sample English review 4264.
538175c2-5eb6-4da7-9ac6-59baf2aff4a4,d967096a-04a0-4ab0-a13e-f8ca6b093ec1,24ce7888-3716-43b8-9d28-4239e17abe25,5,
ce64c8fa-dc58-4d32-b11b-36ed03b7aaac,d967096a-04a0-4ab0-a13e-f8ca6b093ec1,47632200-a702-4992-9f11-020d87c3aaed,3,Sample English review 4266.
44bdde97-cd96-4c0a-bac7-062915c4509d,dc51df25-5167-431e-bc17-5c0654a57716,cb55c939-b208-4183-9cac-dc086cdad4ea,5,Sample English review 4267.
36521439-b304-4707-8717-b204ff2a0b8e,dc51df25-5167-431e-bc17-5c0654a57716,ac17d6c1-f9a9-42be-9c29-6670939d8d5e,1,
91fa0931-e34f-48c2-a525-cfbf8acd5d67,dc51df25-5167-431e-bc17-5c0654a57716,427354fb-8736-4fd4-9ea1-30b98d1974e7,10,Sample English review 4269.
19296929-69d1-462c-a911-12f6db57bf06,dc51df25-5167-431e-bc17-5c0654a57716,138aca2e-a48d-46a6-ac06-c902efe4fd18,2,Sample English review 4270.
7bad7386-7712-4a0b-aaad-b675651f6cce,dc51df25-5167-431e-bc17-5c0654a57716,f4fa3e26-130b-42f5-8e08-2d4f884e080d,4,
5aa55cd8-5f55-409b-8ee5-c06166e97fbc,dc51df25-5167-431e-bc17-5c0654a57716,09dc474c-41e1-47c7-bd11-8bcc61aba3cc,3,
374fb3b4-ad61-4080-bdba-0de6eda04ba8,dc51df25-5167-431e-bc17-5c0654a57716,4ad5c73a-5c99-4e98-9d90-0e03b0986909,8,Sample English review 4273.
22cfa529-dd99-4bb9-af74-b3abb75dd78a,dc51df25-5167-431e-bc17-5c0654a57716,ecdbf5f6-ea6e-48ad-8cf1-165f8682b135,9,Sample English review 4274.
5ab1b879-fd63-46b7-9bff-63a42c70a337,dc51df25-5167-431e-bc17-5c0654a57716,47aa0eb4-151b-4307-b50f-cdd5a44970fd,5,Sample English review 4275.
ba0def5e-9224-4c97-b3ef-b67f911a996d,dc51df25-5167-431e-bc17-5c0654a57716,4072477a-0e21-47ca-9a86-73f662b98398,3,Sample English review 4276.
b8393e40-870c-4452-8e44-b301d911ae50,dc51df25-5167-431e-bc17-5c0654a57716,09876245-335b-4ddd-bdbf-a33e23abc2fb,5,
a0655ce7-27d9-4e5d-b3f3-0cbfd25ce9b7,dc51df25-5167-431e-bc17-5c0654a57716,69a62e24-d225-4d89-94b5-ae7f906b57dc,2,Sample English review 4278.
58878652-8335-44e7-8122-1d772dcec0db,dc51df25-5167-431e-bc17-5c0654a57716,b51a7d8d-dbc7-426e-9013-dd2124a444bb,10,Sample English review 4279.
d5d26d2c-60c9-49b6-8e23-43fc87e472aa,dc51df25-5167-431e-bc17-5c0654a57716,7c01f309-b5b4-4962-843f-9698ce3ede17,3,Sample English review 4280.
a50e9845-9303-4e7a-a933-2cf7985033dc,dc51df25-5167-431e-bc17-5c0654a57716,f9a7e8ba-2326-4fd7-b228-98060197c4f6,8,Sample English review 4281.
d095ba71-d3b5-4075-a814-6e01cc11ebd8,dc51df25-5167-431e-bc17-5c0654a57716,85bbf311-5929-482a-a259-21f783c36c59,10,Sample English review 4282.
01033449-4893-4abb-b832-a42a73ec35fc,dc51df25-5167-431e-bc17-5c0654a57716,3c16d474-f898-4cfe-b924-7c38bea20d5c,1,Sample English review 4283.
db02ccfd-0c6a-4b51-b6c6-d9c8667cf365,dc51df25-5167-431e-bc17-5c0654a57716,2fd567ca-8efe-4948-bebd-a1a56f976d42,9,
aa686d34-2616-4a55-81e5-2e539c5ace83,dc51df25-5167-431e-bc17-5c0654a57716,ebaef81b-0f73-4e06-bb20-5ef173be29af,8,Sample English review 4285.
33c4ab44-5586-4deb-9b60-da7a646a26c5,bad53b59-5ec2-4f42-a7cc-918fc163aa8f,b51a7d8d-dbc7-426e-9013-dd2124a444bb,10,Sample English review 4286.
079eabfe-8cd3-4158-a0a2-619b2788c115,bad53b59-5ec2-4f42-a7cc-918fc163aa8f,d9b9480a-a1e4-49d4-b8b5-a28a761924b7,1,
e5c93d67-adf7-4f5c-a030-587b28c920d4,bad53b59-5ec2-4f42-a7cc-918fc163aa8f,77ae4c44-0946-4323-afdc-9932fc01f4c6,5,
acf51761-bdd1-4367-8af8-1e4ab1bfb50b,bad53b59-5ec2-4f42-a7cc-918fc163aa8f,d3206088-b25a-455a-9323-1c8d5829b0b0,10,Sample English review 4289.
3c72bfc4-9e1d-4350-b4f6-efd697c7bff9,bad53b59-5ec2-4f42-a7cc-918fc163aa8f,4ad5c73a-5c99-4e98-9d90-0e03b0986909,5,
e78cfdd7-ffb3-4e2c-9bd1-dc2f3c58dafd,bad53b59-5ec2-4f42-a7cc-918fc163aa8f,677a4d7a-ae9b-4bdb-a72f-67f73eba99c7,9,Sample English review 4291.
e2288d76-04d1-4908-90b0-0a86c52a663a,bad53b59-5ec2-4f42-a7cc-918fc163aa8f,4edba6e8-c8d9-4fe2-a682-124b91f87604,3,Sample English review 4292.
99f026d6-c159-421b-be98-2ebb8b7dcf80,bad53b59-5ec2-4f42-a7cc-918fc163aa8f,ecab2181-cb9d-42f7-b110-65986cef6204,6,Sample English review 4293.
647bc3f4-b383-4f9f-a52c-b44796ebbe67,bad53b59-5ec2-4f42-a7cc-918fc163aa8f,ecdbf5f6-ea6e-48ad-8cf1-165f8682b135,5,
ed841509-a86a-40bd-9756-aa19259a1dfe,f91f3250-6a3d-4fa2-8c79-2dd5158f5d0a,8a99736e-dad6-489d-aa46-0ee02356e5fe,10,Sample English review 4295.
a4dbd753-f5cb-40f9-ac0d-e94666877589,f91f3250-6a3d-4fa2-8c79-2dd5158f5d0a,afc8c392-95b3-4506-8d6c-719f96692939,6,
3331bf77-d776-4cb0-a3b2-1677297311de,f91f3250-6a3d-4fa2-8c79-2dd5158f5d0a,3e78c42e-79c6-46a5-84ba-afca64de824b,8,Sample English review 4297.
dddfe118-22ff-4010-a95f-a451e902352d,f91f3250-6a3d-4fa2-8c79-2dd5158f5d0a,3ea805cf-d96a-4098-9682-f85f57267e43,10,Sample English review 4298.
3c414eb9-6266-451b-941e-3d2dffb58b32,f91f3250-6a3d-4fa2-8c79-2dd5158f5d0a,47632200-a702-4992-9f11-020d87c3aaed,9,
4ec61a1a-bfd4-42cc-aaff-ee67082ff836,f91f3250-6a3d-4fa2-8c79-2dd5158f5d0a,9c0da375-3d5a-4608-b8c7-9e36139d6c33,4,Sample English review 4300.
746af6ea-fbb6-4ea6-b7ef-38cec6f74154,f91f3250-6a3d-4fa2-8c79-2dd5158f5d0a,ac393398-9266-4f9c-8a2d-d14ae2aa114e,2,Sample English review 4301.
af0f2ac0-7ac4-4d8a-8d3b-4a798d9be6bc,f91f3250-6a3d-4fa2-8c79-2dd5158f5d0a,7338dd63-a1d1-4e74-9759-cd17bae3c0d8,3,Sample English review 4302.
1709ca0b-34aa-45ad-b980-b3ae7ab75286,9d4e0bf7-27f1-4cfd-873d-a5384609a0f4,5e77bfad-cca1-40e3-9460-368c94829eed,5,Sample English review 4303.
f061ea83-4ca1-4afa-ab82-f4539b72a7aa,9d4e0bf7-27f1-4cfd-873d-a5384609a0f4,ecdbf5f6-ea6e-48ad-8cf1-165f8682b135,9,Sample English review 4304.
49ae1a15-e13a-4a6b-a8e0-7ab5549455c3,9d4e0bf7-27f1-4cfd-873d-a5384609a0f4,4072477a-0e21-47ca-9a86-73f662b98398,6,Sample English review 4305.
c029d66e-61e2-464a-a327-fabc2ee72ad4,9d4e0bf7-27f1-4cfd-873d-a5384609a0f4,37887751-4d47-4e5c-98fd-9fa0dc90314c,2,Sample English review 4306.
42cc0934-a6e3-4fa0-967d-bcdf425cc86c,9d4e0bf7-27f1-4cfd-873d-a5384609a0f4,24ce7888-3716-43b8-9d28-4239e17abe25,4,Sample English review 4307.
449612da-7a35-4831-bbe0-e32bf675c005,9d4e0bf7-27f1-4cfd-873d-a5384609a0f4,d01b25df-fe4a-4617-b8b9-ee0c60db6556,5,Sample English review 4308.
fcc057f3-22df-4ef3-8489-43595fe6ac6a,9b02ed27-f1a3-4aa3-ac44-f9220e7e5f0a,2c417aef-cf61-4d18-ae06-06ba2317f36f,1,
d8971da2-d432-4823-b54d-13e57ba8f0ad,9b02ed27-f1a3-4aa3-ac44-f9220e7e5f0a,ac17d6c1-f9a9-42be-9c29-6670939d8d5e,9,
afb0ecb6-a573-469e-aac6-afbcd42200fd,9b02ed27-f1a3-4aa3-ac44-f9220e7e5f0a,1f2f5550-69ee-4ec3-82d2-d6cf2d0fc05c,10,
d5fee634-19d1-4c6b-b173-3925b5d9ba51,9b02ed27-f1a3-4aa3-ac44-f9220e7e5f0a,77ae4c44-0946-4323-afdc-9932fc01f4c6,10,Sample English review 4312.
48a6e81c-ad7c-4dbc-95fa-cfff9ab00d6b,9b02ed27-f1a3-4aa3-ac44-f9220e7e5f0a,33875037-f579-42ed-8aba-818a640c90d9,9,
a7cb9ca7-67a2-4a32-bd4c-2af3a803edee,9b02ed27-f1a3-4aa3-ac44-f9220e7e5f0a,4072477a-0e21-47ca-9a86-73f662b98398,7,Sample English review 4314.
592d726b-2447-49d1-b94f-36cb8b3a25a5,9b02ed27-f1a3-4aa3-ac44-f9220e7e5f0a,7c08735f-311c-4060-9637-87bee6bf9673,8,Sample English review 4315.
11732228-4029-4341-b1e2-6262b26c150e,9b02ed27-f1a3-4aa3-ac44-f9220e7e5f0a,8a99736e-dad6-489d-aa46-0ee02356e5fe,10,
f9193376-e07e-4546-8eb9-c6d356019be2,9b02ed27-f1a3-4aa3-ac44-f9220e7e5f0a,d9b9480a-a1e4-49d4-b8b5-a28a761924b7,3,Sample English review 4317.
c1d056e8-eb12-4a75-ba93-44cfef44118e,9b02ed27-f1a3-4aa3-ac44-f9220e7e5f0a,6358f21d-d22d-4f6c-b15e-7a1b7ba90800,7,Sample English review 4318.
7fea8a28-cc5d-4ad2-a310-5c99d3357f3c,9b02ed27-f1a3-4aa3-ac44-f9220e7e5f0a,ccda4639-3814-4892-99ea-7aa00cd42d49,7,Sample English review 4319.
3c58d6fb-d38f-4952-ae13-61210a587129,9b02ed27-f1a3-4aa3-ac44-f9220e7e5f0a,37887751-4d47-4e5c-98fd-9fa0dc90314c,8,Sample English review 4320.
e52bf3b8-f5d1-4951-9643-64b444de31ab,9b02ed27-f1a3-4aa3-ac44-f9220e7e5f0a,f9a7e8ba-2326-4fd7-b228-98060197c4f6,9,Sample English review 4321.
5ef7c825-34aa-442b-b271-19945a8e8ed2,9b02ed27-f1a3-4aa3-ac44-f9220e7e5f0a,f58f62f8-c6cd-4d19-adce-d4d1da14b149,5,Sample English review 4322.
70e11f21-1284-42ee-be9b-bad3b59bda53,9b02ed27-f1a3-4aa3-ac44-f9220e7e5f0a,af3763b7-7954-464c-8287-33c652eaced6,6,
f4c5ec45-0674-4c30-9966-10fd4f981966,9b02ed27-f1a3-4aa3-ac44-f9220e7e5f0a,ecab2181-cb9d-42f7-b110-65986cef6204,9,Sample English review 4324.
b3610ccb-556d-4b2b-b267-52e66ff99520,9b02ed27-f1a3-4aa3-ac44-f9220e7e5f0a,9008a579-51a2-4cde-80db-8e277bfd15c0,2,
ac4423aa-069f-42db-9696-0aba2574668c,9b02ed27-f1a3-4aa3-ac44-f9220e7e5f0a,d51ce7b5-dd79-4d62-93c4-4a7cff3d22e3,2,
a4720cb3-ea3d-416c-8e1a-510f7de85e37,9b02ed27-f1a3-4aa3-ac44-f9220e7e5f0a,81de516b-9d80-447a-a5f3-7f542dab2e6f,8,Sample English review 4327.
e43b47bc-17a5-4439-95b0-ddf419e87340,9b02ed27-f1a3-4aa3-ac44-f9220e7e5f0a,fd530ba8-7ae3-47c6-b384-a6b01df494cb,1,
f622fe15-ef4c-4524-9959-8f36075d9d33,b7f61a65-4d78-449c-b862-f9c287f75e6e,99f6f5c3-1cb9-4fe1-ab1a-aa9c1d16dbd0,1,Sample English review 4329.
d6a3f4d4-d4a0-4290-b6f2-77a31211b8d3,b7f61a65-4d78-449c-b862-f9c287f75e6e,0c6967ae-a4d8-4920-9d51-c7d95b61d752,10,Sample English review 4330.
38d5e96d-ad9a-47df-bcd7-5d4bc1e1f77d,b7f61a65-4d78-449c-b862-f9c287f75e6e,47aa0eb4-151b-4307-b50f-cdd5a44970fd,1,Sample English review 4331.
aada586b-602d-4fae-91dc-effb25d9a759,b7f61a65-4d78-449c-b862-f9c287f75e6e,37887751-4d47-4e5c-98fd-9fa0dc90314c,6,
85e2cc22-4c6a-459b-b791-e7e804352884,97e19c85-24ed-48c0-99b9-8ccd0ce0ab4b,ac393398-9266-4f9c-8a2d-d14ae2aa114e,7,Sample English review 4333.
83a2af93-6393-4b85-ae81-856e7cb91d33,97e19c85-24ed-48c0-99b9-8ccd0ce0ab4b,34e41375-9db2-4e92-9f7d-76f36353f4e6,3,Sample English review 4334.
f7a8fee0-9893-4609-8493-6dc2ef43d0f2,97e19c85-24ed-48c0-99b9-8ccd0ce0ab4b,cf58157c-eee8-4cb1-af62-820e7aadb847,8,
aa62937d-4022-4be1-a5e4-bd467b3329d3,ea9a1322-7b80-4a79-bde9-ea8c83e22a87,fd530ba8-7ae3-47c6-b384-a6b01df494cb,1,Sample English review 4336.
48ff638a-a885-4d00-8cda-1639d2067700,ea9a1322-7b80-4a79-bde9-ea8c83e22a87,4072477a-0e21-47ca-9a86-73f662b98398,4,Sample English review 4337.
79c15a3d-395a-4443-96e4-66847fcc1939,ea9a1322-7b80-4a79-bde9-ea8c83e22a87,5fb1457b-691f-48fd-aeca-0103d0a88833,2,
4363b58c-2582-4225-a736-e25576f0a48e,ea9a1322-7b80-4a79-bde9-ea8c83e22a87,f4fa3e26-130b-42f5-8e08-2d4f884e080d,10,Sample English review 4339.
6493d0c3-62ae-40ab-bed8-50852c4296b3,ea9a1322-7b80-4a79-bde9-ea8c83e22a87,62531f1e-00a6-4fce-ab03-320c8c0852e8,10,Sample English review 4340.
279939e4-0727-4a25-b6e3-8f99a6560376,ea9a1322-7b80-4a79-bde9-ea8c83e22a87,67021090-97c3-44f2-82ed-cf5f65828f38,10,Sample English review 4341.
f5f9e8eb-1df4-43a4-b80e-2313cfe4d94f,ea9a1322-7b80-4a79-bde9-ea8c83e22a87,37887751-4d47-4e5c-98fd-9fa0dc90314c,7,
8c85eb27-53e1-4516-9de2-e77c518336fa,ea9a1322-7b80-4a79-bde9-ea8c83e22a87,d3206088-b25a-455a-9323-1c8d5829b0b0,6,Sample English review 4343.
ccc1dd92-7aed-4c96-a039-af202fda11b8,ea9a1322-7b80-4a79-bde9-ea8c83e22a87,9bc42e46-67c9-447f-be78-4ae50e491d93,5,
7a79a90a-df69-4c01-91f5-ce7b9c086eb3,ea9a1322-7b80-4a79-bde9-ea8c83e22a87,138aca2e-a48d-46a6-ac06-c902efe4fd18,1,Sample English review 4345.
afe4ffff-e857-4d2d-a321-0a3ebbe0324b,ea9a1322-7b80-4a79-bde9-ea8c83e22a87,2752b069-f76a-4957-8807-6237a31f6d2c,6,Sample English review 4346.
770052ba-9921-40f2-8e54-e36f1c49438a,ea9a1322-7b80-4a79-bde9-ea8c83e22a87,0c6967ae-a4d8-4920-9d51-c7d95b61d752,4,Sample English review 4347.
0a3b8936-36c8-48a3-a8d6-3c533e8f1f19,ea9a1322-7b80-4a79-bde9-ea8c83e22a87,77ae4c44-0946-4323-afdc-9932fc01f4c6,3,Sample English review 4348.
20ec0466-6cb7-4b1a-9538-982efd238e79,ea9a1322-7b80-4a79-bde9-ea8c83e22a87,d01b25df-fe4a-4617-b8b9-ee0c60db6556,6,Sample English review 4349.
8890776c-f6d6-4df6-ad15-e9809e7b1f82,ea9a1322-7b80-4a79-bde9-ea8c83e22a87,009bae3f-9085-415e-81bf-b86503fa9115,3,Sample English review 4350.
51ad197b-3afb-40ad-9de0-689315681905,ea9a1322-7b80-4a79-bde9-ea8c83e22a87,09901650-fe76-4f18-9bf9-e24256f4909e,5,
5d2e41d7-0317-4d2b-bd13-09e1be3efb30,314f8495-4311-45be-88fc-2d6527a6037e,81d5edb0-d9b4-4d01-968c-8eda5f5b6a03,9,
64d7c79e-32a3-4737-b7fc-30e9fc082612,314f8495-4311-45be-88fc-2d6527a6037e,4edba6e8-c8d9-4fe2-a682-124b91f87604,1,
192cad77-911d-4e4e-a61a-0fc0e48aeaa0,314f8495-4311-45be-88fc-2d6527a6037e,009bae3f-9085-415e-81bf-b86503fa9115,8,Sample English review 4354.
2acd3850-a97b-46f5-861e-f429f66b93f9,314f8495-4311-45be-88fc-2d6527a6037e,24ce7888-3716-43b8-9d28-4239e17abe25,2,
21d402f3-a887-41db-930e-c1001daa28ff,314f8495-4311-45be-88fc-2d6527a6037e,d01b25df-fe4a-4617-b8b9-ee0c60db6556,2,Sample English review 4356.
d0950586-e0b9-4161-a318-a226308240dd,314f8495-4311-45be-88fc-2d6527a6037e,d3206088-b25a-455a-9323-1c8d5829b0b0,7,Sample English review 4357.
ef0b5164-90e7-4829-b1bf-aae948f7e0f2,314f8495-4311-45be-88fc-2d6527a6037e,ccda4639-3814-4892-99ea-7aa00cd42d49,8,
d0e62b1e-f733-4b31-9fcc-5d9f3d73bbf9,314f8495-4311-45be-88fc-2d6527a6037e,6dc440b0-7d0d-4e8c-8dfa-aacb16c25536,10,Sample English review 4359.
58ba00e3-b6ac-4643-b957-7fa2233b8dd2,314f8495-4311-45be-88fc-2d6527a6037e,8a99736e-dad6-489d-aa46-0ee02356e5fe,1,Sample English review 4360.
41534943-ed96-44d9-a875-16afe26bede6,314f8495-4311-45be-88fc-2d6527a6037e,7bd0bc4e-e14f-4f46-8e8b-d015a6b4ebc1,4,
97d2b07f-b277-4289-9866-4820ed678b3f,314f8495-4311-45be-88fc-2d6527a6037e,ecdbf5f6-ea6e-48ad-8cf1-165f8682b135,4,Sample English review 4362.
52d8b533-2996-4c4a-ae10-333dcc129b49,7ebe86c2-9004-4a0d-b7d1-c261106f45bc,2c417aef-cf61-4d18-ae06-06ba2317f36f,5,Sample English review 4363.
165619e1-5b7f-480d-afba-a59d3beaea52,7ebe86c2-9004-4a0d-b7d1-c261106f45bc,85bbf311-5929-482a-a259-21f783c36c59,4,
b9d4fc02-c4cf-4e3f-acfd-46e8fcc33401,7ebe86c2-9004-4a0d-b7d1-c261106f45bc,4ad5c73a-5c99-4e98-9d90-0e03b0986909,2,Sample English review 4365.
fe11f67d-87c6-47b3-907c-f9835e12bea3,7ebe86c2-9004-4a0d-b7d1-c261106f45bc,e9774607-8354-4ac8-adcf-f72a1716c51b,3,Sample English review 4366.
1ff68b66-790c-4110-9885-0b41c05e8bb3,7ebe86c2-9004-4a0d-b7d1-c261106f45bc,05de5279-613f-4b9e-b38d-1e4203d75c1a,3,Sample English review 4367.
0a2abe40-cfd4-4f65-af54-0675c0f0d912,b456357a-bc4b-45a2-8ffc-534d23871a73,cf58157c-eee8-4cb1-af62-820e7aadb847,7,
66542610-ff9d-4db0-a02c-9d387a368e58,b456357a-bc4b-45a2-8ffc-534d23871a73,502dde18-86e1-4b5c-88c2-8010d067ede7,2,Sample English review 4369.
3364267f-31cd-4001-b6b8-d73a26c1d866,b456357a-bc4b-45a2-8ffc-534d23871a73,138aca2e-a48d-46a6-ac06-c902efe4fd18,10,Sample English review 4370.
6b1b6c1f-67d3-43d5-9382-79d4f9e1f7fb,7174b3ce-4d79-491c-abbf-044a296d451f,5597d267-e508-4a43-8244-f8ec9fdecae4,7,Sample English review 4371.
b3e8d84d-ed38-45a0-9d1c-2cdd16ffa19e,7174b3ce-4d79-491c-abbf-044a296d451f,7bd0bc4e-e14f-4f46-8e8b-d015a6b4ebc1,8,Sample English review 4372.
ca0053d4-c308-4686-a7d6-e7dd4d036689,7174b3ce-4d79-491c-abbf-044a296d451f,b51a7d8d-dbc7-426e-9013-dd2124a444bb,3,Sample English review 4373.
88a64b38-2bf5-4d23-b313-dfb2e7a38447,7174b3ce-4d79-491c-abbf-044a296d451f,09876245-335b-4ddd-bdbf-a33e23abc2fb,3,Sample English review 4374.
bbff3160-7882-4423-9bf6-4d355a0e20ed,7174b3ce-4d79-491c-abbf-044a296d451f,74429405-c801-4e71-87cd-1d726e8cd8f7,2,Sample English review 4375.
59eb1f23-9d90-4ff4-91bb-d5e1bef91d8f,7174b3ce-4d79-491c-abbf-044a296d451f,24ce7888-3716-43b8-9d28-4239e17abe25,8,Sample English review 4376.
9ddd89ac-ec2e-40cc-a50a-4cfb9fa1a99c,7174b3ce-4d79-491c-abbf-044a296d451f,cf58157c-eee8-4cb1-af62-820e7aadb847,7,Sample English review 4377.
91ea5186-e146-4731-9ba4-e7e81b7fbebd,7174b3ce-4d79-491c-abbf-044a296d451f,1f2f5550-69ee-4ec3-82d2-d6cf2d0fc05c,5,
a818bc7c-7ae4-40c6-bde0-e231c5134434,7174b3ce-4d79-491c-abbf-044a296d451f,9c0da375-3d5a-4608-b8c7-9e36139d6c33,9,Sample English review 4379.
b2b4ae6e-0f13-4885-a821-99c582014528,bfe96604-f138-4a49-9549-b9bcaf309ad9,1aa28ea9-5df1-4ce1-a2db-7524bfcfd4ee,5,Sample English review 4380.
ab62e336-c175-4356-9cd0-319b56d3c950,bfe96604-f138-4a49-9549-b9bcaf309ad9,979d4dea-2a55-46c2-a9d1-95d1bd7fab87,9,Sample English review 4381.
b610c1c9-2fdf-403b-8dde-56247c8d46f4,bfe96604-f138-4a49-9549-b9bcaf309ad9,cf58157c-eee8-4cb1-af62-820e7aadb847,4,
4ca35fc3-2c8c-4bb0-84e8-22160b419697,bfe96604-f138-4a49-9549-b9bcaf309ad9,ac393398-9266-4f9c-8a2d-d14ae2aa114e,10,Sample English review 4383.
855010d5-2cb2-4a20-aa4f-e08fa22cde07,bfe96604-f138-4a49-9549-b9bcaf309ad9,5e77bfad-cca1-40e3-9460-368c94829eed,5,
b0026f53-547a-42d9-b419-04197a6cba26,bfe96604-f138-4a49-9549-b9bcaf309ad9,b51a7d8d-dbc7-426e-9013-dd2124a444bb,10,Sample English review 4385.
662532b5-6fed-42a9-92eb-e930ca15c6b0,bfe96604-f138-4a49-9549-b9bcaf309ad9,dac8e4dd-9f17-46ef-9865-5e025b74bf9a,9,Sample English review 4386.
f6a061a0-08a9-428e-a3df-088c1f081957,bfe96604-f138-4a49-9549-b9bcaf309ad9,138aca2e-a48d-46a6-ac06-c902efe4fd18,4,Sample English review 4387.
dc2cb9b6-960b-4990-8afd-b9ae2f1325dd,bfe96604-f138-4a49-9549-b9bcaf309ad9,09901650-fe76-4f18-9bf9-e24256f4909e,1,Sample English review 4388.
32a23836-9f32-4ea0-ad3d-c9d29962b1db,bfe96604-f138-4a49-9549-b9bcaf309ad9,b3bb325c-6f93-4946-9d94-ca835b5be056,10,Sample English review 4389.
396af08f-914f-4bc1-900b-9f4d90871a68,bfe96604-f138-4a49-9549-b9bcaf309ad9,33b5c78e-cad2-4331-b9b9-a38ef8954dec,3,Sample English review 4390.
7bcda352-030d-4dbf-b118-07f83cb7b572,9a360ac6-ac0f-4b8f-87b5-f574beb5f9cc,08c2602d-87d3-4851-b7fb-2bad244b5357,2,Sample English review 4391.
1b595a81-313e-415e-8491-df01263d161a,9a360ac6-ac0f-4b8f-87b5-f574beb5f9cc,ecdbf5f6-ea6e-48ad-8cf1-165f8682b135,1,Sample English review 4392.
007b2bf9-76d4-4419-95e7-78145fcf8cca,246726b8-cb0f-483d-ab0b-82ac98bc523b,5597d267-e508-4a43-8244-f8ec9fdecae4,8,
274bf4fe-d63e-4ad6-a6b8-8d62f2647583,246726b8-cb0f-483d-ab0b-82ac98bc523b,cf58157c-eee8-4cb1-af62-820e7aadb847,8,
318aaed4-2ade-411c-9716-fa00dee73b94,246726b8-cb0f-483d-ab0b-82ac98bc523b,ac393398-9266-4f9c-8a2d-d14ae2aa114e,3,Sample English review 4395.
eb6302d8-b3f3-4881-af7d-f4ef2da73f94,246726b8-cb0f-483d-ab0b-82ac98bc523b,f4fa3e26-130b-42f5-8e08-2d4f884e080d,3,Sample English review 4396.
070fc87a-c46e-4926-8312-084ff45d27db,246726b8-cb0f-483d-ab0b-82ac98bc523b,4072477a-0e21-47ca-9a86-73f662b98398,4,Sample English review 4397.
634df727-5e7f-42f5-9b5b-07a3744eb87a,246726b8-cb0f-483d-ab0b-82ac98bc523b,62531f1e-00a6-4fce-ab03-320c8c0852e8,6,Sample English review 4398.
63cf7ed0-5725-4952-8a83-23f86e243a3b,246726b8-cb0f-483d-ab0b-82ac98bc523b,979d4dea-2a55-46c2-a9d1-95d1bd7fab87,8,
0034b0f1-2e64-420a-b7b2-477b4e008a7d,246726b8-cb0f-483d-ab0b-82ac98bc523b,d51ce7b5-dd79-4d62-93c4-4a7cff3d22e3,9,Sample English review 4400.
1ae7352b-2652-4461-8b4f-4d8e49acf88e,246726b8-cb0f-483d-ab0b-82ac98bc523b,47ae8c16-2d72-4c6b-8a12-3dac47db6ed7,7,Sample English review 4401.
a7d47dfb-bad6-4ddf-a609-2d695fb2d2d9,246726b8-cb0f-483d-ab0b-82ac98bc523b,7338dd63-a1d1-4e74-9759-cd17bae3c0d8,8,Sample English review 4402.
4bd053a7-7bc4-41ce-a4a4-4cf21894c14f,246726b8-cb0f-483d-ab0b-82ac98bc523b,08c2602d-87d3-4851-b7fb-2bad244b5357,4,Sample English review 4403.
076c50dd-c507-46b0-927c-bc82b14f976c,246726b8-cb0f-483d-ab0b-82ac98bc523b,2c417aef-cf61-4d18-ae06-06ba2317f36f,7,
bf60aba9-d038-4547-bddb-f07f2c231ec4,f1e52444-1f20-4b2e-93ff-f9b4cf757649,b3bb325c-6f93-4946-9d94-ca835b5be056,5,
785c70ff-f312-4a40-bb11-5b34448a355f,6b21e598-1745-425a-a562-7877af7a9e90,1b3bae68-e409-4055-a2c3-d5f42604c9b1,4,Sample English review 4406.
0d10ce94-256b-40a0-b7d6-772f2a311c29,6b21e598-1745-425a-a562-7877af7a9e90,4edba6e8-c8d9-4fe2-a682-124b91f87604,3,Sample English review 4407.
9b783efe-f116-4328-ae8a-638af67f7eb7,6b21e598-1745-425a-a562-7877af7a9e90,9b151d62-177e-4736-b8e5-6cf69170f9dc,5,
67e8296e-d88b-478e-bba5-03696e01fc87,6b21e598-1745-425a-a562-7877af7a9e90,0db8d5e2-1888-4d9f-a451-2f6e2a3e0f7d,6,Sample English review 4409.
c723fabb-8e90-4e7a-8523-a797f609ba50,6b21e598-1745-425a-a562-7877af7a9e90,d51ce7b5-dd79-4d62-93c4-4a7cff3d22e3,2,
47901916-41ce-4bcf-868f-7009025bc22d,6b21e598-1745-425a-a562-7877af7a9e90,9dae46b7-7f1a-4d67-b808-9e9c1b622d6c,9,Sample English review 4411.
589d3edd-d9d3-4523-8662-aff48522e072,6b21e598-1745-425a-a562-7877af7a9e90,677a4d7a-ae9b-4bdb-a72f-67f73eba99c7,7,Sample English review 4412.
b28e5930-8391-429c-a109-565b687015a1,6b21e598-1745-425a-a562-7877af7a9e90,cb55c939-b208-4183-9cac-dc086cdad4ea,2,Sample English review 4413.
5322b9ea-96ee-47bd-a2c1-9d349b398037,6b21e598-1745-425a-a562-7877af7a9e90,5fb1457b-691f-48fd-aeca-0103d0a88833,9,
77c658d2-2f74-4e16-91c9-7babb14cf1f1,6b21e598-1745-425a-a562-7877af7a9e90,33b5c78e-cad2-4331-b9b9-a38ef8954dec,1,
acec26fd-39d8-41ca-ad55-c55ff1aea496,6b21e598-1745-425a-a562-7877af7a9e90,5e77bfad-cca1-40e3-9460-368c94829eed,3,Sample English review 4416.
0151eb9f-2c35-45a1-a187-b9767d02dc7a,6b21e598-1745-425a-a562-7877af7a9e90,6c34f6f7-2682-4513-951e-96f325e7eb19,4,Sample English review 4417.
f40daec8-76df-4c6a-9dae-66cb686cfbf6,6b21e598-1745-425a-a562-7877af7a9e90,f9a7e8ba-2326-4fd7-b228-98060197c4f6,9,Sample English review 4418.
b2ba81e7-67f3-4e6e-a172-78e3cc05b292,6b21e598-1745-425a-a562-7877af7a9e90,ccda4639-3814-4892-99ea-7aa00cd42d49,1,Sample English review 4419.
e5f49ce4-83f7-4ae5-8dbb-956ab8f421d4,6b21e598-1745-425a-a562-7877af7a9e90,8a99736e-dad6-489d-aa46-0ee02356e5fe,3,Sample English review 4420.
0264f31d-a755-4031-8e44-94cc96eee1ec,6b21e598-1745-425a-a562-7877af7a9e90,ebaef81b-0f73-4e06-bb20-5ef173be29af,10,Sample English review 4421.
dfb177af-2fd8-4dda-bc1c-26e4b1da874e,6b21e598-1745-425a-a562-7877af7a9e90,d9b9480a-a1e4-49d4-b8b5-a28a761924b7,5,
5e340b0f-7383-492b-a8cc-92a6c031becc,6b21e598-1745-425a-a562-7877af7a9e90,0eda6729-995b-43a0-9a17-b89035543c47,5,Sample English review 4423.
0ac2439c-04de-4d40-84bd-dbeb90fbdc90,6b21e598-1745-425a-a562-7877af7a9e90,47aa0eb4-151b-4307-b50f-cdd5a44970fd,7,Sample English review 4424.
ba8253d8-b72b-4eb5-adf4-b4a0c8a800cc,6b21e598-1745-425a-a562-7877af7a9e90,7338dd63-a1d1-4e74-9759-cd17bae3c0d8,4,
e87f12ba-b37d-40c8-9c1d-207734d48559,4508f385-6483-4bce-81e6-44b4f09d7521,77ae4c44-0946-4323-afdc-9932fc01f4c6,2,Sample English review 4426.
545d4985-b203-48d0-812a-56c3886bd653,4508f385-6483-4bce-81e6-44b4f09d7521,3c16d474-f898-4cfe-b924-7c38bea20d5c,5,Sample English review 4427.
c26d774a-8137-4489-94e5-7c24c10bc1b0,4508f385-6483-4bce-81e6-44b4f09d7521,5e77bfad-cca1-40e3-9460-368c94829eed,7,
9e177e5c-374d-481b-aedc-c18089c77da1,4508f385-6483-4bce-81e6-44b4f09d7521,677a4d7a-ae9b-4bdb-a72f-67f73eba99c7,9,
c3f0790b-9607-4ac9-a1cc-53b2c138a29e,4508f385-6483-4bce-81e6-44b4f09d7521,9b151d62-177e-4736-b8e5-6cf69170f9dc,8,
79a2cbbc-17a2-41b0-9fe6-c7f874287b7b,4508f385-6483-4bce-81e6-44b4f09d7521,1f2f5550-69ee-4ec3-82d2-d6cf2d0fc05c,7,Sample English review 4431.
ee2d22fb-92e6-432a-8936-791fa48e5ef8,4508f385-6483-4bce-81e6-44b4f09d7521,ccda4639-3814-4892-99ea-7aa00cd42d49,7,
82c537ae-1113-46b9-b234-62bc7fd163e0,c46391bf-378e-4703-b347-b785bc9df971,77ae4c44-0946-4323-afdc-9932fc01f4c6,10,Sample English review 4433.
4d7d5453-7e93-4b8e-8199-ede07216e7c5,c46391bf-378e-4703-b347-b785bc9df971,09876245-335b-4ddd-bdbf-a33e23abc2fb,1,
92cf8249-9b2e-45e9-93bf-ad873fa72ef1,c46391bf-378e-4703-b347-b785bc9df971,2752b069-f76a-4957-8807-6237a31f6d2c,6,Sample English review 4435.
67a43d00-ca74-456e-917f-da34a71d94ed,c46391bf-378e-4703-b347-b785bc9df971,33875037-f579-42ed-8aba-818a640c90d9,3,Sample English review 4436.
2b1acb04-86e6-4a49-9029-9574461648a5,c46391bf-378e-4703-b347-b785bc9df971,138aca2e-a48d-46a6-ac06-c902efe4fd18,6,Sample English review 4437.
86ce6dba-f778-4093-b85e-467f2364f875,c46391bf-378e-4703-b347-b785bc9df971,aa451009-5df5-4e3e-bce7-7ad1ac26b289,4,
9584605f-af14-407b-b455-f69f83e28c81,c46391bf-378e-4703-b347-b785bc9df971,85bbf311-5929-482a-a259-21f783c36c59,9,
a32fb0e2-3982-4151-8339-cc40b167f487,c46391bf-378e-4703-b347-b785bc9df971,7338dd63-a1d1-4e74-9759-cd17bae3c0d8,2,
9d3b2b49-593a-4c25-8f8b-f174b8aeb1dd,b832567e-286c-4f59-8219-277f4867978b,99f6f5c3-1cb9-4fe1-ab1a-aa9c1d16dbd0,1,Sample English review 4441.
58a3c40d-a915-4a1d-b3cd-007e9d02cf69,b832567e-286c-4f59-8219-277f4867978b,1f2f5550-69ee-4ec3-82d2-d6cf2d0fc05c,6,
fed8249d-6997-4074-a27f-a47758e6028d,b832567e-286c-4f59-8219-277f4867978b,24ce7888-3716-43b8-9d28-4239e17abe25,4,
42b9ccdf-be85-4fc1-b40b-42133c12ace5,b832567e-286c-4f59-8219-277f4867978b,74429405-c801-4e71-87cd-1d726e8cd8f7,9,Sample English review 4444.
bab7e267-fa7c-4b57-8922-8a3fa8e76f44,b832567e-286c-4f59-8219-277f4867978b,b51a7d8d-dbc7-426e-9013-dd2124a444bb,2,Sample English review 4445.
a30d1da8-d37d-44af-9670-2e27e0f404ba,b832567e-286c-4f59-8219-277f4867978b,8ff07004-cedb-4c53-a5dd-a034c6073f8e,9,Sample English review 4446.
ebf8df7c-f255-475a-abe9-1eb64a209db4,b832567e-286c-4f59-8219-277f4867978b,aa451009-5df5-4e3e-bce7-7ad1ac26b289,2,Sample English review 4447.
3c009cf0-88cf-443a-ad70-abcf013b129b,b832567e-286c-4f59-8219-277f4867978b,d9b9480a-a1e4-49d4-b8b5-a28a761924b7,3,Sample English review 4448.
32b6a764-e649-4cfa-b8e0-672ccc9e719d,b832567e-286c-4f59-8219-277f4867978b,722c5ad2-9175-4d47-9f8a-d10e496d97f8,6,Sample English review 4449.
a2058d05-78ca-4e83-945e-29fcc95918d0,b832567e-286c-4f59-8219-277f4867978b,708f4f48-f883-4f49-97ee-2c0a91c249de,1,Sample English review 4450.
ec1b246c-0528-4613-ab0c-28e8be5ba96a,b832567e-286c-4f59-8219-277f4867978b,5597d267-e508-4a43-8244-f8ec9fdecae4,4,Sample English review 4451.
1a3c4baf-f221-447a-b6fd-4cb66467aad0,b832567e-286c-4f59-8219-277f4867978b,e52406b3-6af5-42dc-a087-fe3f73c2cb30,7,
f69483f6-2f15-4ffe-a0a8-a6465e0aa36a,b832567e-286c-4f59-8219-277f4867978b,0c6967ae-a4d8-4920-9d51-c7d95b61d752,6,
2df9f3ee-84a4-48fb-9cbd-5180dfe0c671,b832567e-286c-4f59-8219-277f4867978b,9dae46b7-7f1a-4d67-b808-9e9c1b622d6c,9,
9fc0d652-a29d-485f-8198-f8ed6960568f,b832567e-286c-4f59-8219-277f4867978b,5fb1457b-691f-48fd-aeca-0103d0a88833,2,
590ac066-8b70-42ea-ab3b-595254e9df9c,b832567e-286c-4f59-8219-277f4867978b,a3128f74-4fcf-4cae-b2db-d585516780d1,5,Sample English review 4456.
3e4f585b-cf50-4cc3-8bc4-fd21d01356e9,b832567e-286c-4f59-8219-277f4867978b,ecdbf5f6-ea6e-48ad-8cf1-165f8682b135,9,Sample English review 4457.
44924127-c66b-47e0-8439-e815be711630,27c3212c-8942-463b-9e27-c656becd59e6,9b151d62-177e-4736-b8e5-6cf69170f9dc,9,Sample English review 4458.
5eeb99bd-2496-48e7-a310-2a67554c40b4,27c3212c-8942-463b-9e27-c656becd59e6,24ce7888-3716-43b8-9d28-4239e17abe25,8,
c44a470f-4612-4a0d-8e14-2a98200b710b,27c3212c-8942-463b-9e27-c656becd59e6,21bf0f34-fea3-4cb9-b9a7-94e72ffacc8a,3,Sample English review 4460.
1ac0adb8-9783-45a0-a67c-b30206f7239c,27c3212c-8942-463b-9e27-c656becd59e6,3e78c42e-79c6-46a5-84ba-afca64de824b,2,Sample English review 4461.
fe45c861-b9f6-43f9-b5c9-b0e16a58e154,27c3212c-8942-463b-9e27-c656becd59e6,9008a579-51a2-4cde-80db-8e277bfd15c0,8,
0b01cb61-3648-47e6-906b-74ddc18ae44d,27c3212c-8942-463b-9e27-c656becd59e6,85bbf311-5929-482a-a259-21f783c36c59,7,Sample English review 4463.
8506de9b-6786-4777-a45f-21f4fee24e75,27c3212c-8942-463b-9e27-c656becd59e6,7bd0bc4e-e14f-4f46-8e8b-d015a6b4ebc1,7,
19fb8e94-cec5-42f8-9a8c-6ad97c61b686,27c3212c-8942-463b-9e27-c656becd59e6,7c01f309-b5b4-4962-843f-9698ce3ede17,5,Sample English review 4465.
0dfa7cbd-7296-4562-95ab-7ef969b4e076,27c3212c-8942-463b-9e27-c656becd59e6,6d0ed363-2c1a-43f7-958a-0e0cb6ea3e49,1,Sample English review 4466.
e0f10750-323a-4bcd-b2dd-24204261cc33,27c3212c-8942-463b-9e27-c656becd59e6,09901650-fe76-4f18-9bf9-e24256f4909e,6,Sample English review 4467.
e672ba20-e3bd-4fd2-b0f5-05138437dbaa,27c3212c-8942-463b-9e27-c656becd59e6,aa451009-5df5-4e3e-bce7-7ad1ac26b289,5,Sample English review 4468.
827321e0-72ea-4a56-a392-1170b3651b93,257e67be-9d4b-4586-965d-772f3176156e,8a99736e-dad6-489d-aa46-0ee02356e5fe,6,Sample English review 4469.
fa83bad5-bfac-4970-8dca-1b5dd012d197,257e67be-9d4b-4586-965d-772f3176156e,67d8b4ad-4640-43f2-9c53-6b4929f30103,4,Sample English review 4470.
75295eef-0e39-472b-b79a-0ec817e57da1,257e67be-9d4b-4586-965d-772f3176156e,5e77bfad-cca1-40e3-9460-368c94829eed,8,Sample English review 4471.
c5bd2d6c-0018-4e81-9346-01817500d5a4,257e67be-9d4b-4586-965d-772f3176156e,99f6f5c3-1cb9-4fe1-ab1a-aa9c1d16dbd0,2,
7957c000-3116-4edc-9866-447b078fff2c,257e67be-9d4b-4586-965d-772f3176156e,f4fa3e26-130b-42f5-8e08-2d4f884e080d,8,Sample English review 4473.
90b73e53-7410-4632-95dc-e5179816eb5f,257e67be-9d4b-4586-965d-772f3176156e,722c5ad2-9175-4d47-9f8a-d10e496d97f8,3,Sample English review 4474.
485203e4-1ae4-4d27-8854-cfa3d5adfba7,257e67be-9d4b-4586-965d-772f3176156e,ebaef81b-0f73-4e06-bb20-5ef173be29af,3,Sample English review 4475.
cdd61f56-9428-41cb-a48e-a5d56e83632c,257e67be-9d4b-4586-965d-772f3176156e,09901650-fe76-4f18-9bf9-e24256f4909e,2,Sample English review 4476.
c30b4931-06e2-4420-ba6b-b8e547968181,257e67be-9d4b-4586-965d-772f3176156e,1b3bae68-e409-4055-a2c3-d5f42604c9b1,1,
43a8a6bd-f335-4798-899c-146e295ca9b6,257e67be-9d4b-4586-965d-772f3176156e,6d0ed363-2c1a-43f7-958a-0e0cb6ea3e49,8,Sample English review 4478.
cd048eef-abfc-49d1-9bfc-789a9d39b6d8,257e67be-9d4b-4586-965d-772f3176156e,2752b069-f76a-4957-8807-6237a31f6d2c,7,
4125dd4f-63a8-472f-bc6d-ed8af26e43f0,257e67be-9d4b-4586-965d-772f3176156e,1f2f5550-69ee-4ec3-82d2-d6cf2d0fc05c,9,Sample English review 4480.
119b2510-4bb6-4ff2-9cce-6f5bd5c01951,257e67be-9d4b-4586-965d-772f3176156e,1b7592f5-0e3c-4c80-b5a2-4bd6f1157cba,1,Sample English review 4481.
9deec857-ca96-4865-a537-9a5333a45877,257e67be-9d4b-4586-965d-772f3176156e,cb55c939-b208-4183-9cac-dc086cdad4ea,1,Sample English review 4482.
11bea45a-7930-4560-adcd-b306b49a8593,257e67be-9d4b-4586-965d-772f3176156e,1444ba20-39ac-43a5-bccc-1cc41c2f03b1,2,
74451fff-7b67-4e75-aa97-727548d094ea,257e67be-9d4b-4586-965d-772f3176156e,21bf0f34-fea3-4cb9-b9a7-94e72ffacc8a,1,
086c3cfd-1841-48f8-9cf1-070dd6c88166,257e67be-9d4b-4586-965d-772f3176156e,6358f21d-d22d-4f6c-b15e-7a1b7ba90800,8,Sample English review 4485.
76a5b5c5-734e-4305-8218-97a861a31e33,a3c6ed05-f2d4-4e7e-9796-05ca157bcd5b,33875037-f579-42ed-8aba-818a640c90d9,8,
b176f391-8e1b-41b8-8f0d-5964b3a5bb3a,a3c6ed05-f2d4-4e7e-9796-05ca157bcd5b,6358f21d-d22d-4f6c-b15e-7a1b7ba90800,8,Sample English review 4487.
bd628287-3a8a-4eaf-aa68-d6956a18e85c,a3c6ed05-f2d4-4e7e-9796-05ca157bcd5b,d9b9480a-a1e4-49d4-b8b5-a28a761924b7,9,Sample English review 4488.
38baa6ce-7b83-454a-b9fe-f12fb3ed5520,a3c6ed05-f2d4-4e7e-9796-05ca157bcd5b,d51ce7b5-dd79-4d62-93c4-4a7cff3d22e3,3,Sample English review 4489.
dde237c8-a223-44a4-9efb-3bc6519daae6,a3c6ed05-f2d4-4e7e-9796-05ca157bcd5b,3e78c42e-79c6-46a5-84ba-afca64de824b,7,Sample English review 4490.
68d3a0d7-be54-48d0-8c66-4110e410cd03,a3c6ed05-f2d4-4e7e-9796-05ca157bcd5b,f58f62f8-c6cd-4d19-adce-d4d1da14b149,4,Sample English review 4491.
deb50ff3-bd4f-461d-8b43-e78776b87996,a3c6ed05-f2d4-4e7e-9796-05ca157bcd5b,67021090-97c3-44f2-82ed-cf5f65828f38,10,
49df3c53-5cb0-4e55-8857-6a157b1702e7,a3c6ed05-f2d4-4e7e-9796-05ca157bcd5b,09dc474c-41e1-47c7-bd11-8bcc61aba3cc,8,Sample English review 4493.
7920e0b9-178e-4396-83c1-a598139510ca,a3c6ed05-f2d4-4e7e-9796-05ca157bcd5b,ebaef81b-0f73-4e06-bb20-5ef173be29af,7,
54ea792e-4398-432a-80c9-d4bdd90ef92e,a3c6ed05-f2d4-4e7e-9796-05ca157bcd5b,5597d267-e508-4a43-8244-f8ec9fdecae4,2,Sample English review 4495.
c901d407-d0f8-45bb-900c-e4a795ca406a,a3c6ed05-f2d4-4e7e-9796-05ca157bcd5b,81d5edb0-d9b4-4d01-968c-8eda5f5b6a03,3,Sample English review 4496.
b2718bb3-d07c-4e6b-8cb4-87a8090051ee,a3c6ed05-f2d4-4e7e-9796-05ca157bcd5b,62531f1e-00a6-4fce-ab03-320c8c0852e8,3,Sample English review 4497.
f10a8c93-011c-43b1-af18-cea219a81b4f,a3c6ed05-f2d4-4e7e-9796-05ca157bcd5b,2fd567ca-8efe-4948-bebd-a1a56f976d42,1,Sample English review 4498.
26a65173-267b-4cb6-818d-81d0ffff6ff0,a3c6ed05-f2d4-4e7e-9796-05ca157bcd5b,502dde18-86e1-4b5c-88c2-8010d067ede7,9,Sample English review 4499.
7abbb119-83f8-4b2c-ba8d-4306d83cf101,a3c6ed05-f2d4-4e7e-9796-05ca157bcd5b,2752b069-f76a-4957-8807-6237a31f6d2c,2,Sample English review 4500.
3c9d8a05-c674-45a3-a739-4e372633d6d0,a3c6ed05-f2d4-4e7e-9796-05ca157bcd5b,4edba6e8-c8d9-4fe2-a682-124b91f87604,9,Sample English review 4501.
0b3b911b-b442-4052-97da-3d58dbc8927c,a3c6ed05-f2d4-4e7e-9796-05ca157bcd5b,cb55c939-b208-4183-9cac-dc086cdad4ea,9,Sample English review 4502.
cabbef22-0fb0-4749-9bb3-f10f34773675,a3c6ed05-f2d4-4e7e-9796-05ca157bcd5b,427354fb-8736-4fd4-9ea1-30b98d1974e7,7,Sample English review 4503.
88ecab84-4920-409e-998f-cf7001e51f0b,a3c6ed05-f2d4-4e7e-9796-05ca157bcd5b,9b151d62-177e-4736-b8e5-6cf69170f9dc,10,
d3df24c4-de98-4ae2-82cf-edde3033299a,77dd0d36-b3af-4c0e-8d94-30d96fcc6077,afc8c392-95b3-4506-8d6c-719f96692939,6,
79d102f0-2a6f-4651-9864-501202788b0b,77dd0d36-b3af-4c0e-8d94-30d96fcc6077,427354fb-8736-4fd4-9ea1-30b98d1974e7,4,Sample English review 4506.
9f15686a-f805-4d96-b01b-fd9c11ae8b20,77dd0d36-b3af-4c0e-8d94-30d96fcc6077,08c2602d-87d3-4851-b7fb-2bad244b5357,1,Sample English review 4507.
96a44c24-c28b-4292-8471-13dd6a17b661,77dd0d36-b3af-4c0e-8d94-30d96fcc6077,4edba6e8-c8d9-4fe2-a682-124b91f87604,4,Sample English review 4508.
aab7c852-bed6-4496-b534-0a8127b179f3,77dd0d36-b3af-4c0e-8d94-30d96fcc6077,b3bb325c-6f93-4946-9d94-ca835b5be056,6,Sample English review 4509.
f13c8d0d-3a8f-4147-bdc8-bb5b485e5547,77dd0d36-b3af-4c0e-8d94-30d96fcc6077,ac17d6c1-f9a9-42be-9c29-6670939d8d5e,10,Sample English review 4510.
d17e6b8c-c861-4cd9-a710-503ed5a6d254,77dd0d36-b3af-4c0e-8d94-30d96fcc6077,47632200-a702-4992-9f11-020d87c3aaed,8,Sample English review 4511.
87402c8a-5bdb-41a1-a309-dcd5588a9d21,77dd0d36-b3af-4c0e-8d94-30d96fcc6077,cf58157c-eee8-4cb1-af62-820e7aadb847,5,Sample English review 4512.
66af9215-17de-4025-8a2a-b526aab729f3,77dd0d36-b3af-4c0e-8d94-30d96fcc6077,67021090-97c3-44f2-82ed-cf5f65828f38,6,Sample English review 4513.
e0d8a014-b546-45e0-b351-04825b281bf9,d242a7f8-c28b-4282-b138-177b5121fd3b,9c0da375-3d5a-4608-b8c7-9e36139d6c33,5,Sample English review 4514.
089a8ac6-8fc3-4e01-b9bb-7d35b9c221b4,d242a7f8-c28b-4282-b138-177b5121fd3b,09dc474c-41e1-47c7-bd11-8bcc61aba3cc,3,Sample English review 4515.
407ae319-3768-4ab9-8b2c-58e6f9e16342,d242a7f8-c28b-4282-b138-177b5121fd3b,f4fa3e26-130b-42f5-8e08-2d4f884e080d,4,Sample English review 4516.
7c74b5df-f01d-454c-ae80-598d8f430ad6,d242a7f8-c28b-4282-b138-177b5121fd3b,0c6967ae-a4d8-4920-9d51-c7d95b61d752,8,Sample English review 4517.
a6f86f95-5acb-40e3-816e-ee5b07bf0721,d242a7f8-c28b-4282-b138-177b5121fd3b,c3820118-4994-4049-8719-6d71466870fe,9,Sample English review 4518.
11149511-c33b-453a-8ef4-cfea7cd722b2,d242a7f8-c28b-4282-b138-177b5121fd3b,7c01f309-b5b4-4962-843f-9698ce3ede17,5,Sample English review 4519.
2371a472-5086-4bc9-8f03-8bc4fac79073,930dd5a0-b9da-4478-837a-fc4b7e07048d,0db8d5e2-1888-4d9f-a451-2f6e2a3e0f7d,6,
1a749117-82c4-457e-8455-429c995c5136,930dd5a0-b9da-4478-837a-fc4b7e07048d,9b151d62-177e-4736-b8e5-6cf69170f9dc,2,Sample English review 4521.
0857bcf5-973f-476f-926e-856d88df0abc,930dd5a0-b9da-4478-837a-fc4b7e07048d,6d0ed363-2c1a-43f7-958a-0e0cb6ea3e49,9,Sample English review 4522.
5c8b1886-66ee-4db3-983e-efddabc4f71e,930dd5a0-b9da-4478-837a-fc4b7e07048d,dac8e4dd-9f17-46ef-9865-5e025b74bf9a,2,Sample English review 4523.
18bded04-6d56-4bd5-8671-d3b81114ab14,930dd5a0-b9da-4478-837a-fc4b7e07048d,37887751-4d47-4e5c-98fd-9fa0dc90314c,1,Sample English review 4524.
d5d74d50-5899-46a2-a6e7-0d4c9bf6ab57,930dd5a0-b9da-4478-837a-fc4b7e07048d,24ce7888-3716-43b8-9d28-4239e17abe25,2,Sample English review 4525.
a642dd3f-0a31-45d1-aa86-0437590fb6ef,930dd5a0-b9da-4478-837a-fc4b7e07048d,85bbf311-5929-482a-a259-21f783c36c59,1,Sample English review 4526.
2505bbb8-0261-4a4d-bd66-aec9eb977cee,930dd5a0-b9da-4478-837a-fc4b7e07048d,33b5c78e-cad2-4331-b9b9-a38ef8954dec,6,
4c60993e-ae3e-4b91-bd91-4b1ec68c16fe,930dd5a0-b9da-4478-837a-fc4b7e07048d,23855b90-cb3b-4533-a756-bab9bb81426e,6,Sample English review 4528.
2d91854a-a219-4dbe-a0d4-34979fc451a0,930dd5a0-b9da-4478-837a-fc4b7e07048d,81d5edb0-d9b4-4d01-968c-8eda5f5b6a03,6,Sample English review 4529.
d755d458-59a3-455b-b791-a73df8909007,930dd5a0-b9da-4478-837a-fc4b7e07048d,1444ba20-39ac-43a5-bccc-1cc41c2f03b1,9,Sample English review 4530.
f2059086-1082-44fb-8dd7-0f4d603d2eec,930dd5a0-b9da-4478-837a-fc4b7e07048d,e9774607-8354-4ac8-adcf-f72a1716c51b,5,Sample English review 4531.
6946a41c-59db-46bc-aa05-8580317cbf94,379e2eaa-ce90-4a84-ba14-4c2ed4efd86f,99f8ef2d-c0e8-4290-83a6-b460677b198d,3,Sample English review 4532.
a1b60dec-6eda-48a4-9c8d-f1be7a233d0e,379e2eaa-ce90-4a84-ba14-4c2ed4efd86f,23855b90-cb3b-4533-a756-bab9bb81426e,7,
5b9b1d21-8d53-4a56-996e-8c72af80f365,379e2eaa-ce90-4a84-ba14-4c2ed4efd86f,5597d267-e508-4a43-8244-f8ec9fdecae4,8,Sample English review 4534.
331988f9-a770-4dd7-a72b-6232bd3902fc,379e2eaa-ce90-4a84-ba14-4c2ed4efd86f,e52406b3-6af5-42dc-a087-fe3f73c2cb30,8,
fe764e07-25cf-47c3-9777-7955535ba2aa,379e2eaa-ce90-4a84-ba14-4c2ed4efd86f,7338dd63-a1d1-4e74-9759-cd17bae3c0d8,4,
7a0c7fa7-121a-4c86-96f6-fb5f62eaed69,379e2eaa-ce90-4a84-ba14-4c2ed4efd86f,4ad5c73a-5c99-4e98-9d90-0e03b0986909,10,Sample English review 4537.
d54f23ae-36eb-4558-8913-f43cde72d58a,379e2eaa-ce90-4a84-ba14-4c2ed4efd86f,1aa28ea9-5df1-4ce1-a2db-7524bfcfd4ee,4,Sample English review 4538.
af6e3f94-4703-4d26-ab38-67db1d00c452,379e2eaa-ce90-4a84-ba14-4c2ed4efd86f,502dde18-86e1-4b5c-88c2-8010d067ede7,6,Sample English review 4539.
216b04b6-606b-4a34-a314-0d4829aae7a0,379e2eaa-ce90-4a84-ba14-4c2ed4efd86f,b3bb325c-6f93-4946-9d94-ca835b5be056,10,
b2f7a1b2-06d6-40f8-8244-2ae8d7e6968b,379e2eaa-ce90-4a84-ba14-4c2ed4efd86f,7c08735f-311c-4060-9637-87bee6bf9673,3,Sample English review 4541.
d65ddc14-2f77-404a-80f1-51fd114ff152,379e2eaa-ce90-4a84-ba14-4c2ed4efd86f,f9a7e8ba-2326-4fd7-b228-98060197c4f6,2,Sample English review 4542.
d6d675bd-4de5-4a56-beab-82556e3e1849,379e2eaa-ce90-4a84-ba14-4c2ed4efd86f,ecab2181-cb9d-42f7-b110-65986cef6204,8,
acbc9df4-ac8a-4cc7-a2a3-1c325293f029,379e2eaa-ce90-4a84-ba14-4c2ed4efd86f,c3820118-4994-4049-8719-6d71466870fe,8,Sample English review 4544.
a0a35c13-7839-4db4-b9d4-7d9b2442a6e8,379e2eaa-ce90-4a84-ba14-4c2ed4efd86f,0eda6729-995b-43a0-9a17-b89035543c47,8,Sample English review 4545.
b453eb50-9b89-4c9a-82d1-623a056a2062,379e2eaa-ce90-4a84-ba14-4c2ed4efd86f,09901650-fe76-4f18-9bf9-e24256f4909e,5,Sample English review 4546.
ffc4735d-2cd3-488e-9704-ff8b5db561bc,379e2eaa-ce90-4a84-ba14-4c2ed4efd86f,67d8b4ad-4640-43f2-9c53-6b4929f30103,6,
67557d2e-ea4b-4661-ac38-8941f2ba9b99,379e2eaa-ce90-4a84-ba14-4c2ed4efd86f,81de516b-9d80-447a-a5f3-7f542dab2e6f,4,
e641589b-0eff-4e77-8cdf-7d728f5eac43,379e2eaa-ce90-4a84-ba14-4c2ed4efd86f,d01b25df-fe4a-4617-b8b9-ee0c60db6556,1,Sample English review 4549.
d58df2cb-b917-41d4-852a-2b0b231b9714,379e2eaa-ce90-4a84-ba14-4c2ed4efd86f,af3763b7-7954-464c-8287-33c652eaced6,7,
fc24d1a7-a437-4d1b-b1e4-ec9a0d9cd2ba,379e2eaa-ce90-4a84-ba14-4c2ed4efd86f,b51a7d8d-dbc7-426e-9013-dd2124a444bb,7,Sample English review 4551.
e475fb2f-c1cb-41ae-88e5-938635f2c2c1,8cbc59dd-f33d-4315-a8d4-193ec9664aaf,502dde18-86e1-4b5c-88c2-8010d067ede7,7,
49e5ed97-d480-43dd-b2af-ea0300986a68,8cbc59dd-f33d-4315-a8d4-193ec9664aaf,9b151d62-177e-4736-b8e5-6cf69170f9dc,7,Sample English review 4553.
1e42ad9c-c5ca-4b08-b80c-e4f27787c2dd,8cbc59dd-f33d-4315-a8d4-193ec9664aaf,138aca2e-a48d-46a6-ac06-c902efe4fd18,9,Sample English review 4554.
56ac2213-fcd0-421c-b838-24e051a8db52,8cbc59dd-f33d-4315-a8d4-193ec9664aaf,009bae3f-9085-415e-81bf-b86503fa9115,4,Sample English review 4555.
08b2a3b3-1c55-4a42-be2c-675698671aa4,8cbc59dd-f33d-4315-a8d4-193ec9664aaf,2fd567ca-8efe-4948-bebd-a1a56f976d42,1,
4b4f0aa1-d21d-45a1-b38f-8cdde3e441e3,8cbc59dd-f33d-4315-a8d4-193ec9664aaf,0eda6729-995b-43a0-9a17-b89035543c47,10,Sample English review 4557.
c7febe91-bc1d-40e3-a407-194d11fc130a,8cbc59dd-f33d-4315-a8d4-193ec9664aaf,6358f21d-d22d-4f6c-b15e-7a1b7ba90800,8,Sample English review 4558.
ac0bd3b8-3ec0-46ae-905f-d11d84794e5a,8cbc59dd-f33d-4315-a8d4-193ec9664aaf,3ea805cf-d96a-4098-9682-f85f57267e43,1,
596ea362-3824-4f19-b531-9d92fc64d909,8cbc59dd-f33d-4315-a8d4-193ec9664aaf,81de516b-9d80-447a-a5f3-7f542dab2e6f,10,
1ff50849-a80a-4386-8423-88a9dd66e80d,8cbc59dd-f33d-4315-a8d4-193ec9664aaf,1afd4484-49c1-4870-b60c-c754c4ce04d0,3,
ad1ae13a-84da-44be-9ab4-49d7912da24d,8cbc59dd-f33d-4315-a8d4-193ec9664aaf,24ce7888-3716-43b8-9d28-4239e17abe25,2,Sample English review 4562.
17088f1e-b322-47b7-b1cf-40183eec4f92,8cbc59dd-f33d-4315-a8d4-193ec9664aaf,c3820118-4994-4049-8719-6d71466870fe,8,Sample English review 4563.
c2ef6c3b-7ec4-4ad0-aa82-40fd24558616,8cbc59dd-f33d-4315-a8d4-193ec9664aaf,0db8d5e2-1888-4d9f-a451-2f6e2a3e0f7d,10,Sample English review 4564.
0a838c27-35eb-4569-a2db-14da88116014,8cbc59dd-f33d-4315-a8d4-193ec9664aaf,ac393398-9266-4f9c-8a2d-d14ae2aa114e,4,Sample English review 4565.
4295fc82-03cf-45e3-bac0-93b44f9401cd,8cbc59dd-f33d-4315-a8d4-193ec9664aaf,09901650-fe76-4f18-9bf9-e24256f4909e,9,Sample English review 4566.
323a1c58-555e-4195-bdb4-bff36ab11441,8cbc59dd-f33d-4315-a8d4-193ec9664aaf,ecab2181-cb9d-42f7-b110-65986cef6204,6,Sample English review 4567.
ff225aa3-6310-4f71-a56e-45b2d1fc96c0,8cbc59dd-f33d-4315-a8d4-193ec9664aaf,3e78c42e-79c6-46a5-84ba-afca64de824b,1,
12f97df2-1b49-4ad7-9416-92c94e56c4e1,8cbc59dd-f33d-4315-a8d4-193ec9664aaf,74429405-c801-4e71-87cd-1d726e8cd8f7,10,Sample English review 4569.
a23bcd3d-2769-405e-9f4a-533c90437252,8cbc59dd-f33d-4315-a8d4-193ec9664aaf,5e77bfad-cca1-40e3-9460-368c94829eed,2,Sample English review 4570.
0d6682aa-f673-4e8c-955d-3a5716d569df,8cbc59dd-f33d-4315-a8d4-193ec9664aaf,7338dd63-a1d1-4e74-9759-cd17bae3c0d8,5,Sample English review 4571.
e0afa776-11f9-4ce2-98ed-e3dd9b9869b0,8cbc59dd-f33d-4315-a8d4-193ec9664aaf,9c0da375-3d5a-4608-b8c7-9e36139d6c33,6,
22bc4746-b8c6-48ab-ab82-0406400616e9,73c97354-dc07-4a75-b834-30b1d024cff7,3844a965-19f9-41ec-9515-28393113f8c8,1,
c82cc666-94c6-40e8-910e-db086608f2cd,73c97354-dc07-4a75-b834-30b1d024cff7,138aca2e-a48d-46a6-ac06-c902efe4fd18,7,Sample English review 4574.
d1efd43c-75ac-47f1-bc7c-521251075d35,73c97354-dc07-4a75-b834-30b1d024cff7,62531f1e-00a6-4fce-ab03-320c8c0852e8,7,Sample English review 4575.
62d7ab1c-518f-452f-b750-f178ba25ccfe,73c97354-dc07-4a75-b834-30b1d024cff7,a3128f74-4fcf-4cae-b2db-d585516780d1,6,Sample English review 4576.
aebc9da8-474e-420c-96f1-e9590b6864f2,73c97354-dc07-4a75-b834-30b1d024cff7,47ae8c16-2d72-4c6b-8a12-3dac47db6ed7,2,Sample English review 4577.
52979035-234c-4736-901c-83780c666361,73c97354-dc07-4a75-b834-30b1d024cff7,e52406b3-6af5-42dc-a087-fe3f73c2cb30,7,
389d262c-1387-407d-b7e2-dde750f491dc,73c97354-dc07-4a75-b834-30b1d024cff7,cb55c939-b208-4183-9cac-dc086cdad4ea,4,
47a3ea59-0ae9-468c-880d-497965d31693,73c97354-dc07-4a75-b834-30b1d024cff7,9bc42e46-67c9-447f-be78-4ae50e491d93,6,Sample English review 4580.
ddf5a6f3-d6d3-44d3-83ee-8f7f46f3770c,73c97354-dc07-4a75-b834-30b1d024cff7,f9a7e8ba-2326-4fd7-b228-98060197c4f6,6,Sample English review 4581.
db8aef27-6d66-49f7-a708-d728b9f6f1d8,73c97354-dc07-4a75-b834-30b1d024cff7,cf58157c-eee8-4cb1-af62-820e7aadb847,5,Sample English review 4582.
79544e1f-469f-4e2e-888d-f8cd5b96422b,73c97354-dc07-4a75-b834-30b1d024cff7,69a62e24-d225-4d89-94b5-ae7f906b57dc,9,Sample English review 4583.
c7612489-5ede-4481-b919-9c61bb04936b,73c97354-dc07-4a75-b834-30b1d024cff7,8a99736e-dad6-489d-aa46-0ee02356e5fe,7,Sample English review 4584.
df2afaab-c2a3-40d9-8c08-b8d7dc050c02,73c97354-dc07-4a75-b834-30b1d024cff7,425035ef-0093-422c-a760-2740c95f4457,4,
4178ff13-7c60-497f-8709-e297b95b681d,73c97354-dc07-4a75-b834-30b1d024cff7,3ea805cf-d96a-4098-9682-f85f57267e43,10,Sample English review 4586.
9e28f412-b758-4830-b639-0378fb4dbd4c,73c97354-dc07-4a75-b834-30b1d024cff7,d51ce7b5-dd79-4d62-93c4-4a7cff3d22e3,5,Sample English review 4587.
c7427250-e776-4ebd-b342-c50ec4ed406a,caea5f88-de1f-4af9-ac19-e076bcae9b90,708f4f48-f883-4f49-97ee-2c0a91c249de,7,
203e8841-fa5f-40c3-9b53-9d34aa3bdb6d,caea5f88-de1f-4af9-ac19-e076bcae9b90,1b7592f5-0e3c-4c80-b5a2-4bd6f1157cba,10,Sample English review 4589.
0141f5fc-6f2a-42e7-bba3-b15af4ca0a8c,caea5f88-de1f-4af9-ac19-e076bcae9b90,e52406b3-6af5-42dc-a087-fe3f73c2cb30,9,Sample English review 4590.
7afac435-5ebf-42a3-9f3d-4df8fb583dd4,caea5f88-de1f-4af9-ac19-e076bcae9b90,1444ba20-39ac-43a5-bccc-1cc41c2f03b1,4,Sample English review 4591.
c596115c-267f-4e09-8d4b-ec1a0c47e437,caea5f88-de1f-4af9-ac19-e076bcae9b90,05de5279-613f-4b9e-b38d-1e4203d75c1a,10,Sample English review 4592.
2b89576c-9156-4a70-957b-320c5e2eed1b,caea5f88-de1f-4af9-ac19-e076bcae9b90,af3763b7-7954-464c-8287-33c652eaced6,4,Sample English review 4593.
155d31a4-273c-4dbf-b07f-4418913e4773,caea5f88-de1f-4af9-ac19-e076bcae9b90,7bd0bc4e-e14f-4f46-8e8b-d015a6b4ebc1,8,Sample English review 4594.
cd163248-3f12-4df8-9b12-0a50da54dca5,caea5f88-de1f-4af9-ac19-e076bcae9b90,2fd567ca-8efe-4948-bebd-a1a56f976d42,2,Sample English review 4595.
cf42e0cb-0390-4823-ae30-e15281e28caf,caea5f88-de1f-4af9-ac19-e076bcae9b90,67021090-97c3-44f2-82ed-cf5f65828f38,2,Sample English review 4596.
111329f2-e816-4c2c-94e8-5e18019e1e39,caea5f88-de1f-4af9-ac19-e076bcae9b90,d01b25df-fe4a-4617-b8b9-ee0c60db6556,4,Sample English review 4597.
a871d1c5-9417-429c-b07b-28707b90d9db,caea5f88-de1f-4af9-ac19-e076bcae9b90,9bc42e46-67c9-447f-be78-4ae50e491d93,1,Sample English review 4598.
ac7e17c7-e9d3-4c7f-92d9-06506608f4a9,caea5f88-de1f-4af9-ac19-e076bcae9b90,0eda6729-995b-43a0-9a17-b89035543c47,4,
00a8dc6f-78ea-4f85-a800-fe0ebb182cb2,caea5f88-de1f-4af9-ac19-e076bcae9b90,99f8ef2d-c0e8-4290-83a6-b460677b198d,7,
a1a0a433-acff-4821-a611-c171e52f7347,caea5f88-de1f-4af9-ac19-e076bcae9b90,08c2602d-87d3-4851-b7fb-2bad244b5357,7,
3b80144b-b2b4-482d-925f-50830443642e,caea5f88-de1f-4af9-ac19-e076bcae9b90,e994bf32-d050-4e52-b334-5b6074b2a959,1,
ad447f02-4b82-4c1a-a2c0-11f68aee4f47,caea5f88-de1f-4af9-ac19-e076bcae9b90,b3bb325c-6f93-4946-9d94-ca835b5be056,9,Sample English review 4603.
9b602ea4-5240-4cc5-a02f-2762b28f86eb,caea5f88-de1f-4af9-ac19-e076bcae9b90,1afd4484-49c1-4870-b60c-c754c4ce04d0,5,Sample English review 4604.
3ea4cdbe-b761-4e12-a234-28dc9a68f20e,caea5f88-de1f-4af9-ac19-e076bcae9b90,1aa28ea9-5df1-4ce1-a2db-7524bfcfd4ee,2,Sample English review 4605.
4f5af157-6bd4-4f79-ae02-44e8c695065a,caea5f88-de1f-4af9-ac19-e076bcae9b90,6d0ed363-2c1a-43f7-958a-0e0cb6ea3e49,2,
74c98998-6d64-46e7-baab-d83d4e4b2794,555c193b-7f86-4f4d-9455-6f9ca9e4c9f7,1afd4484-49c1-4870-b60c-c754c4ce04d0,7,Sample English review 4607.
286d3bd7-3f05-43e9-a6fb-7953da9bc2f3,2e95fa15-4020-43d2-9769-25575f29c51e,9dae46b7-7f1a-4d67-b808-9e9c1b622d6c,1,Sample English review 4608.
8d0c79aa-8623-40bb-b734-63f44ea5e886,2e95fa15-4020-43d2-9769-25575f29c51e,502dde18-86e1-4b5c-88c2-8010d067ede7,3,Sample English review 4609.
58516e9b-7127-4200-a2a6-0c83ef9c6453,2e95fa15-4020-43d2-9769-25575f29c51e,74429405-c801-4e71-87cd-1d726e8cd8f7,2,
220d2007-ee07-4c56-a524-9e0b0cf37c1a,2e95fa15-4020-43d2-9769-25575f29c51e,722c5ad2-9175-4d47-9f8a-d10e496d97f8,4,Sample English review 4611.
98bd8906-8f6d-4d86-aea6-69f3bc2d2203,2e95fa15-4020-43d2-9769-25575f29c51e,81de516b-9d80-447a-a5f3-7f542dab2e6f,7,Sample English review 4612.
d936e724-3943-4e07-a41c-95b644c42ebc,2e95fa15-4020-43d2-9769-25575f29c51e,138aca2e-a48d-46a6-ac06-c902efe4fd18,8,Sample English review 4613.
73c73fe1-2b18-4a99-b3cb-8d42b416dbcf,2e95fa15-4020-43d2-9769-25575f29c51e,e994bf32-d050-4e52-b334-5b6074b2a959,2,Sample English review 4614.
3d436c23-dabe-4a6f-83d6-8e2b76ef1c26,2e95fa15-4020-43d2-9769-25575f29c51e,677a4d7a-ae9b-4bdb-a72f-67f73eba99c7,3,Sample English review 4615.
879fc197-eca5-41ee-8663-736db71a28d8,2e95fa15-4020-43d2-9769-25575f29c51e,33875037-f579-42ed-8aba-818a640c90d9,6,Sample English review 4616.
1797f43a-4a98-4a28-bef8-11d12dfabfb5,2e95fa15-4020-43d2-9769-25575f29c51e,f4fa3e26-130b-42f5-8e08-2d4f884e080d,8,Sample English review 4617.
73b71e81-e0ed-4e4a-9e3c-69acf8419670,2e95fa15-4020-43d2-9769-25575f29c51e,1b3bae68-e409-4055-a2c3-d5f42604c9b1,9,Sample English review 4618.
23995729-3232-4ff4-ad5d-50d3137f9fa2,2e95fa15-4020-43d2-9769-25575f29c51e,7bd0bc4e-e14f-4f46-8e8b-d015a6b4ebc1,8,
6d6d80ef-2e5b-473a-b8f0-9089c98b54fa,2e95fa15-4020-43d2-9769-25575f29c51e,afc8c392-95b3-4506-8d6c-719f96692939,8,
4a92630f-b04e-4472-b63a-f438f4c266b3,2e95fa15-4020-43d2-9769-25575f29c51e,e9774607-8354-4ac8-adcf-f72a1716c51b,4,
0cf4f0ad-af17-419d-81a8-5fb0ce72c0d2,2e95fa15-4020-43d2-9769-25575f29c51e,1f2f5550-69ee-4ec3-82d2-d6cf2d0fc05c,4,
dd4b30e4-76cf-4c41-bec7-105bfe0818ff,2e95fa15-4020-43d2-9769-25575f29c51e,3c16d474-f898-4cfe-b924-7c38bea20d5c,2,Sample English review 4623.
d956cd15-62f3-4c4f-83dd-975a7ae034b4,dc089be4-aaf2-451e-9268-e04a65578fd9,69a62e24-d225-4d89-94b5-ae7f906b57dc,3,
1236ddda-c866-4aef-be94-c1445297681e,dc089be4-aaf2-451e-9268-e04a65578fd9,81d5edb0-d9b4-4d01-968c-8eda5f5b6a03,3,Sample English review 4625.
62cff48e-36fe-43d9-8092-fa9c98b89fb8,dc089be4-aaf2-451e-9268-e04a65578fd9,5e77bfad-cca1-40e3-9460-368c94829eed,10,Sample English review 4626.
939487e5-458b-47cc-9012-0b0f4c97b092,dc089be4-aaf2-451e-9268-e04a65578fd9,f58f62f8-c6cd-4d19-adce-d4d1da14b149,6,
7fcb2c5e-c606-4610-9c64-b583f399b6f1,dc089be4-aaf2-451e-9268-e04a65578fd9,502dde18-86e1-4b5c-88c2-8010d067ede7,3,
2a414c8e-f7f7-4290-8d9a-e2844b712ac0,69cb3dc2-3392-4e08-93ee-d5b0f4ad15d6,74429405-c801-4e71-87cd-1d726e8cd8f7,2,
36dfd794-07ac-4174-bdb0-8437a4f84721,69cb3dc2-3392-4e08-93ee-d5b0f4ad15d6,4ad5c73a-5c99-4e98-9d90-0e03b0986909,3,Sample English review 4630.
0ab97737-1341-4a73-ae7b-ef1a44ff8ec5,69cb3dc2-3392-4e08-93ee-d5b0f4ad15d6,09dc474c-41e1-47c7-bd11-8bcc61aba3cc,5,Sample English review 4631.
f2ff2024-39bb-42d5-9e25-5ab874aca469,69cb3dc2-3392-4e08-93ee-d5b0f4ad15d6,722c5ad2-9175-4d47-9f8a-d10e496d97f8,7,Sample English review 4632.
1ecc6d59-7e7e-4f07-9759-338c91fc6fea,69cb3dc2-3392-4e08-93ee-d5b0f4ad15d6,47ae8c16-2d72-4c6b-8a12-3dac47db6ed7,5,Sample English review 4633.
7803bc6d-fec7-493f-8813-6f3da51b45bf,69cb3dc2-3392-4e08-93ee-d5b0f4ad15d6,1afd4484-49c1-4870-b60c-c754c4ce04d0,7,Sample English review 4634.
b38858f6-3ad3-4813-b116-683a942fe5fd,69cb3dc2-3392-4e08-93ee-d5b0f4ad15d6,6358f21d-d22d-4f6c-b15e-7a1b7ba90800,4,Sample English review 4635.
30357727-a453-4dd9-b443-f6246364ade2,af486f7e-9c53-440b-8003-fb6bbe706d73,c3820118-4994-4049-8719-6d71466870fe,7,Sample English review 4636.
7ddfc29c-b63a-4725-acf4-44ab15aeaa86,af486f7e-9c53-440b-8003-fb6bbe706d73,47ae8c16-2d72-4c6b-8a12-3dac47db6ed7,4,Sample English review 4637.
feb467cf-1f0d-46d7-8bb1-8a4c8cfc9597,af486f7e-9c53-440b-8003-fb6bbe706d73,9008a579-51a2-4cde-80db-8e277bfd15c0,1,Sample English review 4638.
4b832af4-22f9-400f-af9e-6ed56869e966,af486f7e-9c53-440b-8003-fb6bbe706d73,08c2602d-87d3-4851-b7fb-2bad244b5357,5,Sample English review 4639.
2c06cd10-367d-4b90-94c3-2bfdc6579ee0,af486f7e-9c53-440b-8003-fb6bbe706d73,33b5c78e-cad2-4331-b9b9-a38ef8954dec,5,
bafa5f49-3a8b-4f03-98b5-7335279b266b,af486f7e-9c53-440b-8003-fb6bbe706d73,d01b25df-fe4a-4617-b8b9-ee0c60db6556,5,Sample English review 4641.
973a009b-dbff-4755-a547-e700765e72c1,af486f7e-9c53-440b-8003-fb6bbe706d73,f58f62f8-c6cd-4d19-adce-d4d1da14b149,3,Sample English review 4642.
464425d2-12e0-49a3-b47d-778816ee66b8,af486f7e-9c53-440b-8003-fb6bbe706d73,37887751-4d47-4e5c-98fd-9fa0dc90314c,4,
baec9769-03d5-4d78-a9b6-75b4a76e7c07,af486f7e-9c53-440b-8003-fb6bbe706d73,2c417aef-cf61-4d18-ae06-06ba2317f36f,5,Sample English review 4644.
346a0484-8aef-4318-b768-deacb16e2631,af486f7e-9c53-440b-8003-fb6bbe706d73,cf58157c-eee8-4cb1-af62-820e7aadb847,1,Sample English review 4645.
fb8ab1e9-4199-4b46-9f42-13000ccbab19,af486f7e-9c53-440b-8003-fb6bbe706d73,e9774607-8354-4ac8-adcf-f72a1716c51b,6,Sample English review 4646.
440bda28-e1fb-4fa4-b186-d3b78423483c,af486f7e-9c53-440b-8003-fb6bbe706d73,1aa28ea9-5df1-4ce1-a2db-7524bfcfd4ee,7,
11d1f746-b98b-4cdb-a0a7-1804d2da6b3f,af486f7e-9c53-440b-8003-fb6bbe706d73,138aca2e-a48d-46a6-ac06-c902efe4fd18,7,
c740dea9-c6fd-4e01-91a0-3f057f1aef03,af486f7e-9c53-440b-8003-fb6bbe706d73,502dde18-86e1-4b5c-88c2-8010d067ede7,6,Sample English review 4649.
e7ba2325-42e7-4436-96fa-82a776a244b3,af486f7e-9c53-440b-8003-fb6bbe706d73,009bae3f-9085-415e-81bf-b86503fa9115,5,Sample English review 4650.
c5fcf4a9-6d9d-4bf9-8427-8a4a11152b0a,af486f7e-9c53-440b-8003-fb6bbe706d73,d51ce7b5-dd79-4d62-93c4-4a7cff3d22e3,10,Sample English review 4651.
202a2efd-acda-466d-9aa0-b999f6e7e1e0,af486f7e-9c53-440b-8003-fb6bbe706d73,2752b069-f76a-4957-8807-6237a31f6d2c,6,Sample English review 4652.
8580fbb1-f6eb-4c96-8fbe-f8cd2d5fb182,af486f7e-9c53-440b-8003-fb6bbe706d73,3844a965-19f9-41ec-9515-28393113f8c8,6,Sample English review 4653.
81c692b2-f023-4f87-b31a-ecf5e92c954b,af486f7e-9c53-440b-8003-fb6bbe706d73,47aa0eb4-151b-4307-b50f-cdd5a44970fd,7,
c3a87629-c298-4000-ac0c-176fda18953d,a1e726fe-10a0-46b0-8628-5e4bb4444dec,6358f21d-d22d-4f6c-b15e-7a1b7ba90800,6,
7d67d036-9569-46fc-9ed7-dbe4fa989ee7,a1e726fe-10a0-46b0-8628-5e4bb4444dec,9b151d62-177e-4736-b8e5-6cf69170f9dc,2,Sample English review 4656.
883cc49b-4a87-4f09-8b80-9aaf8144b330,a1e726fe-10a0-46b0-8628-5e4bb4444dec,425035ef-0093-422c-a760-2740c95f4457,5,Sample English review 4657.
2f593a08-9704-438b-8832-2a2100500210,a1e726fe-10a0-46b0-8628-5e4bb4444dec,47aa0eb4-151b-4307-b50f-cdd5a44970fd,5,Sample English review 4658.
2e9e2e9d-4cf9-4c41-9964-103ec4320265,a1e726fe-10a0-46b0-8628-5e4bb4444dec,09876245-335b-4ddd-bdbf-a33e23abc2fb,6,Sample English review 4659.
383278ea-dd20-4929-8d1a-a1aa5b9b8995,a1e726fe-10a0-46b0-8628-5e4bb4444dec,4ad5c73a-5c99-4e98-9d90-0e03b0986909,4,Sample English review 4660.
e866e2c9-813b-407d-9d16-9bcd95190da2,acc7afe0-f3df-4bd3-a056-eab3097832fe,1f2f5550-69ee-4ec3-82d2-d6cf2d0fc05c,5,Sample English review 4661.
b77fc7fb-17b4-49bf-a1b5-ecbdd447a6a6,acc7afe0-f3df-4bd3-a056-eab3097832fe,9008a579-51a2-4cde-80db-8e277bfd15c0,4,Sample English review 4662.
4951465a-c2ad-438f-b72e-e39b26887616,acc7afe0-f3df-4bd3-a056-eab3097832fe,09876245-335b-4ddd-bdbf-a33e23abc2fb,6,
ff589946-025e-42c5-b01a-0dc74d9a64ba,acc7afe0-f3df-4bd3-a056-eab3097832fe,e994bf32-d050-4e52-b334-5b6074b2a959,3,Sample English review 4664.
1df46699-5e89-4e22-929d-1aea8935159f,4ad3cc7d-55b6-4223-bb43-a4fda51b2f51,f4fa3e26-130b-42f5-8e08-2d4f884e080d,3,
cb7ad099-45c3-46cc-a594-7e36406b072c,4ad3cc7d-55b6-4223-bb43-a4fda51b2f51,cb55c939-b208-4183-9cac-dc086cdad4ea,9,
6501fc77-9527-4cd0-b28e-1c99d2723380,4ad3cc7d-55b6-4223-bb43-a4fda51b2f51,1b7592f5-0e3c-4c80-b5a2-4bd6f1157cba,1,Sample English review 4667.
4c4826aa-4702-4830-8bc0-c9bd381041bb,4ad3cc7d-55b6-4223-bb43-a4fda51b2f51,6358f21d-d22d-4f6c-b15e-7a1b7ba90800,6,Sample English review 4668.
a178735b-2c74-4c40-85f4-3ab61d8a0dd2,4ad3cc7d-55b6-4223-bb43-a4fda51b2f51,425035ef-0093-422c-a760-2740c95f4457,7,Sample English review 4669.
b3d178de-123a-4b17-bbad-3b48f62a589f,4ad3cc7d-55b6-4223-bb43-a4fda51b2f51,708f4f48-f883-4f49-97ee-2c0a91c249de,4,Sample English review 4670.
4254e218-edb6-452d-802e-b2213167528c,4ad3cc7d-55b6-4223-bb43-a4fda51b2f51,7bd0bc4e-e14f-4f46-8e8b-d015a6b4ebc1,4,Sample English review 4671.
c5576280-f408-4db8-b322-66b0acd1577d,4ad3cc7d-55b6-4223-bb43-a4fda51b2f51,9bc42e46-67c9-447f-be78-4ae50e491d93,4,
70a3a22d-a04b-4425-9f5b-02696d223e8d,4ad3cc7d-55b6-4223-bb43-a4fda51b2f51,7338dd63-a1d1-4e74-9759-cd17bae3c0d8,5,
55069759-6c71-4c04-ada4-79df71d661dc,4ad3cc7d-55b6-4223-bb43-a4fda51b2f51,b3bb325c-6f93-4946-9d94-ca835b5be056,6,Sample English review 4674.
5937d416-e467-4602-b887-d2c2b7e65081,4ad3cc7d-55b6-4223-bb43-a4fda51b2f51,33b5c78e-cad2-4331-b9b9-a38ef8954dec,7,Sample English review 4675.
539848b8-1176-442a-b670-5310c7468ebb,4ad3cc7d-55b6-4223-bb43-a4fda51b2f51,2752b069-f76a-4957-8807-6237a31f6d2c,6,
81d81de5-c640-4637-9db6-8f9f84d1468a,4ad3cc7d-55b6-4223-bb43-a4fda51b2f51,08c2602d-87d3-4851-b7fb-2bad244b5357,6,Sample English review 4677.
c42b3811-a7d9-4bd4-b4d0-7b8dcf0af2af,4ad3cc7d-55b6-4223-bb43-a4fda51b2f51,23855b90-cb3b-4533-a756-bab9bb81426e,3,Sample English review 4678.
7f10bd6b-2ba4-48bd-9d47-0ab410ea7832,4ad3cc7d-55b6-4223-bb43-a4fda51b2f51,9b151d62-177e-4736-b8e5-6cf69170f9dc,8,Sample English review 4679.
a9f5823c-8173-4435-a55b-ce04be767252,4ad3cc7d-55b6-4223-bb43-a4fda51b2f51,09876245-335b-4ddd-bdbf-a33e23abc2fb,6,
b384cbfe-95af-4e53-8fd7-349a1d871220,4ad3cc7d-55b6-4223-bb43-a4fda51b2f51,8a99736e-dad6-489d-aa46-0ee02356e5fe,6,Sample English review 4681.
28fc742c-230c-4b75-a432-021c2e5d0957,4ad3cc7d-55b6-4223-bb43-a4fda51b2f51,69a62e24-d225-4d89-94b5-ae7f906b57dc,1,Sample English review 4682.
d331942a-c63b-412d-8838-56dede38b279,4ad3cc7d-55b6-4223-bb43-a4fda51b2f51,81de516b-9d80-447a-a5f3-7f542dab2e6f,9,
b351debc-feae-4700-8fc5-f813a1941496,4ad3cc7d-55b6-4223-bb43-a4fda51b2f51,77ae4c44-0946-4323-afdc-9932fc01f4c6,8,Sample English review 4684.
9e06590d-a577-4028-843e-cd53679896b1,4ad3cc7d-55b6-4223-bb43-a4fda51b2f51,74429405-c801-4e71-87cd-1d726e8cd8f7,8,Sample English review 4685.
d8e86c5f-a56d-48b1-bcdd-3a185b24600c,4ad3cc7d-55b6-4223-bb43-a4fda51b2f51,81d5edb0-d9b4-4d01-968c-8eda5f5b6a03,3,
adc4aa73-c3ec-430c-b563-373d835054ad,68532b10-a94c-4649-88a4-00ac1b432fd8,d9b9480a-a1e4-49d4-b8b5-a28a761924b7,9,Sample English review 4687.
cddeba58-157c-487f-88ae-182f24508d91,68532b10-a94c-4649-88a4-00ac1b432fd8,3c16d474-f898-4cfe-b924-7c38bea20d5c,7,Sample English review 4688.
66d534c3-8293-4bc1-89b8-0b47575f3628,68532b10-a94c-4649-88a4-00ac1b432fd8,cf58157c-eee8-4cb1-af62-820e7aadb847,7,
43478b46-69fb-4473-b903-6683468e8b68,68532b10-a94c-4649-88a4-00ac1b432fd8,74429405-c801-4e71-87cd-1d726e8cd8f7,8,Sample English review 4690.
317e9832-4407-40a0-b6eb-5fe10ac34f6f,68532b10-a94c-4649-88a4-00ac1b432fd8,85bbf311-5929-482a-a259-21f783c36c59,5,
48b2b597-cabe-4421-bf00-9ec8304fa0e3,68532b10-a94c-4649-88a4-00ac1b432fd8,8ff07004-cedb-4c53-a5dd-a034c6073f8e,4,Sample English review 4692.
c801179e-52a5-480c-a48e-a4a820a00317,68532b10-a94c-4649-88a4-00ac1b432fd8,f4fa3e26-130b-42f5-8e08-2d4f884e080d,5,Sample English review 4693.
9d723c0c-edd5-41da-9519-a4ee97269ad3,68532b10-a94c-4649-88a4-00ac1b432fd8,7338dd63-a1d1-4e74-9759-cd17bae3c0d8,6,Sample English review 4694.
8024365f-fc75-48e4-b2db-c940bd107406,68532b10-a94c-4649-88a4-00ac1b432fd8,fd530ba8-7ae3-47c6-b384-a6b01df494cb,1,Sample English review 4695.
4dc49f73-7247-4cc8-8f3a-e7acb4258959,68532b10-a94c-4649-88a4-00ac1b432fd8,1444ba20-39ac-43a5-bccc-1cc41c2f03b1,9,Sample English review 4696.
e5565f20-44f5-418b-bc6c-966cc5245fea,68532b10-a94c-4649-88a4-00ac1b432fd8,0db8d5e2-1888-4d9f-a451-2f6e2a3e0f7d,3,
b939ebb1-5ba3-4848-83a2-340903506c70,68532b10-a94c-4649-88a4-00ac1b432fd8,502dde18-86e1-4b5c-88c2-8010d067ede7,1,Sample English review 4698.
b9c244bb-f211-4046-a8d1-b22c7bdaf5e4,9872f1e3-92d1-41ec-9fe8-ee17c7be0a0c,7c08735f-311c-4060-9637-87bee6bf9673,10,
b7bf85a7-4a1d-4e64-8686-4a7be5c8d3ed,9872f1e3-92d1-41ec-9fe8-ee17c7be0a0c,fd530ba8-7ae3-47c6-b384-a6b01df494cb,9,Sample English review 4700.
af59ec04-dbb2-405b-b9b0-34af419a014f,9872f1e3-92d1-41ec-9fe8-ee17c7be0a0c,37887751-4d47-4e5c-98fd-9fa0dc90314c,8,
969a64ea-5f34-4f18-8868-3fe59cb91dd2,b09eb8c4-3531-43f1-ae83-2bdb83b3b75c,4ad5c73a-5c99-4e98-9d90-0e03b0986909,7,Sample English review 4702.
d4da1aa7-85e1-4e63-823d-68869033db42,b09eb8c4-3531-43f1-ae83-2bdb83b3b75c,34e41375-9db2-4e92-9f7d-76f36353f4e6,3,Sample English review 4703.
b9850a00-d310-4239-92c3-1b599da2e148,768bf4eb-8bf8-4064-a435-ff9abc2395a7,47ae8c16-2d72-4c6b-8a12-3dac47db6ed7,4,Sample English review 4704.
8437d291-0f90-4891-a912-2ff7d8bd411c,768bf4eb-8bf8-4064-a435-ff9abc2395a7,138aca2e-a48d-46a6-ac06-c902efe4fd18,4,Sample English review 4705.
c9618d40-da61-406f-9803-3d9c83b18743,768bf4eb-8bf8-4064-a435-ff9abc2395a7,d3206088-b25a-455a-9323-1c8d5829b0b0,4,Sample English review 4706.
c10b6e78-11aa-4656-8fcd-132bc622872e,768bf4eb-8bf8-4064-a435-ff9abc2395a7,2752b069-f76a-4957-8807-6237a31f6d2c,1,Sample English review 4707.
51f52f00-3c22-4954-b8f7-333199727df7,768bf4eb-8bf8-4064-a435-ff9abc2395a7,aa451009-5df5-4e3e-bce7-7ad1ac26b289,3,Sample English review 4708.
843fa711-dba3-4cfa-a2de-225046490d0b,768bf4eb-8bf8-4064-a435-ff9abc2395a7,2c417aef-cf61-4d18-ae06-06ba2317f36f,1,Sample English review 4709.
be13b704-dd25-4fe5-bf9e-7277230811c8,768bf4eb-8bf8-4064-a435-ff9abc2395a7,6c34f6f7-2682-4513-951e-96f325e7eb19,6,Sample English review 4710.
20800314-65e2-4be1-9815-e176283204dd,768bf4eb-8bf8-4064-a435-ff9abc2395a7,ac17d6c1-f9a9-42be-9c29-6670939d8d5e,9,
a7c9f8c2-c412-4d51-9ebb-95636c947d2e,768bf4eb-8bf8-4064-a435-ff9abc2395a7,5fb1457b-691f-48fd-aeca-0103d0a88833,1,Sample English review 4712.
e91a0a0f-8832-4fe6-8480-400727a0d5a6,768bf4eb-8bf8-4064-a435-ff9abc2395a7,7338dd63-a1d1-4e74-9759-cd17bae3c0d8,6,Sample English review 4713.
28969916-3d84-42e8-8872-f355481d5324,768bf4eb-8bf8-4064-a435-ff9abc2395a7,1b3bae68-e409-4055-a2c3-d5f42604c9b1,10,Sample English review 4714.
41d04051-c58c-4004-8a9f-5523b9885080,768bf4eb-8bf8-4064-a435-ff9abc2395a7,3844a965-19f9-41ec-9515-28393113f8c8,4,Sample English review 4715.
30d0f6ea-c2d7-4a9d-98d5-c28b5c688562,be11b5f6-6da3-4a7d-844e-f53ac83aa235,d51ce7b5-dd79-4d62-93c4-4a7cff3d22e3,1,Sample English review 4716.
1854693f-bbc6-48da-bde9-2ee70f534ec7,be11b5f6-6da3-4a7d-844e-f53ac83aa235,5597d267-e508-4a43-8244-f8ec9fdecae4,5,
cfa0b91e-398a-47c5-bc4d-f6f8c526e5ad,be11b5f6-6da3-4a7d-844e-f53ac83aa235,afc8c392-95b3-4506-8d6c-719f96692939,3,Sample English review 4718.
ca4eaee5-1c67-4460-893e-f9e59c363f1b,be11b5f6-6da3-4a7d-844e-f53ac83aa235,21bf0f34-fea3-4cb9-b9a7-94e72ffacc8a,9,Sample English review 4719.
189236af-cf9c-4dcc-a35f-1c8153867c03,be11b5f6-6da3-4a7d-844e-f53ac83aa235,708f4f48-f883-4f49-97ee-2c0a91c249de,3,
27fa1918-4708-4307-8dd5-b53b003eafea,be11b5f6-6da3-4a7d-844e-f53ac83aa235,33875037-f579-42ed-8aba-818a640c90d9,4,Sample English review 4721.
ceaa8b80-a41e-4089-8ca3-77de4cf96267,be11b5f6-6da3-4a7d-844e-f53ac83aa235,1b3bae68-e409-4055-a2c3-d5f42604c9b1,8,Sample English review 4722.
a457a70d-032e-4c41-8d85-7a969800d3de,be11b5f6-6da3-4a7d-844e-f53ac83aa235,677a4d7a-ae9b-4bdb-a72f-67f73eba99c7,2,
c8a4e966-2f30-4966-a19b-8c1b0c86a41e,be11b5f6-6da3-4a7d-844e-f53ac83aa235,7bd0bc4e-e14f-4f46-8e8b-d015a6b4ebc1,9,
b46b7c98-0b4c-4317-8443-8a61fdc99aa3,e542ae74-8abf-4b9d-8219-7d3c2b27b19c,74429405-c801-4e71-87cd-1d726e8cd8f7,8,Sample English review 4725.
549ab2b1-46f5-4ca5-9655-63fdf085b32c,e542ae74-8abf-4b9d-8219-7d3c2b27b19c,af3763b7-7954-464c-8287-33c652eaced6,4,Sample English review 4726.
80bcd132-c28c-4c60-9f28-d895ef50af40,e542ae74-8abf-4b9d-8219-7d3c2b27b19c,09dc474c-41e1-47c7-bd11-8bcc61aba3cc,3,Sample English review 4727.
edc10330-d450-4fa6-9155-6f5cc37cc60a,e542ae74-8abf-4b9d-8219-7d3c2b27b19c,9bc42e46-67c9-447f-be78-4ae50e491d93,2,
e74b8803-e62b-4f9c-afba-74d2182dfa77,e542ae74-8abf-4b9d-8219-7d3c2b27b19c,81de516b-9d80-447a-a5f3-7f542dab2e6f,9,Sample English review 4729.
33e55679-7c3d-4333-b72a-6424425bedf2,e542ae74-8abf-4b9d-8219-7d3c2b27b19c,6358f21d-d22d-4f6c-b15e-7a1b7ba90800,9,Sample English review 4730.
26c868a3-f048-4c91-b829-83409c7da312,a46669cf-a056-468c-a696-2a8c5a8db1a4,4edba6e8-c8d9-4fe2-a682-124b91f87604,7,Sample English review 4731.
fad3bd91-35f4-4d3c-8172-cbab2515c86f,a46669cf-a056-468c-a696-2a8c5a8db1a4,e52406b3-6af5-42dc-a087-fe3f73c2cb30,1,Sample English review 4732.
78749753-d2b2-4a15-acec-b95706fee2a5,a46669cf-a056-468c-a696-2a8c5a8db1a4,427354fb-8736-4fd4-9ea1-30b98d1974e7,3,Sample English review 4733.
ac6ced27-7058-44f7-bdc8-6449883970c7,a46669cf-a056-468c-a696-2a8c5a8db1a4,f9a7e8ba-2326-4fd7-b228-98060197c4f6,9,
02b80ddb-3f48-406c-aefc-23802c83a9f0,a46669cf-a056-468c-a696-2a8c5a8db1a4,e9774607-8354-4ac8-adcf-f72a1716c51b,6,
82f056aa-ee38-435f-a451-ae7c295b7619,a46669cf-a056-468c-a696-2a8c5a8db1a4,37887751-4d47-4e5c-98fd-9fa0dc90314c,3,Sample English review 4736.
1a9fd3ea-6748-4f72-8698-b0fa2f7e0c51,a46669cf-a056-468c-a696-2a8c5a8db1a4,08c2602d-87d3-4851-b7fb-2bad244b5357,8,
3b9b5ad3-7220-49b8-9b12-598aa5ffb325,a46669cf-a056-468c-a696-2a8c5a8db1a4,fd530ba8-7ae3-47c6-b384-a6b01df494cb,2,Sample English review 4738.
cc9d7d47-3df9-44e1-b476-d227c88e901c,a46669cf-a056-468c-a696-2a8c5a8db1a4,f58f62f8-c6cd-4d19-adce-d4d1da14b149,9,
7785a0db-af51-4720-a393-72e489c08a70,a46669cf-a056-468c-a696-2a8c5a8db1a4,3c16d474-f898-4cfe-b924-7c38bea20d5c,3,Sample English review 4740.
8004533a-5879-46ed-85b5-b8e9e61d7aa6,a46669cf-a056-468c-a696-2a8c5a8db1a4,7c01f309-b5b4-4962-843f-9698ce3ede17,6,Sample English review 4741.
8856cf04-5f6e-474f-8f42-4ce582336601,a46669cf-a056-468c-a696-2a8c5a8db1a4,67d8b4ad-4640-43f2-9c53-6b4929f30103,10,Sample English review 4742.
5e568ee3-3c97-4978-9050-bbe0f889aaea,a46669cf-a056-468c-a696-2a8c5a8db1a4,d3206088-b25a-455a-9323-1c8d5829b0b0,5,
b58bb392-9447-4bdc-b223-28d8ac17478f,a46669cf-a056-468c-a696-2a8c5a8db1a4,5e77bfad-cca1-40e3-9460-368c94829eed,6,Sample English review 4744.
072f2108-4a5b-4ca7-9e44-cba110efb530,a46669cf-a056-468c-a696-2a8c5a8db1a4,a3128f74-4fcf-4cae-b2db-d585516780d1,7,Sample English review 4745.
3bbe86d9-a5de-4e08-90f7-b9c7c16d0bad,a46669cf-a056-468c-a696-2a8c5a8db1a4,d51ce7b5-dd79-4d62-93c4-4a7cff3d22e3,7,Sample English review 4746.
c37d198c-3464-49ea-a095-ea78bdff7c4f,a46669cf-a056-468c-a696-2a8c5a8db1a4,ccda4639-3814-4892-99ea-7aa00cd42d49,5,
22fe64f4-8fd6-4861-a63e-dc0239bc5f01,a46669cf-a056-468c-a696-2a8c5a8db1a4,677a4d7a-ae9b-4bdb-a72f-67f73eba99c7,7,
e4c4ad4b-8dab-4ce6-ba1d-24dfa6488a8e,6953504d-3363-4de9-b740-aee88b1ea00b,3ea805cf-d96a-4098-9682-f85f57267e43,5,Sample English review 4749.
e02d04e2-e992-4bfb-80fc-58e2e4536ec3,6953504d-3363-4de9-b740-aee88b1ea00b,a3128f74-4fcf-4cae-b2db-d585516780d1,5,Sample English review 4750.
2112fb19-f09d-4ec3-b735-d036aac6bc44,6953504d-3363-4de9-b740-aee88b1ea00b,e9774607-8354-4ac8-adcf-f72a1716c51b,8,Sample English review 4751.
da488354-70a4-4a62-b4c2-a6eb4f92e7b0,6953504d-3363-4de9-b740-aee88b1ea00b,fd530ba8-7ae3-47c6-b384-a6b01df494cb,4,Sample English review 4752.
14db4601-8035-4a7c-b8fa-8cfce02b9038,6953504d-3363-4de9-b740-aee88b1ea00b,9b151d62-177e-4736-b8e5-6cf69170f9dc,3,Sample English review 4753.
98030d0f-3157-409f-9b59-078a9400c70e,6953504d-3363-4de9-b740-aee88b1ea00b,2752b069-f76a-4957-8807-6237a31f6d2c,10,
c6cc1f8c-abe0-4403-870f-5aa3fe895392,6953504d-3363-4de9-b740-aee88b1ea00b,1b3bae68-e409-4055-a2c3-d5f42604c9b1,5,Sample English review 4755.
ae549593-a29f-4c61-91e0-76ed27b71399,6953504d-3363-4de9-b740-aee88b1ea00b,af3763b7-7954-464c-8287-33c652eaced6,8,
048cb5ae-071e-4360-8b4e-5ac50759214a,6953504d-3363-4de9-b740-aee88b1ea00b,69a62e24-d225-4d89-94b5-ae7f906b57dc,8,Sample English review 4757.
03472974-ea27-4068-ac6f-bbae0499cee6,6953504d-3363-4de9-b740-aee88b1ea00b,08c2602d-87d3-4851-b7fb-2bad244b5357,7,Sample English review 4758.
ec944ba5-0303-4231-92a6-8b0114857782,6953504d-3363-4de9-b740-aee88b1ea00b,1aa28ea9-5df1-4ce1-a2db-7524bfcfd4ee,10,Sample English review 4759.
e216f7e3-ea63-4730-841b-e87ca6415a35,6953504d-3363-4de9-b740-aee88b1ea00b,aa451009-5df5-4e3e-bce7-7ad1ac26b289,8,Sample English review 4760.
3b5401bb-423c-4230-9df4-9a1e60f6183f,6953504d-3363-4de9-b740-aee88b1ea00b,2c417aef-cf61-4d18-ae06-06ba2317f36f,5,Sample English review 4761.
81bb3dce-a82d-4b7b-b936-1f7bd784d696,6953504d-3363-4de9-b740-aee88b1ea00b,62531f1e-00a6-4fce-ab03-320c8c0852e8,7,
15e7727f-90a8-480a-a8cf-64af0b8ac3e7,6953504d-3363-4de9-b740-aee88b1ea00b,cb55c939-b208-4183-9cac-dc086cdad4ea,5,Sample English review 4763.
f7726daa-385c-4b0a-97c4-985f6979190b,6953504d-3363-4de9-b740-aee88b1ea00b,4edba6e8-c8d9-4fe2-a682-124b91f87604,9,Sample English review 4764.
96bad9e7-7719-4e27-9ca1-2122714490e1,6953504d-3363-4de9-b740-aee88b1ea00b,7bd0bc4e-e14f-4f46-8e8b-d015a6b4ebc1,8,Sample English review 4765.
af727578-4efe-4464-9eae-f54918cec553,6953504d-3363-4de9-b740-aee88b1ea00b,99f8ef2d-c0e8-4290-83a6-b460677b198d,10,Sample English review 4766.
362e7027-62b3-43e4-bcfe-8a8da217a48d,472bf397-2bef-43d5-a080-40fbdac24005,7bd0bc4e-e14f-4f46-8e8b-d015a6b4ebc1,1,Sample English review 4767.
68a6587a-67e9-486c-991e-045f8ecd0db0,472bf397-2bef-43d5-a080-40fbdac24005,cb55c939-b208-4183-9cac-dc086cdad4ea,8,
ca4fad0b-d558-4ccd-88cb-d56cc8a3ef1c,472bf397-2bef-43d5-a080-40fbdac24005,9008a579-51a2-4cde-80db-8e277bfd15c0,9,
75c19d1a-4042-446d-b05f-e5bc0f56dd58,472bf397-2bef-43d5-a080-40fbdac24005,74429405-c801-4e71-87cd-1d726e8cd8f7,6,
498afa44-56b8-4a88-b3aa-672fb55471fa,472bf397-2bef-43d5-a080-40fbdac24005,677a4d7a-ae9b-4bdb-a72f-67f73eba99c7,10,Sample English review 4771.
9162719c-b9d2-4f84-be06-3d8a3292e954,472bf397-2bef-43d5-a080-40fbdac24005,7338dd63-a1d1-4e74-9759-cd17bae3c0d8,8,
20fced02-0e2c-45b7-a6a2-1799aec77387,472bf397-2bef-43d5-a080-40fbdac24005,ac393398-9266-4f9c-8a2d-d14ae2aa114e,7,Sample English review 4773.
d7718005-5a04-425b-9770-c365c5e4af6c,472bf397-2bef-43d5-a080-40fbdac24005,5e77bfad-cca1-40e3-9460-368c94829eed,1,Sample English review 4774.
12e20488-f197-487d-93ce-4020b6361af1,472bf397-2bef-43d5-a080-40fbdac24005,e52406b3-6af5-42dc-a087-fe3f73c2cb30,2,
f9fddac5-e04d-4d76-bd74-5050ef40edf5,472bf397-2bef-43d5-a080-40fbdac24005,67d8b4ad-4640-43f2-9c53-6b4929f30103,1,Sample English review 4776.
bd81118b-8422-4806-b283-2b763e0ff925,472bf397-2bef-43d5-a080-40fbdac24005,33875037-f579-42ed-8aba-818a640c90d9,5,
633b8570-d851-4b18-907b-4c3c8cc83459,472bf397-2bef-43d5-a080-40fbdac24005,77ae4c44-0946-4323-afdc-9932fc01f4c6,10,Sample English review 4778.
e6b9a634-c692-428b-8470-03ee09a86f28,472bf397-2bef-43d5-a080-40fbdac24005,425035ef-0093-422c-a760-2740c95f4457,10,Sample English review 4779.
fdaacf5f-0673-4235-9d4c-ff637fc33056,472bf397-2bef-43d5-a080-40fbdac24005,cf58157c-eee8-4cb1-af62-820e7aadb847,6,Sample English review 4780.
3b6e1c85-e1b5-461d-bd91-50ab96505943,472bf397-2bef-43d5-a080-40fbdac24005,7c08735f-311c-4060-9637-87bee6bf9673,10,Sample English review 4781.
46fc9d66-12f5-4d79-bf7a-e15965c89f3c,472bf397-2bef-43d5-a080-40fbdac24005,6dc440b0-7d0d-4e8c-8dfa-aacb16c25536,1,
27753ee8-113a-459a-b591-65e57328591c,472bf397-2bef-43d5-a080-40fbdac24005,0c6967ae-a4d8-4920-9d51-c7d95b61d752,3,Sample English review 4783.
c23f6262-6441-4f53-b596-dbbd0984da33,b42cda7c-8cb6-4f54-a968-029dfb2619b6,aa451009-5df5-4e3e-bce7-7ad1ac26b289,1,
24d2def8-e416-437b-b26c-acd0797b4cc8,b42cda7c-8cb6-4f54-a968-029dfb2619b6,6dc440b0-7d0d-4e8c-8dfa-aacb16c25536,10,Sample English review 4785.
8f4e3613-75d9-4163-8402-c1fae114cd77,b42cda7c-8cb6-4f54-a968-029dfb2619b6,2fd567ca-8efe-4948-bebd-a1a56f976d42,4,
aea8fd0b-6977-4320-9e40-9f25630102b4,b42cda7c-8cb6-4f54-a968-029dfb2619b6,8ff07004-cedb-4c53-a5dd-a034c6073f8e,7,
24fee36d-6a9b-4dee-a283-fd4ded156b7b,b42cda7c-8cb6-4f54-a968-029dfb2619b6,425035ef-0093-422c-a760-2740c95f4457,9,Sample English review 4788.
e95ff9ef-e84a-4bd7-bae3-f71064f80959,b42cda7c-8cb6-4f54-a968-029dfb2619b6,47ae8c16-2d72-4c6b-8a12-3dac47db6ed7,6,Sample English review 4789.
e4860728-f4b6-4b8e-b0de-ec25d3a974d8,b42cda7c-8cb6-4f54-a968-029dfb2619b6,09dc474c-41e1-47c7-bd11-8bcc61aba3cc,10,
b9e9926c-58db-495c-a523-5f91aecb325d,b42cda7c-8cb6-4f54-a968-029dfb2619b6,0c6967ae-a4d8-4920-9d51-c7d95b61d752,1,Sample English review 4791.
5fdb85e2-7e9b-4e9d-a518-7db9ccff1643,b42cda7c-8cb6-4f54-a968-029dfb2619b6,67021090-97c3-44f2-82ed-cf5f65828f38,8,
4b11759b-d4a2-40ba-9d5d-b5fa33d04452,b42cda7c-8cb6-4f54-a968-029dfb2619b6,6358f21d-d22d-4f6c-b15e-7a1b7ba90800,8,Sample English review 4793.
0e2bbe2d-983b-4e86-ad0a-e67950f9f51c,b42cda7c-8cb6-4f54-a968-029dfb2619b6,9dae46b7-7f1a-4d67-b808-9e9c1b622d6c,3,Sample English review 4794.
d1351ff8-52cd-44d3-9251-3b1f5082e331,b42cda7c-8cb6-4f54-a968-029dfb2619b6,2d56957e-9087-4750-8598-9d99f1933845,10,Sample English review 4795.
1e76de3b-9bc5-495e-814c-0143d9a012e8,b42cda7c-8cb6-4f54-a968-029dfb2619b6,8a99736e-dad6-489d-aa46-0ee02356e5fe,1,Sample English review 4796.
bf82b2d8-1274-42d3-8771-5138b9a4523f,b42cda7c-8cb6-4f54-a968-029dfb2619b6,e994bf32-d050-4e52-b334-5b6074b2a959,8,Sample English review 4797.
bdda6752-5a4b-4300-80ee-fc5925e4188d,b42cda7c-8cb6-4f54-a968-029dfb2619b6,cf58157c-eee8-4cb1-af62-820e7aadb847,8,Sample English review 4798.
b21f89f8-84c2-4532-afc9-8e3d646240c1,b42cda7c-8cb6-4f54-a968-029dfb2619b6,f58f62f8-c6cd-4d19-adce-d4d1da14b149,5,
0b1b9023-0b24-425c-9b03-61ae67a274fc,b42cda7c-8cb6-4f54-a968-029dfb2619b6,3ea805cf-d96a-4098-9682-f85f57267e43,9,Sample English review 4800.
af0ff66c-9b18-4532-ad88-19c2c2691d6e,b42cda7c-8cb6-4f54-a968-029dfb2619b6,77ae4c44-0946-4323-afdc-9932fc01f4c6,1,Sample English review 4801.
4be5e83d-7b73-4adf-a061-2653ec43ccc4,b42cda7c-8cb6-4f54-a968-029dfb2619b6,9008a579-51a2-4cde-80db-8e277bfd15c0,10,Sample English review 4802.
4a28b655-39fb-4a01-a5e4-593b0b0b0e0e,b42cda7c-8cb6-4f54-a968-029dfb2619b6,dac8e4dd-9f17-46ef-9865-5e025b74bf9a,5,Sample English review 4803.
4027e6e0-9568-49c5-bfab-7495001b066a,b42cda7c-8cb6-4f54-a968-029dfb2619b6,b3bb325c-6f93-4946-9d94-ca835b5be056,6,
d522aa03-539d-4e6e-949e-d8e2f166fc6f,b42cda7c-8cb6-4f54-a968-029dfb2619b6,ac393398-9266-4f9c-8a2d-d14ae2aa114e,3,Sample English review 4805.
fac39938-691e-429d-9aa9-b2a05f23479e,89fa6372-ad31-4712-9809-80e199ad3a96,009bae3f-9085-415e-81bf-b86503fa9115,9,
c06da063-b827-4f90-bb2e-15e3ec5ab5c1,89fa6372-ad31-4712-9809-80e199ad3a96,2fd567ca-8efe-4948-bebd-a1a56f976d42,5,Sample English review 4807.
bae0af42-a242-42ca-9a7a-d3385fa32220,89fa6372-ad31-4712-9809-80e199ad3a96,9bc42e46-67c9-447f-be78-4ae50e491d93,10,Sample English review 4808.
7e30c39a-5174-4452-be87-1d391c0684d0,89fa6372-ad31-4712-9809-80e199ad3a96,33b5c78e-cad2-4331-b9b9-a38ef8954dec,8,Sample English review 4809.
ba2246ad-11a1-4544-92a0-f515cf6e91e2,89fa6372-ad31-4712-9809-80e199ad3a96,99f6f5c3-1cb9-4fe1-ab1a-aa9c1d16dbd0,5,
1f623bb4-12a0-4738-8446-87a3bda5f078,89fa6372-ad31-4712-9809-80e199ad3a96,d3206088-b25a-455a-9323-1c8d5829b0b0,1,
80d05917-c920-403c-b2ba-b481cd861399,89fa6372-ad31-4712-9809-80e199ad3a96,85bbf311-5929-482a-a259-21f783c36c59,4,Sample English review 4812.
f665895c-9568-4e9e-a784-940e1c44cb58,23ca0e8b-e212-4fb3-a768-b36b3ff48207,cb55c939-b208-4183-9cac-dc086cdad4ea,7,
6c04a2fe-3bdc-4546-bf08-2abe12bdb4ae,23ca0e8b-e212-4fb3-a768-b36b3ff48207,ecdbf5f6-ea6e-48ad-8cf1-165f8682b135,8,
d03881dd-2a77-40f8-ab06-b10b4aac0533,23ca0e8b-e212-4fb3-a768-b36b3ff48207,7bd0bc4e-e14f-4f46-8e8b-d015a6b4ebc1,8,Sample English review 4815.
fe7b4da3-3e9f-440b-8727-db7e37421dbc,23ca0e8b-e212-4fb3-a768-b36b3ff48207,1b3bae68-e409-4055-a2c3-d5f42604c9b1,2,
1316450b-d8ea-4f02-9c6a-ae53d8e834be,23ca0e8b-e212-4fb3-a768-b36b3ff48207,979d4dea-2a55-46c2-a9d1-95d1bd7fab87,5,Sample English review 4817.
f28292ac-7386-4c2f-a98b-a1d87ffe156e,23ca0e8b-e212-4fb3-a768-b36b3ff48207,722c5ad2-9175-4d47-9f8a-d10e496d97f8,8,
7927cf6d-3b81-45b1-871d-8f05530e4809,1b66762f-0f2d-4d59-9698-c40e925727ff,7bd0bc4e-e14f-4f46-8e8b-d015a6b4ebc1,6,Sample English review 4819.
323dea9b-f235-4280-9442-8391833d679a,1b66762f-0f2d-4d59-9698-c40e925727ff,7c01f309-b5b4-4962-843f-9698ce3ede17,10,Sample English review 4820.
dd83eb85-b680-4cb6-bfa1-624c6a53fa6d,1b66762f-0f2d-4d59-9698-c40e925727ff,4ad5c73a-5c99-4e98-9d90-0e03b0986909,3,Sample English review 4821.
f863baa5-4d7d-4f08-8ef9-2db6ee446a43,1b66762f-0f2d-4d59-9698-c40e925727ff,dac8e4dd-9f17-46ef-9865-5e025b74bf9a,4,Sample English review 4822.
4f3d87fd-0f34-41a8-9ad7-3d2a127bdbba,1b66762f-0f2d-4d59-9698-c40e925727ff,979d4dea-2a55-46c2-a9d1-95d1bd7fab87,3,Sample English review 4823.
2561f618-e7e8-48e1-af20-7e5990a3ca68,1b66762f-0f2d-4d59-9698-c40e925727ff,6d0ed363-2c1a-43f7-958a-0e0cb6ea3e49,9,Sample English review 4824.
ded20be4-589f-41ac-8ef6-989c4fe21b5a,1b66762f-0f2d-4d59-9698-c40e925727ff,1f2f5550-69ee-4ec3-82d2-d6cf2d0fc05c,1,
3776398f-dfd4-4bbe-823b-debddcebe061,1b66762f-0f2d-4d59-9698-c40e925727ff,0db8d5e2-1888-4d9f-a451-2f6e2a3e0f7d,6,Sample English review 4826.
7f667fd8-c2c0-4270-bc57-6c0c2e5430d5,1b66762f-0f2d-4d59-9698-c40e925727ff,b3bb325c-6f93-4946-9d94-ca835b5be056,8,Sample English review 4827.
31880bfe-9621-420c-b0b4-064abc8eeb4b,1b66762f-0f2d-4d59-9698-c40e925727ff,f58f62f8-c6cd-4d19-adce-d4d1da14b149,1,Sample English review 4828.
a6afbe42-8e70-4e47-81a9-e1be1abc5de7,1b66762f-0f2d-4d59-9698-c40e925727ff,425035ef-0093-422c-a760-2740c95f4457,3,Sample English review 4829.
4328b729-a916-49ce-ae4f-17b66a383e62,1b66762f-0f2d-4d59-9698-c40e925727ff,1b3bae68-e409-4055-a2c3-d5f42604c9b1,9,Sample English review 4830.
0a6136a7-6132-44c0-9d49-37bf2a387618,1b66762f-0f2d-4d59-9698-c40e925727ff,d01b25df-fe4a-4617-b8b9-ee0c60db6556,5,Sample English review 4831.
52fb9f1a-ca71-47ce-9999-099e563990e7,1b66762f-0f2d-4d59-9698-c40e925727ff,427354fb-8736-4fd4-9ea1-30b98d1974e7,7,Sample English review 4832.
d720bb08-6b47-4b90-beaf-8ad888c7a76c,1b66762f-0f2d-4d59-9698-c40e925727ff,2752b069-f76a-4957-8807-6237a31f6d2c,7,Sample English review 4833.
0be087bf-5255-4bcf-a35a-d2279da51020,1b66762f-0f2d-4d59-9698-c40e925727ff,d51ce7b5-dd79-4d62-93c4-4a7cff3d22e3,10,Sample English review 4834.
8d5ce3af-7d7d-4ac0-b65b-f5c4cbf12ade,ea747df7-dd53-476f-8e78-59b114d1c73a,05de5279-613f-4b9e-b38d-1e4203d75c1a,5,Sample English review 4835.
da25da10-6b01-4f18-8ceb-b29fbd08defd,ea747df7-dd53-476f-8e78-59b114d1c73a,2752b069-f76a-4957-8807-6237a31f6d2c,5,Sample English review 4836.
45e1fa59-8012-4254-b9bd-7d301d50d9d2,ea747df7-dd53-476f-8e78-59b114d1c73a,9b151d62-177e-4736-b8e5-6cf69170f9dc,1,
ce58651d-5968-4021-8ccd-1d48c826ae20,ea747df7-dd53-476f-8e78-59b114d1c73a,7bd0bc4e-e14f-4f46-8e8b-d015a6b4ebc1,6,
62a27925-244f-4ebc-ab3d-f4b5f7688e4f,ea747df7-dd53-476f-8e78-59b114d1c73a,1aa28ea9-5df1-4ce1-a2db-7524bfcfd4ee,8,Sample English review 4839.
67a07686-a344-4f59-905f-93b8d3925bd8,ea747df7-dd53-476f-8e78-59b114d1c73a,cf58157c-eee8-4cb1-af62-820e7aadb847,1,Sample English review 4840.
b66596c0-2f0c-4671-a5d5-34b8093df467,ea747df7-dd53-476f-8e78-59b114d1c73a,f4fa3e26-130b-42f5-8e08-2d4f884e080d,9,
ec42ebc9-6bd0-478d-b187-55a60121543d,ea747df7-dd53-476f-8e78-59b114d1c73a,ecdbf5f6-ea6e-48ad-8cf1-165f8682b135,3,Sample English review 4842.
d93b06db-9688-41b6-b467-cf1250308841,ea747df7-dd53-476f-8e78-59b114d1c73a,afc8c392-95b3-4506-8d6c-719f96692939,3,Sample English review 4843.
b2c99eec-a3e3-4bd6-81e2-7b987c3298c5,ea747df7-dd53-476f-8e78-59b114d1c73a,81de516b-9d80-447a-a5f3-7f542dab2e6f,7,Sample English review 4844.
2ba2fca2-99df-4c69-a22b-68a730fd4968,ea747df7-dd53-476f-8e78-59b114d1c73a,fd530ba8-7ae3-47c6-b384-a6b01df494cb,8,Sample English review 4845.
bd56a710-c007-4613-be4b-5fddb396e559,ea747df7-dd53-476f-8e78-59b114d1c73a,67d8b4ad-4640-43f2-9c53-6b4929f30103,6,
198c524d-4d5d-449c-9003-197f2d0cf494,ea747df7-dd53-476f-8e78-59b114d1c73a,6dc440b0-7d0d-4e8c-8dfa-aacb16c25536,4,Sample English review 4847.
ee909927-23e7-41d3-98a0-8122f6f4a487,ea747df7-dd53-476f-8e78-59b114d1c73a,aa451009-5df5-4e3e-bce7-7ad1ac26b289,3,Sample English review 4848.
16e4e30a-38c2-42d3-ac56-c8bcad27aafa,728cc7a0-4ead-4ef7-866c-1fa728c549a3,f58f62f8-c6cd-4d19-adce-d4d1da14b149,8,Sample English review 4849.
b3a4414b-b9b1-402c-9332-314d38cd6e23,728cc7a0-4ead-4ef7-866c-1fa728c549a3,3e78c42e-79c6-46a5-84ba-afca64de824b,8,Sample English review 4850.
35c6a0c9-f2a5-40ce-9886-9f5315f1ba65,728cc7a0-4ead-4ef7-866c-1fa728c549a3,979d4dea-2a55-46c2-a9d1-95d1bd7fab87,9,
99a9d71b-368c-4dbd-a2be-6b39181e14e6,728cc7a0-4ead-4ef7-866c-1fa728c549a3,6c34f6f7-2682-4513-951e-96f325e7eb19,2,Sample English review 4852.
301dfd5b-49c4-4c07-93cd-aa7f049b899c,728cc7a0-4ead-4ef7-866c-1fa728c549a3,47632200-a702-4992-9f11-020d87c3aaed,4,Sample English review 4853.
c564e3dc-aa53-47fd-89ec-433a0b780725,728cc7a0-4ead-4ef7-866c-1fa728c549a3,4072477a-0e21-47ca-9a86-73f662b98398,5,Sample English review 4854.
044a6128-f8f3-4dcc-ae37-d9c939587d12,728cc7a0-4ead-4ef7-866c-1fa728c549a3,ac393398-9266-4f9c-8a2d-d14ae2aa114e,7,Sample English review 4855.
c9abfa91-86c9-4a92-9a83-e3f5dfc1f6dc,728cc7a0-4ead-4ef7-866c-1fa728c549a3,6358f21d-d22d-4f6c-b15e-7a1b7ba90800,7,
59928f23-94ea-41d7-91ea-293f7589b56d,728cc7a0-4ead-4ef7-866c-1fa728c549a3,ebaef81b-0f73-4e06-bb20-5ef173be29af,6,Sample English review 4857.
8912cce7-62ca-4f16-b859-f0cfa13d31da,728cc7a0-4ead-4ef7-866c-1fa728c549a3,e9774607-8354-4ac8-adcf-f72a1716c51b,4,Sample English review 4858.
254002e9-b1d7-47cc-b4e3-35022f307f3c,8d873df3-9313-4b8d-8f03-6d3c7de7692c,6c34f6f7-2682-4513-951e-96f325e7eb19,8,
6c999173-c794-4fd5-8109-a15fe25ea294,8d873df3-9313-4b8d-8f03-6d3c7de7692c,ecab2181-cb9d-42f7-b110-65986cef6204,10,Sample English review 4860.
465ee239-81b0-4dd3-8690-6d58db26f4f8,8d873df3-9313-4b8d-8f03-6d3c7de7692c,ecdbf5f6-ea6e-48ad-8cf1-165f8682b135,7,Sample English review 4861.
3c04d217-009f-460d-98cd-06c1c265a994,8d873df3-9313-4b8d-8f03-6d3c7de7692c,4edba6e8-c8d9-4fe2-a682-124b91f87604,5,Sample English review 4862.
7e2784bd-9b5b-4864-b29f-abe53a78e2e3,8d873df3-9313-4b8d-8f03-6d3c7de7692c,9008a579-51a2-4cde-80db-8e277bfd15c0,3,Sample English review 4863.
e95b3c23-f121-4c88-bd58-60349d97c1e7,8d873df3-9313-4b8d-8f03-6d3c7de7692c,cf58157c-eee8-4cb1-af62-820e7aadb847,5,Sample English review 4864.
518fcea9-f88f-4c8e-93d9-65614ddce151,8d873df3-9313-4b8d-8f03-6d3c7de7692c,ebaef81b-0f73-4e06-bb20-5ef173be29af,3,
d914065a-db44-4ed4-acf1-9a97fccfdcf6,8d873df3-9313-4b8d-8f03-6d3c7de7692c,21bf0f34-fea3-4cb9-b9a7-94e72ffacc8a,10,
56863154-f4fb-4db7-b4b6-8f8a8633acbd,8d873df3-9313-4b8d-8f03-6d3c7de7692c,33875037-f579-42ed-8aba-818a640c90d9,4,Sample English review 4867.
f0ab4ec9-07fa-4afe-afc5-050fbf0a29ae,8d873df3-9313-4b8d-8f03-6d3c7de7692c,34e41375-9db2-4e92-9f7d-76f36353f4e6,10,
efa2f5b9-2529-4569-8615-e5933430b88f,8d873df3-9313-4b8d-8f03-6d3c7de7692c,7338dd63-a1d1-4e74-9759-cd17bae3c0d8,2,Sample English review 4869.
08859d21-000f-48e6-b6bb-e2ba6a2f532e,8d873df3-9313-4b8d-8f03-6d3c7de7692c,09dc474c-41e1-47c7-bd11-8bcc61aba3cc,8,Sample English review 4870.
16c3af63-61a2-4e6a-87e5-fddf7b09d9ef,8d873df3-9313-4b8d-8f03-6d3c7de7692c,67d8b4ad-4640-43f2-9c53-6b4929f30103,10,Sample English review 4871.
b43cd718-18ce-4c9f-a20b-434eda436718,63000d29-41bc-49b5-b363-d26fe5db8dce,6dc440b0-7d0d-4e8c-8dfa-aacb16c25536,2,Sample English review 4872.
51690bce-d9bf-464e-b2c7-4affd8cfef39,63000d29-41bc-49b5-b363-d26fe5db8dce,77ae4c44-0946-4323-afdc-9932fc01f4c6,5,
02ad4147-73cc-4be0-8236-c719fdba4d53,63000d29-41bc-49b5-b363-d26fe5db8dce,cf58157c-eee8-4cb1-af62-820e7aadb847,1,
ee2d7a7f-f5a3-49f1-9425-96733d8deb1d,63000d29-41bc-49b5-b363-d26fe5db8dce,99f8ef2d-c0e8-4290-83a6-b460677b198d,6,
26da18bf-fd29-442b-8e3f-af3291787397,63000d29-41bc-49b5-b363-d26fe5db8dce,8ff07004-cedb-4c53-a5dd-a034c6073f8e,5,Sample English review 4876.
a4770f3b-f7d4-496c-a5c4-d390f13b0af1,63000d29-41bc-49b5-b363-d26fe5db8dce,502dde18-86e1-4b5c-88c2-8010d067ede7,3,Sample English review 4877.
326708a7-10fc-42e2-8f6e-32c1d643cd3a,ba5839d6-4bac-43cd-9fe1-25fec7ac39f1,5597d267-e508-4a43-8244-f8ec9fdecae4,5,Sample English review 4878.
313213c4-abee-4ed1-9c38-6a11c047f4df,ba5839d6-4bac-43cd-9fe1-25fec7ac39f1,7338dd63-a1d1-4e74-9759-cd17bae3c0d8,7,Sample English review 4879.
5a5ac426-fab5-416c-9411-c148dd4da0fc,ba5839d6-4bac-43cd-9fe1-25fec7ac39f1,6dc440b0-7d0d-4e8c-8dfa-aacb16c25536,6,Sample English review 4880.
0280d9cf-1035-4c6a-b6b7-888b1cf3a493,ba5839d6-4bac-43cd-9fe1-25fec7ac39f1,4ad5c73a-5c99-4e98-9d90-0e03b0986909,5,Sample English review 4881.
b7f6fe16-ff64-444f-bce2-b5a2c4c1d19b,ba5839d6-4bac-43cd-9fe1-25fec7ac39f1,1b3bae68-e409-4055-a2c3-d5f42604c9b1,10,Sample English review 4882.
73ceb634-4da4-4610-a7f3-e2545a82289e,ba5839d6-4bac-43cd-9fe1-25fec7ac39f1,ecab2181-cb9d-42f7-b110-65986cef6204,9,
51f6ce1c-a397-4fb1-8470-bd41bbbb2ce9,ba5839d6-4bac-43cd-9fe1-25fec7ac39f1,ccda4639-3814-4892-99ea-7aa00cd42d49,10,Sample English review 4884.
33d540fe-4367-4668-888e-ecde6acde0e3,ba5839d6-4bac-43cd-9fe1-25fec7ac39f1,9bc42e46-67c9-447f-be78-4ae50e491d93,2,Sample English review 4885.
1d850675-07c3-43ba-b54b-8376c0b9e707,ba5839d6-4bac-43cd-9fe1-25fec7ac39f1,afc8c392-95b3-4506-8d6c-719f96692939,4,
ece761fa-7380-43de-9fea-fd39566cbeca,ba5839d6-4bac-43cd-9fe1-25fec7ac39f1,81de516b-9d80-447a-a5f3-7f542dab2e6f,6,
5dc816a7-674e-4080-9b76-fa500a800d09,ba5839d6-4bac-43cd-9fe1-25fec7ac39f1,d3206088-b25a-455a-9323-1c8d5829b0b0,6,
2bc45589-94c0-4dd1-8177-862938901bfe,ba5839d6-4bac-43cd-9fe1-25fec7ac39f1,425035ef-0093-422c-a760-2740c95f4457,1,Sample English review 4889.
d67fecba-fccd-47c8-b305-bd7f5775a6f1,ba5839d6-4bac-43cd-9fe1-25fec7ac39f1,21bf0f34-fea3-4cb9-b9a7-94e72ffacc8a,8,Sample English review 4890.
e61f054a-88bf-4e93-9fe0-ddd03ec8b0be,ba5839d6-4bac-43cd-9fe1-25fec7ac39f1,d01b25df-fe4a-4617-b8b9-ee0c60db6556,2,Sample English review 4891.
82749d7c-5945-421d-8f43-ae3358f2b635,ba5839d6-4bac-43cd-9fe1-25fec7ac39f1,24ce7888-3716-43b8-9d28-4239e17abe25,5,Sample English review 4892.
9039a905-5fca-48c0-ae66-5f9d750c82fe,ba5839d6-4bac-43cd-9fe1-25fec7ac39f1,77ae4c44-0946-4323-afdc-9932fc01f4c6,9,
6c626261-e70c-4e16-aca8-6755c1787efb,ba5839d6-4bac-43cd-9fe1-25fec7ac39f1,99f8ef2d-c0e8-4290-83a6-b460677b198d,8,
4659a9fc-63ad-4fbd-a049-186a8cd6db44,ba5839d6-4bac-43cd-9fe1-25fec7ac39f1,cf58157c-eee8-4cb1-af62-820e7aadb847,10,Sample English review 4895.
8ad17eba-e25d-4fb9-93aa-1e22d0d996a1,ba5839d6-4bac-43cd-9fe1-25fec7ac39f1,1f2f5550-69ee-4ec3-82d2-d6cf2d0fc05c,9,
8d548c80-c76f-4753-a835-6cd0bdc0e57f,ba5839d6-4bac-43cd-9fe1-25fec7ac39f1,8ff07004-cedb-4c53-a5dd-a034c6073f8e,2,Sample English review 4897.
9d1b617a-05a2-4d1f-8462-0bb11b90216b,35316080-8952-4d48-98cc-d1ee977d7f78,3844a965-19f9-41ec-9515-28393113f8c8,5,
d813aea4-491c-43e6-bb63-bb12b2c4d83c,35316080-8952-4d48-98cc-d1ee977d7f78,81de516b-9d80-447a-a5f3-7f542dab2e6f,7,Sample English review 4899.
1343de1f-194f-4de2-942e-f03d76f4bcdb,35316080-8952-4d48-98cc-d1ee977d7f78,33b5c78e-cad2-4331-b9b9-a38ef8954dec,2,Sample English review 4900.
1d7b0490-bbf5-48dc-b0ab-3ca4ffe5ab04,35316080-8952-4d48-98cc-d1ee977d7f78,5597d267-e508-4a43-8244-f8ec9fdecae4,3,Sample English review 4901.
35f171c0-da10-4049-9ade-1a1986ff835e,35316080-8952-4d48-98cc-d1ee977d7f78,23855b90-cb3b-4533-a756-bab9bb81426e,5,Sample English review 4902.
aac999fb-62cf-44e3-902a-d0549ccd2eb6,35316080-8952-4d48-98cc-d1ee977d7f78,e9774607-8354-4ac8-adcf-f72a1716c51b,5,
5121526f-f4cb-4c70-9a34-998abda02911,35316080-8952-4d48-98cc-d1ee977d7f78,67021090-97c3-44f2-82ed-cf5f65828f38,10,Sample English review 4904.
d92eabb6-5f4f-4391-8e58-b44e1149d016,67dfcfd6-03ef-488c-a05a-884651a5a081,1b3bae68-e409-4055-a2c3-d5f42604c9b1,3,Sample English review 4905.
3fec2c8d-d23d-46ea-8880-1cc50cb57dfe,67dfcfd6-03ef-488c-a05a-884651a5a081,33b5c78e-cad2-4331-b9b9-a38ef8954dec,5,Sample English review 4906.
cab51dbe-ca88-4034-be3a-b981adff26d5,67dfcfd6-03ef-488c-a05a-884651a5a081,cb55c939-b208-4183-9cac-dc086cdad4ea,7,Sample English review 4907.
be68db58-44c0-412c-8a98-2ce1b618505f,67dfcfd6-03ef-488c-a05a-884651a5a081,77ae4c44-0946-4323-afdc-9932fc01f4c6,7,Sample English review 4908.
a3125312-f470-4810-b57c-1b3b163c2564,67dfcfd6-03ef-488c-a05a-884651a5a081,09901650-fe76-4f18-9bf9-e24256f4909e,6,
4a393588-635c-433e-94b8-3b919414ed0c,67dfcfd6-03ef-488c-a05a-884651a5a081,2c417aef-cf61-4d18-ae06-06ba2317f36f,5,Sample English review 4910.
8f4ea208-1d30-46de-9b48-89ba3a52cc4a,67dfcfd6-03ef-488c-a05a-884651a5a081,67d8b4ad-4640-43f2-9c53-6b4929f30103,9,Sample English review 4911.
5d3f035c-2028-401d-beef-1775b5a567d2,67dfcfd6-03ef-488c-a05a-884651a5a081,9bc42e46-67c9-447f-be78-4ae50e491d93,2,Sample English review 4912.
983c02bc-6b7e-4c43-b48c-371cfeb67a26,67dfcfd6-03ef-488c-a05a-884651a5a081,a3128f74-4fcf-4cae-b2db-d585516780d1,8,Sample English review 4913.
81a1e392-1dbb-4927-9a72-2d3255327284,67dfcfd6-03ef-488c-a05a-884651a5a081,708f4f48-f883-4f49-97ee-2c0a91c249de,8,
86f32b30-7c70-4161-b9f0-b4a7d1491484,67dfcfd6-03ef-488c-a05a-884651a5a081,c3820118-4994-4049-8719-6d71466870fe,7,Sample English review 4915.
cf8142ed-6ebd-41c2-818e-d62ef109890d,67dfcfd6-03ef-488c-a05a-884651a5a081,09dc474c-41e1-47c7-bd11-8bcc61aba3cc,9,Sample English review 4916.
f4fe8bca-8861-4866-ad73-82eb4046f38c,67dfcfd6-03ef-488c-a05a-884651a5a081,85bbf311-5929-482a-a259-21f783c36c59,3,Sample English review 4917.
75f2dd4c-4211-4214-aec2-88ced6cb8bf3,67dfcfd6-03ef-488c-a05a-884651a5a081,f9a7e8ba-2326-4fd7-b228-98060197c4f6,5,Sample English review 4918.
05f91d0f-2eb6-41b6-9baf-8cc3ca4aead4,67dfcfd6-03ef-488c-a05a-884651a5a081,e994bf32-d050-4e52-b334-5b6074b2a959,10,Sample English review 4919.
66fadd79-0e8a-40b3-9fd3-1ac2baa8afde,67dfcfd6-03ef-488c-a05a-884651a5a081,3c16d474-f898-4cfe-b924-7c38bea20d5c,7,
1e272fa7-e96c-43f4-9fa2-a1ef3a17a0b5,67dfcfd6-03ef-488c-a05a-884651a5a081,dac8e4dd-9f17-46ef-9865-5e025b74bf9a,7,Sample English review 4921.
a796d9e8-c266-4648-8ab0-c36f1bc0e04d,fa930ec9-0c69-4d7e-852e-7f5522b79bbf,4edba6e8-c8d9-4fe2-a682-124b91f87604,6,
bf7b851d-88b4-4a95-ae8a-0060907b2ce5,fa930ec9-0c69-4d7e-852e-7f5522b79bbf,3c16d474-f898-4cfe-b924-7c38bea20d5c,1,Sample English review 4923.
4277f891-3655-4ac5-8bd6-c4edf7cff3f0,fa930ec9-0c69-4d7e-852e-7f5522b79bbf,0db8d5e2-1888-4d9f-a451-2f6e2a3e0f7d,6,
629e28c0-209b-4ae1-a8d4-87366ff39eb8,fa930ec9-0c69-4d7e-852e-7f5522b79bbf,e9774607-8354-4ac8-adcf-f72a1716c51b,10,
92a9f2df-ffbb-4c83-8105-71c74e4abc53,fa930ec9-0c69-4d7e-852e-7f5522b79bbf,6c34f6f7-2682-4513-951e-96f325e7eb19,3,Sample English review 4926.
a995720e-b68b-4dff-a3e5-c4050e05438a,02061084-6d06-4615-935e-5b5f8e83e0f7,8a99736e-dad6-489d-aa46-0ee02356e5fe,2,
01f39569-b53e-4cc9-a7e0-95f912a94719,02061084-6d06-4615-935e-5b5f8e83e0f7,979d4dea-2a55-46c2-a9d1-95d1bd7fab87,8,Sample English review 4928.
585092e3-19e8-4449-b9e0-a59825fe5fea,02061084-6d06-4615-935e-5b5f8e83e0f7,2c417aef-cf61-4d18-ae06-06ba2317f36f,2,
00d9e1af-a2a4-466d-ab4e-6a1bd8a60a6d,02061084-6d06-4615-935e-5b5f8e83e0f7,34e41375-9db2-4e92-9f7d-76f36353f4e6,8,Sample English review 4930.
7588337e-037a-425f-85ab-f0bedd391b10,02061084-6d06-4615-935e-5b5f8e83e0f7,722c5ad2-9175-4d47-9f8a-d10e496d97f8,4,
76d12b82-ef66-4fc3-aebb-6c9486fa779c,02061084-6d06-4615-935e-5b5f8e83e0f7,99f6f5c3-1cb9-4fe1-ab1a-aa9c1d16dbd0,2,Sample English review 4932.
726dfd9d-49ec-4691-9a4a-229011ebebd2,02061084-6d06-4615-935e-5b5f8e83e0f7,c3820118-4994-4049-8719-6d71466870fe,1,Sample English review 4933.
af271218-1e00-4c36-ba3e-caa27b099f31,f2c740a2-a54a-46b2-be5b-d2ecc75a7e92,427354fb-8736-4fd4-9ea1-30b98d1974e7,7,
302f6efe-2b41-428d-984e-1399bb5bb7c7,f2c740a2-a54a-46b2-be5b-d2ecc75a7e92,6d0ed363-2c1a-43f7-958a-0e0cb6ea3e49,4,Sample English review 4935.
d5b4156a-95f7-46cf-8f65-b92087c41808,f2c740a2-a54a-46b2-be5b-d2ecc75a7e92,2752b069-f76a-4957-8807-6237a31f6d2c,1,
33b7b015-6d07-483d-adb2-3e70617f2cb8,f2c740a2-a54a-46b2-be5b-d2ecc75a7e92,05de5279-613f-4b9e-b38d-1e4203d75c1a,5,Sample English review 4937.
1d28818a-113a-47ce-8ed1-469ff8b4b7f1,f2c740a2-a54a-46b2-be5b-d2ecc75a7e92,23855b90-cb3b-4533-a756-bab9bb81426e,6,Sample English review 4938.
6094bc64-2d3d-4c50-bb0d-a3e5f12530ec,f2c740a2-a54a-46b2-be5b-d2ecc75a7e92,8a99736e-dad6-489d-aa46-0ee02356e5fe,4,Sample English review 4939.
47f0bfc7-db5a-48aa-8c9a-404f06304d92,f2c740a2-a54a-46b2-be5b-d2ecc75a7e92,722c5ad2-9175-4d47-9f8a-d10e496d97f8,6,Sample English review 4940.
f287d061-6967-4563-b0ab-565204929f6f,f2c740a2-a54a-46b2-be5b-d2ecc75a7e92,47632200-a702-4992-9f11-020d87c3aaed,10,
d868edb3-514b-4959-964a-ab30d7f7fc0e,f2c740a2-a54a-46b2-be5b-d2ecc75a7e92,009bae3f-9085-415e-81bf-b86503fa9115,8,
f34028b1-58f2-423f-8cfd-2a46c4afdf95,f2c740a2-a54a-46b2-be5b-d2ecc75a7e92,1b3bae68-e409-4055-a2c3-d5f42604c9b1,8,Sample English review 4943.
a5af0774-f41d-4c3d-b656-cc6928dc0f16,f2c740a2-a54a-46b2-be5b-d2ecc75a7e92,6358f21d-d22d-4f6c-b15e-7a1b7ba90800,8,Sample English review 4944.
b3d28526-e656-40ab-b9b7-68a84d45dd4b,f2c740a2-a54a-46b2-be5b-d2ecc75a7e92,f58f62f8-c6cd-4d19-adce-d4d1da14b149,2,Sample English review 4945.
627bd6fe-1b06-49e6-af94-fff15e9fb0e4,f2c740a2-a54a-46b2-be5b-d2ecc75a7e92,81de516b-9d80-447a-a5f3-7f542dab2e6f,7,Sample English review 4946.
18f21693-ad18-47ed-9e11-9c428a3bfe70,f2c740a2-a54a-46b2-be5b-d2ecc75a7e92,85bbf311-5929-482a-a259-21f783c36c59,1,
e2e32c32-b280-4cd7-ab40-a5360ee2391b,f2c740a2-a54a-46b2-be5b-d2ecc75a7e92,138aca2e-a48d-46a6-ac06-c902efe4fd18,1,
97c93531-0714-4231-937a-464d3f658f7a,f2c740a2-a54a-46b2-be5b-d2ecc75a7e92,7c08735f-311c-4060-9637-87bee6bf9673,4,Sample English review 4949.
defc005d-3b0c-4e2b-9835-b8404d887b19,f2c740a2-a54a-46b2-be5b-d2ecc75a7e92,979d4dea-2a55-46c2-a9d1-95d1bd7fab87,8,
6b45bfb2-5ad8-45e8-8f79-1f8e5034e625,f2c740a2-a54a-46b2-be5b-d2ecc75a7e92,a3128f74-4fcf-4cae-b2db-d585516780d1,8,Sample English review 4951.
d70ff4b1-6e93-44ac-9780-1f1913dfb23f,f2c740a2-a54a-46b2-be5b-d2ecc75a7e92,fd530ba8-7ae3-47c6-b384-a6b01df494cb,8,Sample English review 4952.
78dd5d30-c467-40d7-999b-4133d4f58d05,8a572df9-beeb-415b-bbef-5ffd9281d430,d51ce7b5-dd79-4d62-93c4-4a7cff3d22e3,8,
f9a366ed-7a52-4d26-9d63-c04b3b4c36fb,8a572df9-beeb-415b-bbef-5ffd9281d430,6dc440b0-7d0d-4e8c-8dfa-aacb16c25536,2,Sample English review 4954.
ca158598-7699-4aaf-8700-09bf1d69148e,8a572df9-beeb-415b-bbef-5ffd9281d430,08c2602d-87d3-4851-b7fb-2bad244b5357,6,Sample English review 4955.
f7da5603-5ca4-4c99-a216-69962471905c,8a572df9-beeb-415b-bbef-5ffd9281d430,138aca2e-a48d-46a6-ac06-c902efe4fd18,3,Sample English review 4956.
d13617b3-3f7f-4c36-a5c3-f1f4325ac787,8a572df9-beeb-415b-bbef-5ffd9281d430,9dae46b7-7f1a-4d67-b808-9e9c1b622d6c,1,Sample English review 4957.
3aa07aee-84ab-45c6-8ff7-b69a66abc3b9,8a572df9-beeb-415b-bbef-5ffd9281d430,d9b9480a-a1e4-49d4-b8b5-a28a761924b7,3,
99af77a3-ad78-4719-8180-8aeb168cb2a9,8a572df9-beeb-415b-bbef-5ffd9281d430,6d0ed363-2c1a-43f7-958a-0e0cb6ea3e49,3,
582ea79b-b55b-43c1-a3f2-f03780afdc71,8a572df9-beeb-415b-bbef-5ffd9281d430,427354fb-8736-4fd4-9ea1-30b98d1974e7,5,Sample English review 4960.
c4d0158e-7d91-4e5c-b8b1-8966f26dd907,8a572df9-beeb-415b-bbef-5ffd9281d430,4ad5c73a-5c99-4e98-9d90-0e03b0986909,8,Sample English review 4961.
f97fc305-6c8e-4eb8-a8d6-0ca724ac60aa,8a572df9-beeb-415b-bbef-5ffd9281d430,1afd4484-49c1-4870-b60c-c754c4ce04d0,2,Sample English review 4962.
3bb347c5-4217-4606-bfdb-4e2b71427f99,4045c25f-dabc-442a-b118-290d6ad86651,5e77bfad-cca1-40e3-9460-368c94829eed,6,
8eca3f7e-3cdb-4e63-98a6-0b2f2d784447,4045c25f-dabc-442a-b118-290d6ad86651,7338dd63-a1d1-4e74-9759-cd17bae3c0d8,1,Sample English review 4964.
ee30e8fc-c377-4c50-8121-309d5160fd1d,b9da9f03-9b52-422d-adb5-bbcef0e500ca,3ea805cf-d96a-4098-9682-f85f57267e43,3,Sample English review 4965.
d089d877-b945-4ecc-b99e-181effb46258,b9da9f03-9b52-422d-adb5-bbcef0e500ca,ecab2181-cb9d-42f7-b110-65986cef6204,6,Sample English review 4966.
e3e1c512-9966-40ff-b85f-e6abbac77912,1f97c2d8-358a-42b6-b00a-c2f1d2b9e46b,9c0da375-3d5a-4608-b8c7-9e36139d6c33,1,Sample English review 4967.
a20467f0-c8b6-48a8-a512-3106b138b03c,1f97c2d8-358a-42b6-b00a-c2f1d2b9e46b,b51a7d8d-dbc7-426e-9013-dd2124a444bb,1,
d10f2f44-ca4c-48ea-aaa9-aded256da98b,1f97c2d8-358a-42b6-b00a-c2f1d2b9e46b,47ae8c16-2d72-4c6b-8a12-3dac47db6ed7,9,Sample English review 4969.
3a77f25e-19a9-47e1-be35-7215e217c164,1f97c2d8-358a-42b6-b00a-c2f1d2b9e46b,67d8b4ad-4640-43f2-9c53-6b4929f30103,9,
7fe2f4ab-5ebd-46d2-8287-a51146fe7d96,1f97c2d8-358a-42b6-b00a-c2f1d2b9e46b,99f8ef2d-c0e8-4290-83a6-b460677b198d,8,Sample English review 4971.
ea159e5f-b6df-47fa-926c-21897512c257,1f97c2d8-358a-42b6-b00a-c2f1d2b9e46b,2d56957e-9087-4750-8598-9d99f1933845,2,Sample English review 4972.
80a4e782-e147-4217-9b18-8532eff1bee8,1f97c2d8-358a-42b6-b00a-c2f1d2b9e46b,33b5c78e-cad2-4331-b9b9-a38ef8954dec,6,Sample English review 4973.
48c32e13-6a9f-4180-b443-22500c7fb2c1,1f97c2d8-358a-42b6-b00a-c2f1d2b9e46b,f58f62f8-c6cd-4d19-adce-d4d1da14b149,3,
7e7b0400-51b7-4be5-b6c3-1b13542fce85,1f97c2d8-358a-42b6-b00a-c2f1d2b9e46b,69a62e24-d225-4d89-94b5-ae7f906b57dc,6,Sample English review 4975.
664906d3-af70-43b2-ac6f-4c6988997c09,1f97c2d8-358a-42b6-b00a-c2f1d2b9e46b,6dc440b0-7d0d-4e8c-8dfa-aacb16c25536,6,
04682a04-a1e0-403c-8eeb-fa821829d834,1f97c2d8-358a-42b6-b00a-c2f1d2b9e46b,3ea805cf-d96a-4098-9682-f85f57267e43,8,Sample English review 4977.
5673c6c1-2369-4c75-874b-560e07c3ec37,1f97c2d8-358a-42b6-b00a-c2f1d2b9e46b,5e77bfad-cca1-40e3-9460-368c94829eed,9,Sample English review 4978.
477f0319-076b-41b6-bc05-343670aa2681,1f97c2d8-358a-42b6-b00a-c2f1d2b9e46b,37887751-4d47-4e5c-98fd-9fa0dc90314c,8,Sample English review 4979.
909a6156-5c58-4732-88f1-e5a3a9d82b37,1f97c2d8-358a-42b6-b00a-c2f1d2b9e46b,f9a7e8ba-2326-4fd7-b228-98060197c4f6,9,
7d6d83f1-6dcb-4038-be0a-53d2ec410dd1,1f97c2d8-358a-42b6-b00a-c2f1d2b9e46b,2c417aef-cf61-4d18-ae06-06ba2317f36f,6,
63beff98-1b90-47c2-ab78-410a2966c54c,1f97c2d8-358a-42b6-b00a-c2f1d2b9e46b,8ff07004-cedb-4c53-a5dd-a034c6073f8e,6,
231cebfa-1069-4178-b562-c2932ff2da10,1f97c2d8-358a-42b6-b00a-c2f1d2b9e46b,9b151d62-177e-4736-b8e5-6cf69170f9dc,6,
7404707b-c813-418e-8631-fe25ad9f9253,1f97c2d8-358a-42b6-b00a-c2f1d2b9e46b,34e41375-9db2-4e92-9f7d-76f36353f4e6,10,Sample English review 4984.
d1507338-c9e9-4f3e-ae6f-26d92ea1fc7c,1f97c2d8-358a-42b6-b00a-c2f1d2b9e46b,138aca2e-a48d-46a6-ac06-c902efe4fd18,3,Sample English review 4985.
fa9796e6-8054-4565-b6a3-ab969c8254bc,fe0e75bd-62e7-4677-a88d-4ef7f77fffb7,7c08735f-311c-4060-9637-87bee6bf9673,4,Sample English review 4986.
ff504d87-53a5-4317-bd9f-50063e93cb5f,fe0e75bd-62e7-4677-a88d-4ef7f77fffb7,5e77bfad-cca1-40e3-9460-368c94829eed,2,Sample English review 4987.
92457f02-1a13-4faf-b34d-12fa0808b8af,fe0e75bd-62e7-4677-a88d-4ef7f77fffb7,e994bf32-d050-4e52-b334-5b6074b2a959,4,Sample English review 4988.
9abba1e9-8fed-44e9-be6d-85a499062344,fe0e75bd-62e7-4677-a88d-4ef7f77fffb7,5597d267-e508-4a43-8244-f8ec9fdecae4,6,Sample English review 4989.
302b007e-1fa4-45fb-a3ca-e1a1d5a8ac06,fe0e75bd-62e7-4677-a88d-4ef7f77fffb7,6c34f6f7-2682-4513-951e-96f325e7eb19,4,Sample English review 4990.
d3f39525-e045-4f6f-8dff-468692a2937c,fe0e75bd-62e7-4677-a88d-4ef7f77fffb7,34e41375-9db2-4e92-9f7d-76f36353f4e6,1,Sample English review 4991.
6d238b4f-1be1-4df7-a539-37f0bf02be66,fe0e75bd-62e7-4677-a88d-4ef7f77fffb7,24ce7888-3716-43b8-9d28-4239e17abe25,2,Sample English review 4992.
53946852-a5cd-4561-8d85-ae01512bbc46,fe0e75bd-62e7-4677-a88d-4ef7f77fffb7,aa451009-5df5-4e3e-bce7-7ad1ac26b289,4,Sample English review 4993.
923cb899-b32f-4fbb-a3df-3bc0beeb1f51,fe0e75bd-62e7-4677-a88d-4ef7f77fffb7,979d4dea-2a55-46c2-a9d1-95d1bd7fab87,1,
e5f139e9-7f4a-4d4f-ac82-c882f85d4332,fe0e75bd-62e7-4677-a88d-4ef7f77fffb7,47ae8c16-2d72-4c6b-8a12-3dac47db6ed7,1,Sample English review 4995.
bb70519c-3b52-4620-bc81-475d71e02a99,fe0e75bd-62e7-4677-a88d-4ef7f77fffb7,1444ba20-39ac-43a5-bccc-1cc41c2f03b1,8,Sample English review 4996.
6b59fa41-dc63-4c44-a253-1d08b4db3c5b,fe0e75bd-62e7-4677-a88d-4ef7f77fffb7,0eda6729-995b-43a0-9a17-b89035543c47,6,
b3775077-7f05-4d74-accc-66bbc54def22,fe0e75bd-62e7-4677-a88d-4ef7f77fffb7,23855b90-cb3b-4533-a756-bab9bb81426e,1,Sample English review 4998.
a6e0d96f-78dd-4c8c-94ff-d4c4434996e9,fe0e75bd-62e7-4677-a88d-4ef7f77fffb7,f9a7e8ba-2326-4fd7-b228-98060197c4f6,9,
4c33ec75-89ef-4826-b7ba-6ab83c088503,fe0e75bd-62e7-4677-a88d-4ef7f77fffb7,ecdbf5f6-ea6e-48ad-8cf1-165f8682b135,6,Sample English review 5000.
8c98df60-aa4c-403f-9a6e-27148e083440,fe0e75bd-62e7-4677-a88d-4ef7f77fffb7,0db8d5e2-1888-4d9f-a451-2f6e2a3e0f7d,6,Sample English review 5001.
5f33ffa4-8ab5-4655-88b5-a8b30b7e2523,fe0e75bd-62e7-4677-a88d-4ef7f77fffb7,d9b9480a-a1e4-49d4-b8b5-a28a761924b7,5,
a90608d2-4057-494f-9cf8-4b5b17eedbf7,fe0e75bd-62e7-4677-a88d-4ef7f77fffb7,d51ce7b5-dd79-4d62-93c4-4a7cff3d22e3,10,
6492e935-f152-43f7-a6f9-ea6933d0ba75,fe0e75bd-62e7-4677-a88d-4ef7f77fffb7,677a4d7a-ae9b-4bdb-a72f-67f73eba99c7,2,Sample English review 5004.
1bdd7c21-547b-4eb1-bc03-1b47379d5b17,fe0e75bd-62e7-4677-a88d-4ef7f77fffb7,502dde18-86e1-4b5c-88c2-8010d067ede7,3,
5612fe09-59ec-4a91-8d86-f57fbedc34de,03b45833-f194-4016-9ca3-784f35448ed5,67021090-97c3-44f2-82ed-cf5f65828f38,1,Sample English review 5006.
afe1a517-47b1-4934-9412-75b736cab3b3,03b45833-f194-4016-9ca3-784f35448ed5,9dae46b7-7f1a-4d67-b808-9e9c1b622d6c,8,Sample English review 5007.
4df1c8ec-9bfd-4fae-a8a4-56b1696ef889,03b45833-f194-4016-9ca3-784f35448ed5,77ae4c44-0946-4323-afdc-9932fc01f4c6,7,Sample English review 5008.
516f5d2d-06e9-446e-968a-63e318c35470,03b45833-f194-4016-9ca3-784f35448ed5,0db8d5e2-1888-4d9f-a451-2f6e2a3e0f7d,8,Sample English review 5009.
c0a3d273-0ae2-4f27-8420-349d51025952,03b45833-f194-4016-9ca3-784f35448ed5,e9774607-8354-4ac8-adcf-f72a1716c51b,10,Sample English review 5010.
bc9eefe5-504f-4ae2-acb6-b6c6d6c0ec64,03b45833-f194-4016-9ca3-784f35448ed5,fd530ba8-7ae3-47c6-b384-a6b01df494cb,8,Sample English review 5011.
239748f8-72ed-4db0-b4b5-ac5c9d82f36c,03b45833-f194-4016-9ca3-784f35448ed5,37887751-4d47-4e5c-98fd-9fa0dc90314c,9,Sample English review 5012.
e02cee3e-9274-4645-a56e-18ef9de347ce,03b45833-f194-4016-9ca3-784f35448ed5,f4fa3e26-130b-42f5-8e08-2d4f884e080d,5,
e1b5c305-6eb3-4479-ae4e-902e5ea573b2,03b45833-f194-4016-9ca3-784f35448ed5,6c34f6f7-2682-4513-951e-96f325e7eb19,3,
e1a4f62f-ff40-40e1-9d4c-c92c44bb4379,03b45833-f194-4016-9ca3-784f35448ed5,81de516b-9d80-447a-a5f3-7f542dab2e6f,6,Sample English review 5015.
d80857b1-362c-4a2f-b2d3-68f1c5b1f53c,03b45833-f194-4016-9ca3-784f35448ed5,4072477a-0e21-47ca-9a86-73f662b98398,6,
68227036-9c4c-42fd-84d7-c5686165ed59,03b45833-f194-4016-9ca3-784f35448ed5,d9b9480a-a1e4-49d4-b8b5-a28a761924b7,2,
03477a45-17cb-43e3-b140-c7ad4b7d2fc6,03b45833-f194-4016-9ca3-784f35448ed5,67d8b4ad-4640-43f2-9c53-6b4929f30103,7,Sample English review 5018.
6a23bc38-011d-4919-9b27-0cfecf28633a,03b45833-f194-4016-9ca3-784f35448ed5,dac8e4dd-9f17-46ef-9865-5e025b74bf9a,6,Sample English review 5019.
d73ce4c4-5ab1-4d3f-afe2-08cb5d9c7f4a,03b45833-f194-4016-9ca3-784f35448ed5,722c5ad2-9175-4d47-9f8a-d10e496d97f8,2,Sample English review 5020.
e56db179-52f9-4261-b032-9fb2dec9acb1,03b45833-f194-4016-9ca3-784f35448ed5,3c16d474-f898-4cfe-b924-7c38bea20d5c,9,Sample English review 5021.
e67b8957-0f54-4fd8-97db-309ea3c8cb37,03b45833-f194-4016-9ca3-784f35448ed5,09901650-fe76-4f18-9bf9-e24256f4909e,4,
f6acb769-203d-45b6-be22-b998df96f3c0,03b45833-f194-4016-9ca3-784f35448ed5,6dc440b0-7d0d-4e8c-8dfa-aacb16c25536,2,Sample English review 5023.
33348429-bb6a-4902-9c4d-7b91e5a23945,03b45833-f194-4016-9ca3-784f35448ed5,0eda6729-995b-43a0-9a17-b89035543c47,1,Sample English review 5024.
21ce4fd7-4fc5-41a3-8d45-df81a94f7f54,03b45833-f194-4016-9ca3-784f35448ed5,b51a7d8d-dbc7-426e-9013-dd2124a444bb,10,Sample English review 5025.
4112bf17-cc49-4bcd-a832-1c007ce78a9c,a3c959ca-81ae-47df-aed6-c00cd4fa41d8,62531f1e-00a6-4fce-ab03-320c8c0852e8,8,Sample English review 5026.
14e944c1-3c81-4a18-85ce-67420450b46d,a3c959ca-81ae-47df-aed6-c00cd4fa41d8,0eda6729-995b-43a0-9a17-b89035543c47,1,Sample English review 5027.
140e61f4-b335-42c5-87e1-90bbe4eb31af,a3c959ca-81ae-47df-aed6-c00cd4fa41d8,33875037-f579-42ed-8aba-818a640c90d9,5,
7d72ee45-a732-4952-9dad-cf8aa67d6010,a3c959ca-81ae-47df-aed6-c00cd4fa41d8,cb55c939-b208-4183-9cac-dc086cdad4ea,7,Sample English review 5029.
32397808-0447-41f1-9086-e4851286e81f,a3c959ca-81ae-47df-aed6-c00cd4fa41d8,e9774607-8354-4ac8-adcf-f72a1716c51b,4,
48f8e36b-9b5a-4817-8478-0eae0a1df25e,a3c959ca-81ae-47df-aed6-c00cd4fa41d8,99f6f5c3-1cb9-4fe1-ab1a-aa9c1d16dbd0,7,Sample English review 5031.
a31e5acf-b804-4fb9-b634-d02906d68db1,a3c959ca-81ae-47df-aed6-c00cd4fa41d8,6358f21d-d22d-4f6c-b15e-7a1b7ba90800,9,Sample English review 5032.
0a619120-6dce-4ee1-a45e-c1517c264f39,a3c959ca-81ae-47df-aed6-c00cd4fa41d8,47aa0eb4-151b-4307-b50f-cdd5a44970fd,9,Sample English review 5033.
4757072c-20ec-4d58-9a0e-418f69a4f797,a3c959ca-81ae-47df-aed6-c00cd4fa41d8,9bc42e46-67c9-447f-be78-4ae50e491d93,4,Sample English review 5034.
3adb999b-63fa-4603-b087-5292a6072a06,a3c959ca-81ae-47df-aed6-c00cd4fa41d8,3ea805cf-d96a-4098-9682-f85f57267e43,7,Sample English review 5035.
ba51a953-0352-43b2-8a39-afa672cc20c5,a3c959ca-81ae-47df-aed6-c00cd4fa41d8,ac17d6c1-f9a9-42be-9c29-6670939d8d5e,6,Sample English review 5036.
8b1c445c-df68-4cd5-a0c7-331d0259a140,a3c959ca-81ae-47df-aed6-c00cd4fa41d8,9b151d62-177e-4736-b8e5-6cf69170f9dc,6,
aba4b479-a6e3-47e0-b9e1-2580defc6765,a3c959ca-81ae-47df-aed6-c00cd4fa41d8,677a4d7a-ae9b-4bdb-a72f-67f73eba99c7,7,Sample English review 5038.
a75a991e-b8d6-4bdc-a023-f7064f46d72d,a3c959ca-81ae-47df-aed6-c00cd4fa41d8,77ae4c44-0946-4323-afdc-9932fc01f4c6,10,Sample English review 5039.
0b480bd5-2785-42bb-88f5-a758605c26d4,a3c959ca-81ae-47df-aed6-c00cd4fa41d8,e994bf32-d050-4e52-b334-5b6074b2a959,5,Sample English review 5040.
523e7bd5-58cb-419e-876f-b500ffb31db5,a3c959ca-81ae-47df-aed6-c00cd4fa41d8,ac393398-9266-4f9c-8a2d-d14ae2aa114e,9,Sample English review 5041.
a81ad7be-3b1a-4699-8f69-5f1530fb311d,a3c959ca-81ae-47df-aed6-c00cd4fa41d8,99f8ef2d-c0e8-4290-83a6-b460677b198d,9,
0201edee-e19c-43e3-8035-bccb1f8a49ee,1b7804be-1ecb-4df9-a0ca-dc5686decf4b,85bbf311-5929-482a-a259-21f783c36c59,6,
a579b5a3-9653-4960-bd8e-52eaf4c5877c,1b7804be-1ecb-4df9-a0ca-dc5686decf4b,77ae4c44-0946-4323-afdc-9932fc01f4c6,6,Sample English review 5044.
c2e077cb-5f5e-4e7c-be91-55efa0c7ca3d,1b7804be-1ecb-4df9-a0ca-dc5686decf4b,1aa28ea9-5df1-4ce1-a2db-7524bfcfd4ee,8,Sample English review 5045.
b4130bba-7728-465c-bd83-51e8490a8668,1b7804be-1ecb-4df9-a0ca-dc5686decf4b,aa451009-5df5-4e3e-bce7-7ad1ac26b289,6,Sample English review 5046.
ebafc83b-005d-4f20-b7dd-d8ff727764e6,1b7804be-1ecb-4df9-a0ca-dc5686decf4b,2c417aef-cf61-4d18-ae06-06ba2317f36f,8,Sample English review 5047.
70603a10-c2b4-4ae2-a1e9-1c63e78308c0,1b7804be-1ecb-4df9-a0ca-dc5686decf4b,1f2f5550-69ee-4ec3-82d2-d6cf2d0fc05c,5,Sample English review 5048.
5f887a32-7522-4965-abcd-e6c423050183,65c8f404-2f75-42e5-a42b-f5c5963562bf,0eda6729-995b-43a0-9a17-b89035543c47,3,Sample English review 5049.
4595ac70-bbd0-4b91-8561-14f916b98dcb,65c8f404-2f75-42e5-a42b-f5c5963562bf,1b7592f5-0e3c-4c80-b5a2-4bd6f1157cba,10,Sample English review 5050.
9627c8bb-53d5-43f2-bba6-8f8e284bb436,65c8f404-2f75-42e5-a42b-f5c5963562bf,9008a579-51a2-4cde-80db-8e277bfd15c0,3,Sample English review 5051.
7502669d-fb9f-4422-9d82-7cdd881982f0,65c8f404-2f75-42e5-a42b-f5c5963562bf,ecab2181-cb9d-42f7-b110-65986cef6204,1,Sample English review 5052.
bcebb039-182a-45b4-8383-9e0512e245a2,65c8f404-2f75-42e5-a42b-f5c5963562bf,3844a965-19f9-41ec-9515-28393113f8c8,4,Sample English review 5053.
e86be550-7842-4822-8abc-b5555569e1e1,65c8f404-2f75-42e5-a42b-f5c5963562bf,979d4dea-2a55-46c2-a9d1-95d1bd7fab87,2,Sample English review 5054.
e92f7da6-229f-435c-9333-a1440627e0c7,65c8f404-2f75-42e5-a42b-f5c5963562bf,cf58157c-eee8-4cb1-af62-820e7aadb847,6,
2c6910b1-674e-4b62-8e05-6e0866723009,65c8f404-2f75-42e5-a42b-f5c5963562bf,6d0ed363-2c1a-43f7-958a-0e0cb6ea3e49,10,
3d945acc-6f92-4a34-822f-5bd8b95c099c,65c8f404-2f75-42e5-a42b-f5c5963562bf,09876245-335b-4ddd-bdbf-a33e23abc2fb,6,Sample English review 5057.
b0a79833-c5f6-4f0f-9bd5-ca5e8f1e55d1,65c8f404-2f75-42e5-a42b-f5c5963562bf,62531f1e-00a6-4fce-ab03-320c8c0852e8,1,Sample English review 5058.
2b445ef5-4319-4c81-9433-fa6a851aed58,65c8f404-2f75-42e5-a42b-f5c5963562bf,1b3bae68-e409-4055-a2c3-d5f42604c9b1,1,
f7520fa5-9458-4a91-a66c-4f9919e40287,65c8f404-2f75-42e5-a42b-f5c5963562bf,009bae3f-9085-415e-81bf-b86503fa9115,3,Sample English review 5060.
b136aa87-b9c3-40ac-a5f1-cfe5edeeda67,c481bf97-2a4c-429a-b6bd-43a2ad079b6c,21bf0f34-fea3-4cb9-b9a7-94e72ffacc8a,8,Sample English review 5061.
ef3d0173-01ac-456a-a108-13ddc71a57b8,c481bf97-2a4c-429a-b6bd-43a2ad079b6c,47632200-a702-4992-9f11-020d87c3aaed,7,
03abaadb-9777-4612-a06f-34096f7415b2,c481bf97-2a4c-429a-b6bd-43a2ad079b6c,b3bb325c-6f93-4946-9d94-ca835b5be056,10,Sample English review 5063.
cb80c5fa-a016-4ebf-91a9-8d505fc39638,c481bf97-2a4c-429a-b6bd-43a2ad079b6c,e9774607-8354-4ac8-adcf-f72a1716c51b,8,Sample English review 5064.
26768f2f-54bf-440d-be0a-b1cd1eac2a66,23862efd-d9f5-4970-91cf-0d7707dee6bf,427354fb-8736-4fd4-9ea1-30b98d1974e7,8,
57f92636-c988-4143-b058-c8a6bb36ba93,23862efd-d9f5-4970-91cf-0d7707dee6bf,1b7592f5-0e3c-4c80-b5a2-4bd6f1157cba,6,
03432d91-2519-43c4-9b71-bf4a75626900,23862efd-d9f5-4970-91cf-0d7707dee6bf,2c417aef-cf61-4d18-ae06-06ba2317f36f,8,
44cc0ab7-cec8-4380-a17f-e9ca6d10886f,23862efd-d9f5-4970-91cf-0d7707dee6bf,8a99736e-dad6-489d-aa46-0ee02356e5fe,10,Sample English review 5068.
3e349cbb-d938-4be5-8a67-56abe6fd2160,23862efd-d9f5-4970-91cf-0d7707dee6bf,2d56957e-9087-4750-8598-9d99f1933845,8,
c609a834-c12c-4f23-91ef-9b9852a3f44a,23862efd-d9f5-4970-91cf-0d7707dee6bf,6358f21d-d22d-4f6c-b15e-7a1b7ba90800,5,Sample English review 5070.
75133bab-9786-491b-bac2-e06413c4d527,23862efd-d9f5-4970-91cf-0d7707dee6bf,09876245-335b-4ddd-bdbf-a33e23abc2fb,7,Sample English review 5071.
d72de9a3-a748-412e-a7df-e9f5eed19a89,23862efd-d9f5-4970-91cf-0d7707dee6bf,f4fa3e26-130b-42f5-8e08-2d4f884e080d,5,Sample English review 5072.
80782879-f703-45ed-8496-4dd14f701fd7,23862efd-d9f5-4970-91cf-0d7707dee6bf,979d4dea-2a55-46c2-a9d1-95d1bd7fab87,7,Sample English review 5073.
071b1e76-2732-4241-b145-bc43172b6dd6,23862efd-d9f5-4970-91cf-0d7707dee6bf,1afd4484-49c1-4870-b60c-c754c4ce04d0,1,Sample English review 5074.
8f85570f-1dda-445e-80ce-533d53dead5c,23862efd-d9f5-4970-91cf-0d7707dee6bf,34e41375-9db2-4e92-9f7d-76f36353f4e6,7,Sample English review 5075.
0118e98c-39ab-4606-894c-8c409b8f0797,23862efd-d9f5-4970-91cf-0d7707dee6bf,502dde18-86e1-4b5c-88c2-8010d067ede7,4,Sample English review 5076.
2990712d-e5d2-4b43-a017-2b5b606cb26b,23862efd-d9f5-4970-91cf-0d7707dee6bf,47aa0eb4-151b-4307-b50f-cdd5a44970fd,3,Sample English review 5077.
91bf81c4-78ae-417d-af21-b108f964c38e,23862efd-d9f5-4970-91cf-0d7707dee6bf,425035ef-0093-422c-a760-2740c95f4457,10,Sample English review 5078.
f5440928-30ef-47b1-a7d7-ec5dbf3d7280,23862efd-d9f5-4970-91cf-0d7707dee6bf,33875037-f579-42ed-8aba-818a640c90d9,6,
f2e4d6bb-9647-4518-b654-2dabb9c0316a,23862efd-d9f5-4970-91cf-0d7707dee6bf,7c08735f-311c-4060-9637-87bee6bf9673,4,Sample English review 5080.
b3ff9a95-3f45-449e-858f-26f60681c48c,23862efd-d9f5-4970-91cf-0d7707dee6bf,9dae46b7-7f1a-4d67-b808-9e9c1b622d6c,1,Sample English review 5081.
08930491-31e6-495e-a9a5-c889fe4c35bd,23862efd-d9f5-4970-91cf-0d7707dee6bf,3c16d474-f898-4cfe-b924-7c38bea20d5c,8,Sample English review 5082.
c932b550-240b-4994-ba30-9ecba0b948d8,9ed510ee-e991-4af7-81ae-0024dd70e7da,8a99736e-dad6-489d-aa46-0ee02356e5fe,9,Sample English review 5083.
82f49fb7-07be-441a-b538-ca9e5f6f71b0,9ed510ee-e991-4af7-81ae-0024dd70e7da,9c0da375-3d5a-4608-b8c7-9e36139d6c33,1,Sample English review 5084.
a4d5ff16-d898-41ce-9e88-fc28c7f6b9e4,9ed510ee-e991-4af7-81ae-0024dd70e7da,24ce7888-3716-43b8-9d28-4239e17abe25,3,
4101514e-20c8-4248-a39b-78a8aee11a83,9ed510ee-e991-4af7-81ae-0024dd70e7da,b51a7d8d-dbc7-426e-9013-dd2124a444bb,9,Sample English review 5086.
b1d6feff-0055-4b2d-b91c-c3f9d9b8d25e,9ed510ee-e991-4af7-81ae-0024dd70e7da,1b7592f5-0e3c-4c80-b5a2-4bd6f1157cba,8,Sample English review 5087.
1eb729e9-4e5a-4895-901f-b2cdcbe16cdd,9ed510ee-e991-4af7-81ae-0024dd70e7da,3ea805cf-d96a-4098-9682-f85f57267e43,9,Sample English review 5088.
fe96001f-a2cd-4979-a4ea-efe157beff52,9ed510ee-e991-4af7-81ae-0024dd70e7da,7c01f309-b5b4-4962-843f-9698ce3ede17,3,Sample English review 5089.
5e6ee231-be99-4898-b545-a8433ce24b9b,9ed510ee-e991-4af7-81ae-0024dd70e7da,2fd567ca-8efe-4948-bebd-a1a56f976d42,8,
696b2775-2814-4748-9d87-f96fd05514eb,9ed510ee-e991-4af7-81ae-0024dd70e7da,23855b90-cb3b-4533-a756-bab9bb81426e,8,Sample English review 5091.
e2d147fc-d93e-4fbe-8302-267692969c88,9ed510ee-e991-4af7-81ae-0024dd70e7da,62531f1e-00a6-4fce-ab03-320c8c0852e8,4,Sample English review 5092.
9ea4519d-3605-40d6-ae24-b3d911ec9b82,9ed510ee-e991-4af7-81ae-0024dd70e7da,ecab2181-cb9d-42f7-b110-65986cef6204,9,
b120679b-ff14-4b35-8b7d-f2c31f349664,9ed510ee-e991-4af7-81ae-0024dd70e7da,ebaef81b-0f73-4e06-bb20-5ef173be29af,1,Sample English review 5094.
e72cd848-68b1-4170-8ece-a001aa861ea3,9ed510ee-e991-4af7-81ae-0024dd70e7da,7c08735f-311c-4060-9637-87bee6bf9673,5,
b33e0a8f-8256-4f15-8ef2-0f30629f15ee,9ed510ee-e991-4af7-81ae-0024dd70e7da,3e78c42e-79c6-46a5-84ba-afca64de824b,5,Sample English review 5096.
e8018313-4556-40d1-a788-ba3f97ab5b02,9ed510ee-e991-4af7-81ae-0024dd70e7da,cf58157c-eee8-4cb1-af62-820e7aadb847,9,
295c68f7-8d2b-491c-9de3-3fece1a4f264,9ed510ee-e991-4af7-81ae-0024dd70e7da,0db8d5e2-1888-4d9f-a451-2f6e2a3e0f7d,1,Sample English review 5098.
4867d3e2-2414-433f-a034-368858082636,eeb66d39-34b7-4974-83a8-f099e67292b1,b51a7d8d-dbc7-426e-9013-dd2124a444bb,7,
8292b4f0-9ad2-42f5-a4f4-7ff777a13494,eeb66d39-34b7-4974-83a8-f099e67292b1,502dde18-86e1-4b5c-88c2-8010d067ede7,8,Sample English review 5100.
ed4165ed-8838-4144-bbae-39e05cd4fddd,eeb66d39-34b7-4974-83a8-f099e67292b1,c3820118-4994-4049-8719-6d71466870fe,10,
b7bed334-3a18-4415-bc4a-e1845e378e40,eeb66d39-34b7-4974-83a8-f099e67292b1,e9774607-8354-4ac8-adcf-f72a1716c51b,6,Sample English review 5102.
cb43f7e9-becc-4018-beee-1ccfac34df8a,eeb66d39-34b7-4974-83a8-f099e67292b1,08c2602d-87d3-4851-b7fb-2bad244b5357,4,Sample English review 5103.
50e3c573-ca7f-4e3b-a373-aef935390326,eeb66d39-34b7-4974-83a8-f099e67292b1,1b7592f5-0e3c-4c80-b5a2-4bd6f1157cba,7,
ec3065d2-ae49-4c36-8a3f-5d69707ea560,eeb66d39-34b7-4974-83a8-f099e67292b1,7338dd63-a1d1-4e74-9759-cd17bae3c0d8,6,
d47c524b-0212-407d-9913-e271d5b14bad,eeb66d39-34b7-4974-83a8-f099e67292b1,ac393398-9266-4f9c-8a2d-d14ae2aa114e,5,
b2c2602c-7999-4e4a-9fbc-e48c96bc4422,eeb66d39-34b7-4974-83a8-f099e67292b1,677a4d7a-ae9b-4bdb-a72f-67f73eba99c7,7,Sample English review 5107.
ee6acbb4-bdcd-4cf1-8eab-f32137bdf4d9,eeb66d39-34b7-4974-83a8-f099e67292b1,f9a7e8ba-2326-4fd7-b228-98060197c4f6,2,
1102369d-086b-4238-8b17-a58c3b6e2916,554b6dbd-db36-442e-af84-31a680681e84,47aa0eb4-151b-4307-b50f-cdd5a44970fd,10,
6027d270-f821-4cbf-8a36-dcff9a883c41,554b6dbd-db36-442e-af84-31a680681e84,f4fa3e26-130b-42f5-8e08-2d4f884e080d,3,Sample English review 5110.
164d7fe2-928c-4dfe-8896-ccb39f4e7bec,554b6dbd-db36-442e-af84-31a680681e84,2752b069-f76a-4957-8807-6237a31f6d2c,1,
a7108456-8491-4e7b-bc25-5b4f2dcc7d79,554b6dbd-db36-442e-af84-31a680681e84,ac17d6c1-f9a9-42be-9c29-6670939d8d5e,6,Sample English review 5112.
3945d7bd-e739-4e98-ab76-d4ac4a74dc61,554b6dbd-db36-442e-af84-31a680681e84,62531f1e-00a6-4fce-ab03-320c8c0852e8,9,Sample English review 5113.
ab651a90-6043-43e3-b196-c77cd9b52c87,3586e5d3-9ba4-45da-8a3e-0f6d7717f64b,fd530ba8-7ae3-47c6-b384-a6b01df494cb,9,Sample English review 5114.
30d08c76-11bd-4971-93f5-0e14fa912bb3,3586e5d3-9ba4-45da-8a3e-0f6d7717f64b,33b5c78e-cad2-4331-b9b9-a38ef8954dec,8,
533efe80-a124-4128-9443-c8bfc94c3be8,3586e5d3-9ba4-45da-8a3e-0f6d7717f64b,0eda6729-995b-43a0-9a17-b89035543c47,10,
ccf900cf-b4d3-41cc-8be7-55c9a0de9fbe,3586e5d3-9ba4-45da-8a3e-0f6d7717f64b,5fb1457b-691f-48fd-aeca-0103d0a88833,3,Sample English review 5117.
dceb131b-c69e-46eb-8188-585eab3337e4,3586e5d3-9ba4-45da-8a3e-0f6d7717f64b,f58f62f8-c6cd-4d19-adce-d4d1da14b149,1,Sample English review 5118.
4f6c5565-46f4-4b40-a843-81a463d4f513,3586e5d3-9ba4-45da-8a3e-0f6d7717f64b,09901650-fe76-4f18-9bf9-e24256f4909e,1,
a591039c-f3ed-47d6-9006-b3e078f4da6b,3586e5d3-9ba4-45da-8a3e-0f6d7717f64b,1f2f5550-69ee-4ec3-82d2-d6cf2d0fc05c,2,Sample English review 5120.
d5eb860c-7af5-41b9-bb03-608a9cc3452d,3586e5d3-9ba4-45da-8a3e-0f6d7717f64b,f9a7e8ba-2326-4fd7-b228-98060197c4f6,10,Sample English review 5121.
ae4cff91-cbde-40d2-ad6a-fcc2c2162983,3586e5d3-9ba4-45da-8a3e-0f6d7717f64b,47632200-a702-4992-9f11-020d87c3aaed,9,Sample English review 5122.
64506831-f947-480e-8870-40acda1777b5,3586e5d3-9ba4-45da-8a3e-0f6d7717f64b,69a62e24-d225-4d89-94b5-ae7f906b57dc,9,Sample English review 5123.
3c06a86f-3829-42ca-97fb-7e2694c3d477,3586e5d3-9ba4-45da-8a3e-0f6d7717f64b,34e41375-9db2-4e92-9f7d-76f36353f4e6,5,Sample English review 5124.
219bf82c-8899-4961-92f1-2adccfbda869,aff0c948-249c-4110-8e2c-4e04da8cecb1,7338dd63-a1d1-4e74-9759-cd17bae3c0d8,3,
8fe83dc5-ed8d-4cca-8abe-9c6d91e5090a,aff0c948-249c-4110-8e2c-4e04da8cecb1,d3206088-b25a-455a-9323-1c8d5829b0b0,4,Sample English review 5126.
d9506507-bf8d-4f30-9bea-75c793128260,aff0c948-249c-4110-8e2c-4e04da8cecb1,47632200-a702-4992-9f11-020d87c3aaed,7,Sample English review 5127.
8e585346-ced7-45b2-855a-bc31c0eee1ce,aff0c948-249c-4110-8e2c-4e04da8cecb1,f9a7e8ba-2326-4fd7-b228-98060197c4f6,7,Sample English review 5128.
a49f0d83-f4ce-4378-b563-cf85f364039c,aff0c948-249c-4110-8e2c-4e04da8cecb1,6358f21d-d22d-4f6c-b15e-7a1b7ba90800,7,Sample English review 5129.
96d7d415-3741-42e9-b633-2996530a2923,aff0c948-249c-4110-8e2c-4e04da8cecb1,a3128f74-4fcf-4cae-b2db-d585516780d1,4,
e80c9065-a4e4-46cb-b819-7319425e8e27,aff0c948-249c-4110-8e2c-4e04da8cecb1,ac393398-9266-4f9c-8a2d-d14ae2aa114e,10,
d4faff5b-9eda-4456-b227-8d06382e965d,aff0c948-249c-4110-8e2c-4e04da8cecb1,7bd0bc4e-e14f-4f46-8e8b-d015a6b4ebc1,9,Sample English review 5132.
bd6fee47-9249-46da-a0af-4f54dc89287b,aff0c948-249c-4110-8e2c-4e04da8cecb1,3e78c42e-79c6-46a5-84ba-afca64de824b,5,Sample English review 5133.
fb5027b0-aebd-4661-bab3-bea1b00617d0,61501774-6e7f-4e8b-af20-63f7ac98b0f8,f9a7e8ba-2326-4fd7-b228-98060197c4f6,7,
f6a397ff-c081-4ac3-ab43-1e024f91e490,61501774-6e7f-4e8b-af20-63f7ac98b0f8,d3206088-b25a-455a-9323-1c8d5829b0b0,1,
b0c79819-f292-44bd-a0bc-4df471aecf23,61501774-6e7f-4e8b-af20-63f7ac98b0f8,dac8e4dd-9f17-46ef-9865-5e025b74bf9a,7,Sample English review 5136.
f2d09b74-88cf-4d5a-b74d-10ccb9d15ffc,61501774-6e7f-4e8b-af20-63f7ac98b0f8,47ae8c16-2d72-4c6b-8a12-3dac47db6ed7,8,Sample English review 5137.
0e1c6a42-0ab5-45c5-b6d9-bc20c9c90756,61501774-6e7f-4e8b-af20-63f7ac98b0f8,8ff07004-cedb-4c53-a5dd-a034c6073f8e,7,Sample English review 5138.
df160862-9d9c-4f01-9c26-ed09b0080d94,61501774-6e7f-4e8b-af20-63f7ac98b0f8,a3128f74-4fcf-4cae-b2db-d585516780d1,2,
de298a1b-e81d-452c-a10f-b207224d16d3,61501774-6e7f-4e8b-af20-63f7ac98b0f8,2c417aef-cf61-4d18-ae06-06ba2317f36f,1,Sample English review 5140.
2a577c65-23ec-4a50-9d93-6debd3d08e14,61501774-6e7f-4e8b-af20-63f7ac98b0f8,cf58157c-eee8-4cb1-af62-820e7aadb847,5,
02421c8c-c4a1-4fd0-ae3f-7f000f5d0964,61501774-6e7f-4e8b-af20-63f7ac98b0f8,502dde18-86e1-4b5c-88c2-8010d067ede7,3,
5df005ed-1dca-4c88-92be-f5b4b884dacc,61501774-6e7f-4e8b-af20-63f7ac98b0f8,85bbf311-5929-482a-a259-21f783c36c59,10,
771bf952-c5ee-4f31-af44-6bbb25d3b394,61501774-6e7f-4e8b-af20-63f7ac98b0f8,7bd0bc4e-e14f-4f46-8e8b-d015a6b4ebc1,3,Sample English review 5144.
c3ca5d36-ff44-4963-9218-ba67d2c3249c,61501774-6e7f-4e8b-af20-63f7ac98b0f8,9c0da375-3d5a-4608-b8c7-9e36139d6c33,7,Sample English review 5145.
01ddd7ac-20fe-48af-8d84-f9f3ac6482be,61501774-6e7f-4e8b-af20-63f7ac98b0f8,2fd567ca-8efe-4948-bebd-a1a56f976d42,4,Sample English review 5146.
63cfb8b4-853a-467c-9d1b-51c45c120466,61501774-6e7f-4e8b-af20-63f7ac98b0f8,427354fb-8736-4fd4-9ea1-30b98d1974e7,10,Sample English review 5147.
f01ab6d3-ef53-4564-ad71-53f4ca024c30,61501774-6e7f-4e8b-af20-63f7ac98b0f8,138aca2e-a48d-46a6-ac06-c902efe4fd18,4,Sample English review 5148.
2e2aceb0-0d72-428c-814c-9da59894dc65,61501774-6e7f-4e8b-af20-63f7ac98b0f8,47aa0eb4-151b-4307-b50f-cdd5a44970fd,2,Sample English review 5149.
643b5ff6-9669-4e92-acd5-8be9b62c6026,61501774-6e7f-4e8b-af20-63f7ac98b0f8,6358f21d-d22d-4f6c-b15e-7a1b7ba90800,3,
005c853c-978b-416f-96d3-ef8adad67291,61501774-6e7f-4e8b-af20-63f7ac98b0f8,5fb1457b-691f-48fd-aeca-0103d0a88833,1,Sample English review 5151.
317b335f-45c9-481f-bfbc-4b682cd51718,61501774-6e7f-4e8b-af20-63f7ac98b0f8,67021090-97c3-44f2-82ed-cf5f65828f38,4,
e702690d-0625-4127-b89b-03f18cb19d8e,147667ce-4dff-4008-959c-4b1926e097aa,aa451009-5df5-4e3e-bce7-7ad1ac26b289,9,Sample English review 5153.
44eeb02b-0e85-49e2-bb82-1e04445329c6,147667ce-4dff-4008-959c-4b1926e097aa,6dc440b0-7d0d-4e8c-8dfa-aacb16c25536,5,Sample English review 5154.
3d16c372-0092-4849-864a-5d6981a88667,147667ce-4dff-4008-959c-4b1926e097aa,009bae3f-9085-415e-81bf-b86503fa9115,3,Sample English review 5155.
22290a67-d21a-4556-b397-90e55254bd6d,147667ce-4dff-4008-959c-4b1926e097aa,3c16d474-f898-4cfe-b924-7c38bea20d5c,8,Sample English review 5156.
70bf67f2-c82b-4a33-a75c-a0d646694855,147667ce-4dff-4008-959c-4b1926e097aa,8a99736e-dad6-489d-aa46-0ee02356e5fe,9,Sample English review 5157.
74ab5b25-ec17-4fc9-84ab-cc1507f30fad,147667ce-4dff-4008-959c-4b1926e097aa,d9b9480a-a1e4-49d4-b8b5-a28a761924b7,3,Sample English review 5158.
4193d587-cbd7-4511-8590-5f00a5ab12ec,147667ce-4dff-4008-959c-4b1926e097aa,09901650-fe76-4f18-9bf9-e24256f4909e,2,Sample English review 5159.
38fa6b5b-2df5-4cd4-a492-5e997b44520c,147667ce-4dff-4008-959c-4b1926e097aa,427354fb-8736-4fd4-9ea1-30b98d1974e7,4,Sample English review 5160.
26a761f8-1cd6-47b8-a613-7e4648172f4a,147667ce-4dff-4008-959c-4b1926e097aa,4072477a-0e21-47ca-9a86-73f662b98398,6,
0edf0874-67f5-4363-b268-25eb4b775550,147667ce-4dff-4008-959c-4b1926e097aa,d01b25df-fe4a-4617-b8b9-ee0c60db6556,6,Sample English review 5162.
226b2899-9bd5-4686-81a5-145ba76518f3,147667ce-4dff-4008-959c-4b1926e097aa,2d56957e-9087-4750-8598-9d99f1933845,5,Sample English review 5163.
7f488e4c-6e47-49f3-865d-1fbb5b52ce81,147667ce-4dff-4008-959c-4b1926e097aa,6c34f6f7-2682-4513-951e-96f325e7eb19,1,Sample English review 5164.
6693f9c3-26a8-43f6-8e5b-9282b3ea9ab0,147667ce-4dff-4008-959c-4b1926e097aa,708f4f48-f883-4f49-97ee-2c0a91c249de,7,Sample English review 5165.
866dd8b8-bc52-4507-852c-59e7580f81ec,df853b31-2ad5-4949-b24f-5abaf965e1c5,9b151d62-177e-4736-b8e5-6cf69170f9dc,7,Sample English review 5166.
57db7548-6627-4de3-b7c5-55d0ad6287f9,df853b31-2ad5-4949-b24f-5abaf965e1c5,0eda6729-995b-43a0-9a17-b89035543c47,7,Sample English review 5167.
e6871574-39fb-427d-89f7-9394f57d9f6f,df853b31-2ad5-4949-b24f-5abaf965e1c5,2c417aef-cf61-4d18-ae06-06ba2317f36f,6,Sample English review 5168.
648a8b68-1085-46ba-af8d-a2c15721ea45,df853b31-2ad5-4949-b24f-5abaf965e1c5,7bd0bc4e-e14f-4f46-8e8b-d015a6b4ebc1,2,Sample English review 5169.
45fa3d07-e4d2-4f58-805a-aabed08b025d,4198a65b-038b-4423-8a6f-94db8b008fd4,5e77bfad-cca1-40e3-9460-368c94829eed,3,Sample English review 5170.
911e3e8f-4e9f-4419-8933-361a43eb02c6,4198a65b-038b-4423-8a6f-94db8b008fd4,d51ce7b5-dd79-4d62-93c4-4a7cff3d22e3,8,
2c3e1df1-b257-4dd6-ac18-e7c8ee4b189e,4198a65b-038b-4423-8a6f-94db8b008fd4,f4fa3e26-130b-42f5-8e08-2d4f884e080d,10,Sample English review 5172.
b93efb80-1645-4db9-b89f-fd810334e185,4198a65b-038b-4423-8a6f-94db8b008fd4,8ff07004-cedb-4c53-a5dd-a034c6073f8e,5,Sample English review 5173.
3f8f0c8b-7065-4ffc-8368-755e656fa169,4198a65b-038b-4423-8a6f-94db8b008fd4,47aa0eb4-151b-4307-b50f-cdd5a44970fd,5,Sample English review 5174.
19094021-4c45-4705-af97-9fadfadf2a6b,4198a65b-038b-4423-8a6f-94db8b008fd4,9b151d62-177e-4736-b8e5-6cf69170f9dc,10,
aee0efa4-89c1-446b-ad16-1126499a91ef,4198a65b-038b-4423-8a6f-94db8b008fd4,afc8c392-95b3-4506-8d6c-719f96692939,10,
57f2e8f3-1dd7-4ea2-aebd-198edca03f2f,4198a65b-038b-4423-8a6f-94db8b008fd4,09dc474c-41e1-47c7-bd11-8bcc61aba3cc,2,Sample English review 5177.
f6315630-d678-4a64-9dfa-f6576841d1a4,4198a65b-038b-4423-8a6f-94db8b008fd4,5597d267-e508-4a43-8244-f8ec9fdecae4,7,Sample English review 5178.
88f1eb9c-9d6f-4df0-93ab-f123697e7cd7,4198a65b-038b-4423-8a6f-94db8b008fd4,7c01f309-b5b4-4962-843f-9698ce3ede17,6,Sample English review 5179.
e47f988a-806b-49b7-b528-6b652abe5f05,6288cdb5-886c-4170-8417-e8e8e206eb88,fd530ba8-7ae3-47c6-b384-a6b01df494cb,1,
4305fdb3-bc4d-4656-8654-0c17431582d6,6288cdb5-886c-4170-8417-e8e8e206eb88,f9a7e8ba-2326-4fd7-b228-98060197c4f6,2,Sample English review 5181.
8e70f54b-645a-4329-94b0-36d01cad89a2,6288cdb5-886c-4170-8417-e8e8e206eb88,f4fa3e26-130b-42f5-8e08-2d4f884e080d,3,
346e2a1d-e4f0-4562-ae2a-24bbd0a9ce73,6288cdb5-886c-4170-8417-e8e8e206eb88,e994bf32-d050-4e52-b334-5b6074b2a959,10,Sample English review 5183.
a3c7e8c0-4c01-4bea-b3ce-983ad06d23af,6288cdb5-886c-4170-8417-e8e8e206eb88,e52406b3-6af5-42dc-a087-fe3f73c2cb30,2,Sample English review 5184.
970b6cec-0369-4268-92d8-3db306405e5d,6288cdb5-886c-4170-8417-e8e8e206eb88,69a62e24-d225-4d89-94b5-ae7f906b57dc,3,
223c0ef7-8ac0-4776-b2a2-788e92a631f5,6288cdb5-886c-4170-8417-e8e8e206eb88,7338dd63-a1d1-4e74-9759-cd17bae3c0d8,9,Sample English review 5186.
2f9cc385-6b39-470c-97f2-c5f667b66d03,6288cdb5-886c-4170-8417-e8e8e206eb88,81d5edb0-d9b4-4d01-968c-8eda5f5b6a03,6,Sample English review 5187.
55651f89-4937-4c06-b83c-1dea5a3a4462,6288cdb5-886c-4170-8417-e8e8e206eb88,dac8e4dd-9f17-46ef-9865-5e025b74bf9a,10,Sample English review 5188.
5d4b8832-7da8-47b4-8335-ff8af5751a21,6288cdb5-886c-4170-8417-e8e8e206eb88,21bf0f34-fea3-4cb9-b9a7-94e72ffacc8a,7,
8e328be0-0115-47e6-b610-6c77d6d73a96,6288cdb5-886c-4170-8417-e8e8e206eb88,3ea805cf-d96a-4098-9682-f85f57267e43,2,Sample English review 5190.
953f5989-575e-4ee6-aa5a-4169aa7cb91b,6288cdb5-886c-4170-8417-e8e8e206eb88,9008a579-51a2-4cde-80db-8e277bfd15c0,7,Sample English review 5191.
6566b56c-b16d-4f0e-9662-87c706ac8017,6288cdb5-886c-4170-8417-e8e8e206eb88,cf58157c-eee8-4cb1-af62-820e7aadb847,8,
c5ce59db-0f25-48c2-8364-db1e5eb680db,6288cdb5-886c-4170-8417-e8e8e206eb88,f58f62f8-c6cd-4d19-adce-d4d1da14b149,9,Sample English review 5193.
6511007b-d053-4d65-9d6d-71df9a1ac67c,6288cdb5-886c-4170-8417-e8e8e206eb88,33b5c78e-cad2-4331-b9b9-a38ef8954dec,3,
fc549c0f-1368-4576-a9c6-89fdd7ef6c8d,6288cdb5-886c-4170-8417-e8e8e206eb88,ecab2181-cb9d-42f7-b110-65986cef6204,10,Sample English review 5195.
e657a372-4f7e-48f8-b79c-ddac6e72552a,6288cdb5-886c-4170-8417-e8e8e206eb88,1b7592f5-0e3c-4c80-b5a2-4bd6f1157cba,7,Sample English review 5196.
34f96fbe-62ee-4e13-a258-72e56be806b1,6288cdb5-886c-4170-8417-e8e8e206eb88,4edba6e8-c8d9-4fe2-a682-124b91f87604,6,
ee5bf82b-ca0d-4feb-a4ee-5371bdbeefdc,42188238-4fe2-4adb-8562-6d612f3324b7,cb55c939-b208-4183-9cac-dc086cdad4ea,4,Sample English review 5198.
5367edcf-2596-4083-97dd-8444774c4adb,42188238-4fe2-4adb-8562-6d612f3324b7,3ea805cf-d96a-4098-9682-f85f57267e43,4,Sample English review 5199.
00a0be63-2d96-460f-b06b-a8fa330f6a73,42188238-4fe2-4adb-8562-6d612f3324b7,4edba6e8-c8d9-4fe2-a682-124b91f87604,9,Sample English review 5200.
d0d5db16-739f-4ba5-8539-815f6f8d39ac,42188238-4fe2-4adb-8562-6d612f3324b7,81d5edb0-d9b4-4d01-968c-8eda5f5b6a03,7,Sample English review 5201.
3dc23906-9f17-41ae-9b00-8410bbae92a1,42188238-4fe2-4adb-8562-6d612f3324b7,1444ba20-39ac-43a5-bccc-1cc41c2f03b1,10,
c0d75cba-565a-40e0-a472-3562cf844662,42188238-4fe2-4adb-8562-6d612f3324b7,6dc440b0-7d0d-4e8c-8dfa-aacb16c25536,9,
d1fd4d0c-435b-44f9-9af0-efbbf5166759,42188238-4fe2-4adb-8562-6d612f3324b7,cf58157c-eee8-4cb1-af62-820e7aadb847,10,Sample English review 5204.
96e5169e-289e-4bc1-9043-74501d63c77a,42188238-4fe2-4adb-8562-6d612f3324b7,ebaef81b-0f73-4e06-bb20-5ef173be29af,4,Sample English review 5205.
52603fdf-b1fd-4a05-86ff-5f3d03933ca9,42188238-4fe2-4adb-8562-6d612f3324b7,425035ef-0093-422c-a760-2740c95f4457,4,Sample English review 5206.
08be6b80-d27f-401c-8179-0414d16027d7,42188238-4fe2-4adb-8562-6d612f3324b7,6c34f6f7-2682-4513-951e-96f325e7eb19,7,Sample English review 5207.
2946f7b9-a792-4e4d-9c87-191787a118c3,42188238-4fe2-4adb-8562-6d612f3324b7,009bae3f-9085-415e-81bf-b86503fa9115,1,Sample English review 5208.
495ebdea-6a18-4034-a0be-f95821a0618b,42188238-4fe2-4adb-8562-6d612f3324b7,ecdbf5f6-ea6e-48ad-8cf1-165f8682b135,4,Sample English review 5209.
78451e66-3093-41b3-b336-6d4f3e76e286,42188238-4fe2-4adb-8562-6d612f3324b7,69a62e24-d225-4d89-94b5-ae7f906b57dc,1,Sample English review 5210.
93e307ac-3daa-4e9f-9258-4165a6404f42,42188238-4fe2-4adb-8562-6d612f3324b7,f4fa3e26-130b-42f5-8e08-2d4f884e080d,1,
e53c0ec9-d962-4339-b9ca-4992df67c0aa,42188238-4fe2-4adb-8562-6d612f3324b7,74429405-c801-4e71-87cd-1d726e8cd8f7,7,
a881daff-32a8-456f-aadb-bfc0aacb61fb,42188238-4fe2-4adb-8562-6d612f3324b7,99f6f5c3-1cb9-4fe1-ab1a-aa9c1d16dbd0,8,
dad4e430-eae8-4dca-9e99-484066ee4ac2,5ab2cd3a-95ec-4308-9c65-939ca953ca89,b3bb325c-6f93-4946-9d94-ca835b5be056,6,
3b7bdff6-5a2b-4190-84c4-520e0f1af9e4,5ab2cd3a-95ec-4308-9c65-939ca953ca89,67021090-97c3-44f2-82ed-cf5f65828f38,2,Sample English review 5215.
c2b904a8-c000-4f22-8510-976af40f5992,5ab2cd3a-95ec-4308-9c65-939ca953ca89,81d5edb0-d9b4-4d01-968c-8eda5f5b6a03,5,
b5a83857-1d10-4b3e-a479-9218fa1609b9,5ab2cd3a-95ec-4308-9c65-939ca953ca89,979d4dea-2a55-46c2-a9d1-95d1bd7fab87,8,Sample English review 5217.
15866c6c-2772-4870-9a96-7baea10304fa,5ab2cd3a-95ec-4308-9c65-939ca953ca89,c3820118-4994-4049-8719-6d71466870fe,6,Sample English review 5218.
457d060e-78ad-4823-96fc-d0bbaa67c854,5ab2cd3a-95ec-4308-9c65-939ca953ca89,e9774607-8354-4ac8-adcf-f72a1716c51b,7,Sample English review 5219.
65a7f3f6-c2f8-41e4-b119-5b8b338a72c8,5ab2cd3a-95ec-4308-9c65-939ca953ca89,9bc42e46-67c9-447f-be78-4ae50e491d93,7,
2544381b-e48a-4992-8763-fb514dfca8f5,5ab2cd3a-95ec-4308-9c65-939ca953ca89,502dde18-86e1-4b5c-88c2-8010d067ede7,2,Sample English review 5221.
4efed19a-00d2-4d5e-9ade-b8e8d1420d44,5ab2cd3a-95ec-4308-9c65-939ca953ca89,dac8e4dd-9f17-46ef-9865-5e025b74bf9a,6,Sample English review 5222.
4465e4de-0b61-4776-9a9e-06615d64287d,5ab2cd3a-95ec-4308-9c65-939ca953ca89,47aa0eb4-151b-4307-b50f-cdd5a44970fd,2,Sample English review 5223.
7047c4f5-8c55-4f2b-b9ec-986de2e8a8bf,38a4169f-c3fd-47c3-bb97-f408564d5c6b,ccda4639-3814-4892-99ea-7aa00cd42d49,8,Sample English review 5224.
631d5fd8-df18-4151-a5a7-685f930e201c,38a4169f-c3fd-47c3-bb97-f408564d5c6b,21bf0f34-fea3-4cb9-b9a7-94e72ffacc8a,5,Sample English review 5225.
c1800107-d011-42b6-8b27-fdc268f84144,38a4169f-c3fd-47c3-bb97-f408564d5c6b,ac393398-9266-4f9c-8a2d-d14ae2aa114e,4,Sample English review 5226.
7f023940-d976-450a-be6a-4ab0783c8132,38a4169f-c3fd-47c3-bb97-f408564d5c6b,67d8b4ad-4640-43f2-9c53-6b4929f30103,9,Sample English review 5227.
a7010ab6-2e48-4ff0-8ff4-1b16b0ac6bb8,38a4169f-c3fd-47c3-bb97-f408564d5c6b,d9b9480a-a1e4-49d4-b8b5-a28a761924b7,3,Sample English review 5228.
d5eab8f3-3d00-48bb-af5b-42d7a9bb5e39,38a4169f-c3fd-47c3-bb97-f408564d5c6b,77ae4c44-0946-4323-afdc-9932fc01f4c6,8,Sample English review 5229.
cffa5c00-6161-484c-9e12-b2e8ef1890c6,38a4169f-c3fd-47c3-bb97-f408564d5c6b,b3bb325c-6f93-4946-9d94-ca835b5be056,4,
5c104707-0e66-4143-b8af-3fa6602cdd1b,38a4169f-c3fd-47c3-bb97-f408564d5c6b,1afd4484-49c1-4870-b60c-c754c4ce04d0,9,Sample English review 5231.
6bfe053b-5675-4e68-86b5-cf272ca09e86,38a4169f-c3fd-47c3-bb97-f408564d5c6b,0db8d5e2-1888-4d9f-a451-2f6e2a3e0f7d,5,Sample English review 5232.
ffb54479-7f77-4db7-a987-38bd7b7690b1,38a4169f-c3fd-47c3-bb97-f408564d5c6b,f58f62f8-c6cd-4d19-adce-d4d1da14b149,6,Sample English review 5233.
f3b05d5c-2ad1-42a0-9d82-7f3d347b4b45,38a4169f-c3fd-47c3-bb97-f408564d5c6b,afc8c392-95b3-4506-8d6c-719f96692939,5,Sample English review 5234.
c744c740-98d3-466d-95d0-134f4e770e8b,38a4169f-c3fd-47c3-bb97-f408564d5c6b,99f6f5c3-1cb9-4fe1-ab1a-aa9c1d16dbd0,3,
ec11598e-945f-4dba-ae23-a4400fc4102d,38a4169f-c3fd-47c3-bb97-f408564d5c6b,74429405-c801-4e71-87cd-1d726e8cd8f7,10,
ee7ce748-1805-4914-9be4-3d5ccc1ca60f,38a4169f-c3fd-47c3-bb97-f408564d5c6b,fd530ba8-7ae3-47c6-b384-a6b01df494cb,10,Sample English review 5237.
3ae7da1b-10d4-45e5-b247-81757cd5d9ff,38a4169f-c3fd-47c3-bb97-f408564d5c6b,3e78c42e-79c6-46a5-84ba-afca64de824b,6,
4458a6e4-2732-4fae-bb40-c61fb1cc15c4,38a4169f-c3fd-47c3-bb97-f408564d5c6b,9dae46b7-7f1a-4d67-b808-9e9c1b622d6c,7,
5bceaf9c-2e6f-4a26-947a-3593d35eccb1,2cd0890d-e7c4-4155-8aa5-655e3c228d63,6d0ed363-2c1a-43f7-958a-0e0cb6ea3e49,2,Sample English review 5240.
06076cdb-a0aa-40cd-b5e6-e2abc6a4c48c,2cd0890d-e7c4-4155-8aa5-655e3c228d63,979d4dea-2a55-46c2-a9d1-95d1bd7fab87,6,
f3df2e43-161c-47d5-a68e-539a94ac949f,2cd0890d-e7c4-4155-8aa5-655e3c228d63,81de516b-9d80-447a-a5f3-7f542dab2e6f,10,Sample English review 5242.
2f566824-0012-4184-854d-eb3be6d2e439,2cd0890d-e7c4-4155-8aa5-655e3c228d63,0c6967ae-a4d8-4920-9d51-c7d95b61d752,9,Sample English review 5243.
167b2ff7-0999-4c9a-8ab7-db60f31458c3,2cd0890d-e7c4-4155-8aa5-655e3c228d63,2fd567ca-8efe-4948-bebd-a1a56f976d42,4,
88a9b0fb-baf8-4a2a-8666-07c2882700cd,2cd0890d-e7c4-4155-8aa5-655e3c228d63,ecab2181-cb9d-42f7-b110-65986cef6204,7,
b6ab386a-54ce-45fe-bbe3-67a7034ad891,2cd0890d-e7c4-4155-8aa5-655e3c228d63,1444ba20-39ac-43a5-bccc-1cc41c2f03b1,3,Sample English review 5246.
a00a5f41-4775-4504-a9c2-37f60f65d4a5,2cd0890d-e7c4-4155-8aa5-655e3c228d63,cf58157c-eee8-4cb1-af62-820e7aadb847,10,Sample English review 5247.
c24b2be7-5782-4f05-8942-e04085c3d1ef,2cd0890d-e7c4-4155-8aa5-655e3c228d63,1afd4484-49c1-4870-b60c-c754c4ce04d0,4,Sample English review 5248.
8818f3ac-7f25-44bc-b659-491e3b19fada,2cd0890d-e7c4-4155-8aa5-655e3c228d63,77ae4c44-0946-4323-afdc-9932fc01f4c6,10,Sample English review 5249.
d03966dc-338a-474d-ab44-41f284fc20b0,2cd0890d-e7c4-4155-8aa5-655e3c228d63,1f2f5550-69ee-4ec3-82d2-d6cf2d0fc05c,5,Sample English review 5250.
d566ff46-770a-4264-a013-2d3574289de7,2cd0890d-e7c4-4155-8aa5-655e3c228d63,009bae3f-9085-415e-81bf-b86503fa9115,5,
8c0f7da2-4a38-44e1-a8b6-8ca325e267f6,2cd0890d-e7c4-4155-8aa5-655e3c228d63,c3820118-4994-4049-8719-6d71466870fe,9,Sample English review 5252.
4b6566f5-93db-4542-a778-2b2d186a6b45,2cd0890d-e7c4-4155-8aa5-655e3c228d63,24ce7888-3716-43b8-9d28-4239e17abe25,1,Sample English review 5253.
f1141a7e-7664-44ab-a40d-f8c6828d4d8b,2cd0890d-e7c4-4155-8aa5-655e3c228d63,dac8e4dd-9f17-46ef-9865-5e025b74bf9a,3,Sample English review 5254.
d5226ce9-8e02-4978-89d6-a3b67c139e5f,2cd0890d-e7c4-4155-8aa5-655e3c228d63,2c417aef-cf61-4d18-ae06-06ba2317f36f,9,Sample English review 5255.
80c078d2-db8d-481f-a5e8-255e819905f2,2cd0890d-e7c4-4155-8aa5-655e3c228d63,425035ef-0093-422c-a760-2740c95f4457,8,Sample English review 5256.
9ce7b5dd-f18c-4f44-a741-3ef357b5bb06,2cd0890d-e7c4-4155-8aa5-655e3c228d63,3844a965-19f9-41ec-9515-28393113f8c8,2,Sample English review 5257.
87bf9177-a008-465c-9334-8b00893834ec,2cd0890d-e7c4-4155-8aa5-655e3c228d63,99f8ef2d-c0e8-4290-83a6-b460677b198d,3,Sample English review 5258.
af36aee0-979e-4ba4-90d4-c7ea1f6c4b7a,fbb53244-8a4d-4b7a-a812-c4da8338f7d9,33875037-f579-42ed-8aba-818a640c90d9,4,Sample English review 5259.
efd4ba1a-d2d3-4a20-8582-0a8e17f03418,fbb53244-8a4d-4b7a-a812-c4da8338f7d9,7bd0bc4e-e14f-4f46-8e8b-d015a6b4ebc1,7,
83c69b78-f784-4523-8f70-5f4fdb24eb5d,fbb53244-8a4d-4b7a-a812-c4da8338f7d9,1aa28ea9-5df1-4ce1-a2db-7524bfcfd4ee,9,
71497c37-418e-4240-a0ce-57ae66e5c0fc,fbb53244-8a4d-4b7a-a812-c4da8338f7d9,0c6967ae-a4d8-4920-9d51-c7d95b61d752,5,Sample English review 5262.
10a5db4b-8c9c-4c6b-bf2d-670dac318773,fbb53244-8a4d-4b7a-a812-c4da8338f7d9,5597d267-e508-4a43-8244-f8ec9fdecae4,10,Sample English review 5263.
a1e32d12-7d8a-4298-8853-9cc951bfa6c5,fbb53244-8a4d-4b7a-a812-c4da8338f7d9,ac393398-9266-4f9c-8a2d-d14ae2aa114e,9,
6ce076e4-5ad2-482f-8c9d-01cba0c0757e,fbb53244-8a4d-4b7a-a812-c4da8338f7d9,cb55c939-b208-4183-9cac-dc086cdad4ea,5,
ebae65df-3989-4aac-93f9-77f7a54fccdb,fbb53244-8a4d-4b7a-a812-c4da8338f7d9,5fb1457b-691f-48fd-aeca-0103d0a88833,5,Sample English review 5266.
89a74e96-515f-49a2-bf07-0612227a181f,fbb53244-8a4d-4b7a-a812-c4da8338f7d9,7338dd63-a1d1-4e74-9759-cd17bae3c0d8,2,Sample English review 5267.
70871fc3-de04-4ad5-a6b4-c95cefffd58d,fbb53244-8a4d-4b7a-a812-c4da8338f7d9,8ff07004-cedb-4c53-a5dd-a034c6073f8e,7,Sample English review 5268.
e7d7dcc6-8358-4a9e-80eb-95b22aba65a3,fbb53244-8a4d-4b7a-a812-c4da8338f7d9,69a62e24-d225-4d89-94b5-ae7f906b57dc,5,Sample English review 5269.
2984a866-84e0-474f-9414-a7e3cb5ddde1,fbb53244-8a4d-4b7a-a812-c4da8338f7d9,34e41375-9db2-4e92-9f7d-76f36353f4e6,10,
9ab33226-905d-449e-acbd-acfc79938017,fbb53244-8a4d-4b7a-a812-c4da8338f7d9,1444ba20-39ac-43a5-bccc-1cc41c2f03b1,6,Sample English review 5271.
04778cc8-9e86-4f0b-9ef6-c20f9b322e6a,fbb53244-8a4d-4b7a-a812-c4da8338f7d9,d01b25df-fe4a-4617-b8b9-ee0c60db6556,7,Sample English review 5272.
e85f4ad2-3568-4714-aba4-91fc5e7c6614,fbb53244-8a4d-4b7a-a812-c4da8338f7d9,138aca2e-a48d-46a6-ac06-c902efe4fd18,4,
46824a3c-2785-4a94-9ca9-2bc7412343f4,fbb53244-8a4d-4b7a-a812-c4da8338f7d9,6c34f6f7-2682-4513-951e-96f325e7eb19,7,Sample English review 5274.
13cf1947-5e11-4ee7-a093-df610256d29d,fbb53244-8a4d-4b7a-a812-c4da8338f7d9,af3763b7-7954-464c-8287-33c652eaced6,6,Sample English review 5275.
92735514-61f3-4832-aee0-a5a9938df096,4d2ca725-5a14-444e-b646-1a1720add7da,99f8ef2d-c0e8-4290-83a6-b460677b198d,8,Sample English review 5276.
384779ba-486e-45d0-a5f5-d606da08d96c,4d2ca725-5a14-444e-b646-1a1720add7da,af3763b7-7954-464c-8287-33c652eaced6,10,Sample English review 5277.
9bc9a16f-f55d-4e14-912a-ca91ec51693d,4d2ca725-5a14-444e-b646-1a1720add7da,81d5edb0-d9b4-4d01-968c-8eda5f5b6a03,4,Sample English review 5278.
2842829a-0141-408a-a737-924248388e97,4d2ca725-5a14-444e-b646-1a1720add7da,6dc440b0-7d0d-4e8c-8dfa-aacb16c25536,10,
201053dd-ffa5-4395-999f-cd65c5bdc627,4d2ca725-5a14-444e-b646-1a1720add7da,4edba6e8-c8d9-4fe2-a682-124b91f87604,1,Sample English review 5280.
57c42ba7-671e-481b-b982-c42fd942263f,4d2ca725-5a14-444e-b646-1a1720add7da,2d56957e-9087-4750-8598-9d99f1933845,10,Sample English review 5281.
9e9b7656-00d9-4645-b288-1017c5fa1247,4d2ca725-5a14-444e-b646-1a1720add7da,c3820118-4994-4049-8719-6d71466870fe,9,
93f2afaf-f044-4820-9abf-036530535507,4d2ca725-5a14-444e-b646-1a1720add7da,05de5279-613f-4b9e-b38d-1e4203d75c1a,8,Sample English review 5283.
028ec96c-2576-4fa0-98cb-884e956d9e70,4d2ca725-5a14-444e-b646-1a1720add7da,33875037-f579-42ed-8aba-818a640c90d9,3,
82bde616-2d29-4263-a222-da6230109e2f,4d2ca725-5a14-444e-b646-1a1720add7da,ac17d6c1-f9a9-42be-9c29-6670939d8d5e,9,Sample English review 5285.
bd23a0df-7b58-47d8-9fa0-abcbdadcea3d,4d2ca725-5a14-444e-b646-1a1720add7da,ac393398-9266-4f9c-8a2d-d14ae2aa114e,4,
6d8ba9f6-9367-4567-86cb-e2ec4e2ff9e4,4d2ca725-5a14-444e-b646-1a1720add7da,b3bb325c-6f93-4946-9d94-ca835b5be056,6,Sample English review 5287.
c7a05cb2-2c3d-4531-bcc0-b4230c57eac3,4d2ca725-5a14-444e-b646-1a1720add7da,1b7592f5-0e3c-4c80-b5a2-4bd6f1157cba,9,Sample English review 5288.
842e7844-7a3b-4bde-a5df-11ac4768a33a,4d2ca725-5a14-444e-b646-1a1720add7da,62531f1e-00a6-4fce-ab03-320c8c0852e8,5,Sample English review 5289.
e380d84f-3774-483e-8a36-256b49aef7dc,4d2ca725-5a14-444e-b646-1a1720add7da,7338dd63-a1d1-4e74-9759-cd17bae3c0d8,3,Sample English review 5290.
4b95c84e-8b86-4b34-8394-29ec2679449c,4d2ca725-5a14-444e-b646-1a1720add7da,138aca2e-a48d-46a6-ac06-c902efe4fd18,3,Sample English review 5291.
e2b15f08-58d2-43d5-ad19-74a3db47f106,4d2ca725-5a14-444e-b646-1a1720add7da,6d0ed363-2c1a-43f7-958a-0e0cb6ea3e49,9,Sample English review 5292.
554b2755-2cfc-462c-bc56-16260aa86e45,4d2ca725-5a14-444e-b646-1a1720add7da,85bbf311-5929-482a-a259-21f783c36c59,9,Sample English review 5293.
a79c9008-2b91-430d-9574-361141d7a113,4d2ca725-5a14-444e-b646-1a1720add7da,7c01f309-b5b4-4962-843f-9698ce3ede17,8,Sample English review 5294.
750ec589-58c8-484a-99b8-99e6acd4a1a4,4d2ca725-5a14-444e-b646-1a1720add7da,09901650-fe76-4f18-9bf9-e24256f4909e,4,Sample English review 5295.
2ed23ca2-e4c3-466f-b967-84d3567fa2bc,60acad83-26b9-4f76-ab6c-433f13c156c4,2fd567ca-8efe-4948-bebd-a1a56f976d42,2,Sample English review 5296.
fd5b4d3f-7b64-41f0-9b92-902fa8db7087,60acad83-26b9-4f76-ab6c-433f13c156c4,24ce7888-3716-43b8-9d28-4239e17abe25,2,Sample English review 5297.
7802b337-0116-4b7c-903c-f62bb7e2433a,60acad83-26b9-4f76-ab6c-433f13c156c4,8ff07004-cedb-4c53-a5dd-a034c6073f8e,7,Sample English review 5298.
dde9961e-1cc5-482c-9bc6-cedbef3e7b4c,60acad83-26b9-4f76-ab6c-433f13c156c4,62531f1e-00a6-4fce-ab03-320c8c0852e8,3,
f6023f92-cc6d-4676-84c1-e351155a00b3,60acad83-26b9-4f76-ab6c-433f13c156c4,85bbf311-5929-482a-a259-21f783c36c59,5,Sample English review 5300.
22cdee8c-4f85-43b2-b2af-0d8ee2253066,60acad83-26b9-4f76-ab6c-433f13c156c4,81d5edb0-d9b4-4d01-968c-8eda5f5b6a03,5,
1030b64e-c056-4d7e-b63f-9cebc28de10c,60acad83-26b9-4f76-ab6c-433f13c156c4,99f6f5c3-1cb9-4fe1-ab1a-aa9c1d16dbd0,10,Sample English review 5302.
15b97376-9a8e-4868-8059-84527d459ee4,60acad83-26b9-4f76-ab6c-433f13c156c4,d01b25df-fe4a-4617-b8b9-ee0c60db6556,7,
b4e38402-e3fd-4841-8ea8-e28aa9f18e56,60acad83-26b9-4f76-ab6c-433f13c156c4,cb55c939-b208-4183-9cac-dc086cdad4ea,5,Sample English review 5304.
43b9c476-23fb-4ffd-801d-c2308653daaa,60acad83-26b9-4f76-ab6c-433f13c156c4,ccda4639-3814-4892-99ea-7aa00cd42d49,6,
318bce24-6e8a-4cca-8fc7-f2a83cf0b8c0,fe57416e-804c-4ece-a49e-2c563e5225da,b3bb325c-6f93-4946-9d94-ca835b5be056,6,Sample English review 5306.
8996a889-1e48-4db2-8b94-c6df1deb3881,fe57416e-804c-4ece-a49e-2c563e5225da,85bbf311-5929-482a-a259-21f783c36c59,8,
3aef76b0-2805-4eb3-bab0-d1803c028130,492e0403-754b-439f-90fd-615cb7d085a5,37887751-4d47-4e5c-98fd-9fa0dc90314c,4,Sample English review 5308.
915c51b9-6fc2-4b06-8e0c-4ac4fd211443,492e0403-754b-439f-90fd-615cb7d085a5,08c2602d-87d3-4851-b7fb-2bad244b5357,4,Sample English review 5309.
06b82146-6f35-4192-9768-f1945b021c04,492e0403-754b-439f-90fd-615cb7d085a5,722c5ad2-9175-4d47-9f8a-d10e496d97f8,2,Sample English review 5310.
e55850ac-43fd-4368-a015-665882b6d5af,492e0403-754b-439f-90fd-615cb7d085a5,47ae8c16-2d72-4c6b-8a12-3dac47db6ed7,1,
4b065d02-be93-4105-bb4d-34625ee04540,492e0403-754b-439f-90fd-615cb7d085a5,9bc42e46-67c9-447f-be78-4ae50e491d93,3,
8499525f-205b-4f67-95d8-ee303d7cbef0,492e0403-754b-439f-90fd-615cb7d085a5,3ea805cf-d96a-4098-9682-f85f57267e43,5,
d426ece5-b195-4567-9ee6-b9f80b5a3c65,492e0403-754b-439f-90fd-615cb7d085a5,8ff07004-cedb-4c53-a5dd-a034c6073f8e,1,Sample English review 5314.
0c431def-3adb-4622-8e58-c7b85274bd5e,492e0403-754b-439f-90fd-615cb7d085a5,77ae4c44-0946-4323-afdc-9932fc01f4c6,10,Sample English review 5315.
63156f0d-9d82-4b90-953e-9b132825b9dc,492e0403-754b-439f-90fd-615cb7d085a5,5597d267-e508-4a43-8244-f8ec9fdecae4,6,Sample English review 5316.
f328532e-fdf1-47ab-b865-a79cdaed5baf,492e0403-754b-439f-90fd-615cb7d085a5,81de516b-9d80-447a-a5f3-7f542dab2e6f,3,Sample English review 5317.
7b40a6a2-636e-4f2b-91b5-d50be14fba55,492e0403-754b-439f-90fd-615cb7d085a5,2d56957e-9087-4750-8598-9d99f1933845,2,Sample English review 5318.
972ec60d-2443-4736-9f19-c31ba4b626b2,492e0403-754b-439f-90fd-615cb7d085a5,4edba6e8-c8d9-4fe2-a682-124b91f87604,7,
05b3b3ae-3869-47ee-8237-be3356f0e77d,492e0403-754b-439f-90fd-615cb7d085a5,1afd4484-49c1-4870-b60c-c754c4ce04d0,8,Sample English review 5320.
067c47b0-517c-4e25-a2ed-0382880b8d2e,492e0403-754b-439f-90fd-615cb7d085a5,708f4f48-f883-4f49-97ee-2c0a91c249de,3,
27657892-58c0-493c-a421-03bd3c46913b,492e0403-754b-439f-90fd-615cb7d085a5,81d5edb0-d9b4-4d01-968c-8eda5f5b6a03,10,Sample English review 5322.
97aa0013-0c01-4102-a2b6-3052efb383a1,492e0403-754b-439f-90fd-615cb7d085a5,9b151d62-177e-4736-b8e5-6cf69170f9dc,2,Sample English review 5323.
4f001324-87a2-4534-a711-38abab700d45,492e0403-754b-439f-90fd-615cb7d085a5,c3820118-4994-4049-8719-6d71466870fe,1,Sample English review 5324.
c8d55371-949d-4a3a-8ca6-3d50a2aecd65,492e0403-754b-439f-90fd-615cb7d085a5,425035ef-0093-422c-a760-2740c95f4457,4,
e22a2f51-a486-404f-9178-7e0abf22935d,9b117f1b-6384-4326-9c97-c0f227c53e01,05de5279-613f-4b9e-b38d-1e4203d75c1a,6,Sample English review 5326.
25680861-4c93-4360-a9aa-9d86d27c1261,9b117f1b-6384-4326-9c97-c0f227c53e01,b3bb325c-6f93-4946-9d94-ca835b5be056,1,Sample English review 5327.
71cecb1f-ae3c-4396-bda4-28ff777cfb50,9b117f1b-6384-4326-9c97-c0f227c53e01,138aca2e-a48d-46a6-ac06-c902efe4fd18,1,
b8349cd7-2b7b-4707-94b6-4d4e06db74c6,9b117f1b-6384-4326-9c97-c0f227c53e01,dac8e4dd-9f17-46ef-9865-5e025b74bf9a,5,Sample English review 5329.
35a686e8-3ce3-4ece-b8be-f0934f330ae7,9b117f1b-6384-4326-9c97-c0f227c53e01,4ad5c73a-5c99-4e98-9d90-0e03b0986909,6,Sample English review 5330.
71dbc8c7-ce98-4810-8438-d9564e9c7ab5,9b117f1b-6384-4326-9c97-c0f227c53e01,0c6967ae-a4d8-4920-9d51-c7d95b61d752,5,Sample English review 5331.
f57892b6-63d9-4c22-a00b-bfda92e0aeac,9b117f1b-6384-4326-9c97-c0f227c53e01,afc8c392-95b3-4506-8d6c-719f96692939,4,
a06ab99d-9e5a-4810-be43-ecb43f0e66ce,9b117f1b-6384-4326-9c97-c0f227c53e01,e994bf32-d050-4e52-b334-5b6074b2a959,9,
717d8bec-66a7-48bb-8cdf-4b0363b21377,9b117f1b-6384-4326-9c97-c0f227c53e01,67021090-97c3-44f2-82ed-cf5f65828f38,3,Sample English review 5334.
9aecd5d2-7df4-484a-b088-5d0bc9c0474a,9b117f1b-6384-4326-9c97-c0f227c53e01,d01b25df-fe4a-4617-b8b9-ee0c60db6556,3,Sample English review 5335.
13cb0da0-4876-44c5-8b7f-9a02dd933c46,9b117f1b-6384-4326-9c97-c0f227c53e01,2d56957e-9087-4750-8598-9d99f1933845,9,
8d778e5d-3863-477f-9740-e51ede0cc2cc,9b117f1b-6384-4326-9c97-c0f227c53e01,708f4f48-f883-4f49-97ee-2c0a91c249de,4,
f07acb10-74e5-477b-b9fd-0e1727ed7b82,9b117f1b-6384-4326-9c97-c0f227c53e01,3e78c42e-79c6-46a5-84ba-afca64de824b,7,Sample English review 5338.
38f56664-44af-4ccc-b0b6-698d11e09815,9b117f1b-6384-4326-9c97-c0f227c53e01,81de516b-9d80-447a-a5f3-7f542dab2e6f,10,
ac5aea7d-6c68-4f6a-9bac-b93f55175336,9b117f1b-6384-4326-9c97-c0f227c53e01,9b151d62-177e-4736-b8e5-6cf69170f9dc,1,Sample English review 5340.
499983af-6c58-4a9c-9b76-b163d8d87a02,9b117f1b-6384-4326-9c97-c0f227c53e01,8ff07004-cedb-4c53-a5dd-a034c6073f8e,4,Sample English review 5341.
73fb2e07-b88e-4104-b04a-4e125388241b,9b117f1b-6384-4326-9c97-c0f227c53e01,4edba6e8-c8d9-4fe2-a682-124b91f87604,9,Sample English review 5342.
3f4da13d-5afc-42fc-9325-8c7dc2c89b3b,9b117f1b-6384-4326-9c97-c0f227c53e01,ecdbf5f6-ea6e-48ad-8cf1-165f8682b135,9,
68936d04-4aa7-4c77-933e-d4a94230a0cc,af2a2e64-72ed-4006-a2a7-6e375be2d647,7bd0bc4e-e14f-4f46-8e8b-d015a6b4ebc1,2,Sample English review 5344.
49bcb4bb-4818-4c45-9167-7448b5b2208b,af2a2e64-72ed-4006-a2a7-6e375be2d647,81de516b-9d80-447a-a5f3-7f542dab2e6f,4,Sample English review 5345.
c40ca780-0532-4793-ba90-7f47c39682a2,af2a2e64-72ed-4006-a2a7-6e375be2d647,e9774607-8354-4ac8-adcf-f72a1716c51b,9,Sample English review 5346.
296c6017-f493-4391-875f-f7efdd1eab95,af2a2e64-72ed-4006-a2a7-6e375be2d647,f4fa3e26-130b-42f5-8e08-2d4f884e080d,5,Sample English review 5347.
ff1255c6-4738-4abb-8280-43b0d7369afd,af2a2e64-72ed-4006-a2a7-6e375be2d647,cb55c939-b208-4183-9cac-dc086cdad4ea,2,
238ad8a9-26da-4a9b-9862-bbcd31c867a4,af2a2e64-72ed-4006-a2a7-6e375be2d647,7c01f309-b5b4-4962-843f-9698ce3ede17,10,Sample English review 5349.
bb661f05-c1bc-4177-aa7a-f4be7de84e98,af2a2e64-72ed-4006-a2a7-6e375be2d647,afc8c392-95b3-4506-8d6c-719f96692939,9,Sample English review 5350.
9e741ece-59c7-43b7-96f3-15a0dca18085,af2a2e64-72ed-4006-a2a7-6e375be2d647,99f8ef2d-c0e8-4290-83a6-b460677b198d,2,Sample English review 5351.
a827631c-b0d2-4329-8ec4-9cd222391356,af2a2e64-72ed-4006-a2a7-6e375be2d647,a3128f74-4fcf-4cae-b2db-d585516780d1,7,Sample English review 5352.
2afc612d-5c87-4cb0-9306-9af503ae2978,af2a2e64-72ed-4006-a2a7-6e375be2d647,23855b90-cb3b-4533-a756-bab9bb81426e,9,Sample English review 5353.
fc00bfe3-e58e-4cbc-902c-91041ec465ec,af2a2e64-72ed-4006-a2a7-6e375be2d647,3844a965-19f9-41ec-9515-28393113f8c8,10,Sample English review 5354.
ac266c0e-c7b7-4b9a-a90a-1e45c96377e5,af2a2e64-72ed-4006-a2a7-6e375be2d647,e52406b3-6af5-42dc-a087-fe3f73c2cb30,3,Sample English review 5355.
c9706b22-9086-487b-b5aa-e13cb0339c32,af2a2e64-72ed-4006-a2a7-6e375be2d647,f58f62f8-c6cd-4d19-adce-d4d1da14b149,2,Sample English review 5356.
160a0f0d-bcbe-430f-8fc0-3cadec41b25e,af2a2e64-72ed-4006-a2a7-6e375be2d647,425035ef-0093-422c-a760-2740c95f4457,6,Sample English review 5357.
28954dd0-b762-4a6b-ae66-8e314ed5ee1d,af2a2e64-72ed-4006-a2a7-6e375be2d647,85bbf311-5929-482a-a259-21f783c36c59,3,Sample English review 5358.
9c7d8d54-5df9-436b-ba59-17521d0839f3,af2a2e64-72ed-4006-a2a7-6e375be2d647,c3820118-4994-4049-8719-6d71466870fe,5,Sample English review 5359.
c628832e-1565-486b-b9be-04603d52ef5b,af2a2e64-72ed-4006-a2a7-6e375be2d647,9dae46b7-7f1a-4d67-b808-9e9c1b622d6c,1,Sample English review 5360.
5bda6440-1366-4593-b648-9a33d758f922,af2a2e64-72ed-4006-a2a7-6e375be2d647,47632200-a702-4992-9f11-020d87c3aaed,2,Sample English review 5361.
a3d4f362-7d0f-4966-80c4-0924fb98f760,6174a07d-11af-4b5a-a431-ec8d55596b20,37887751-4d47-4e5c-98fd-9fa0dc90314c,9,Sample English review 5362.
cde131fc-f46d-4a84-902c-74ccda15290b,1145098a-05cd-4afb-9700-bc802dae78da,e994bf32-d050-4e52-b334-5b6074b2a959,10,
a24319cc-70a0-4383-ab17-c29ead614c65,e1c926a6-ff29-4e00-96d2-583bf69f02d5,2752b069-f76a-4957-8807-6237a31f6d2c,6,Sample English review 5364.
4853e639-18d3-46d1-8fc9-528d8fcae30c,e1c926a6-ff29-4e00-96d2-583bf69f02d5,99f6f5c3-1cb9-4fe1-ab1a-aa9c1d16dbd0,2,Sample English review 5365.
4e9cc5b6-a38c-4b8a-abc5-22e616fb2746,e1c926a6-ff29-4e00-96d2-583bf69f02d5,1f2f5550-69ee-4ec3-82d2-d6cf2d0fc05c,7,
a6809f8f-dcc4-49b0-9684-a1570035c80e,e1c926a6-ff29-4e00-96d2-583bf69f02d5,1afd4484-49c1-4870-b60c-c754c4ce04d0,5,Sample English review 5367.
11355cbb-f628-4ccb-acc9-71361bf057ac,e1c926a6-ff29-4e00-96d2-583bf69f02d5,af3763b7-7954-464c-8287-33c652eaced6,6,Sample English review 5368.
83126195-1bb3-4b5e-867c-9433191d6f03,aa99976e-2c5a-4635-9c94-15673a5682f7,67d8b4ad-4640-43f2-9c53-6b4929f30103,9,
21571a7a-6fd9-4c26-82f9-8fa5dfe8908a,aa99976e-2c5a-4635-9c94-15673a5682f7,a3128f74-4fcf-4cae-b2db-d585516780d1,2,Sample English review 5370.
e67a1ff1-2fb2-4b50-9f10-93427dd3900d,aa99976e-2c5a-4635-9c94-15673a5682f7,425035ef-0093-422c-a760-2740c95f4457,5,Sample English review 5371.
0382058d-3bc9-4ea1-9680-e4a990b0e388,aa99976e-2c5a-4635-9c94-15673a5682f7,2752b069-f76a-4957-8807-6237a31f6d2c,9,Sample English review 5372.
47322783-b4ef-42de-8cc8-2103f3ca90cf,aa99976e-2c5a-4635-9c94-15673a5682f7,dac8e4dd-9f17-46ef-9865-5e025b74bf9a,4,
7f35cfc0-3620-4c6c-a4b8-b5a68ad12739,aa99976e-2c5a-4635-9c94-15673a5682f7,9bc42e46-67c9-447f-be78-4ae50e491d93,10,Sample English review 5374.
399f1668-cf57-4188-ba29-b4e38e106503,aa99976e-2c5a-4635-9c94-15673a5682f7,ac393398-9266-4f9c-8a2d-d14ae2aa114e,7,
3a330bb0-0f48-4b46-9822-c2fbdef0ff5d,aa99976e-2c5a-4635-9c94-15673a5682f7,1b3bae68-e409-4055-a2c3-d5f42604c9b1,3,
7c5a4c85-192f-4b42-a0b1-236aeb27a6fb,aa99976e-2c5a-4635-9c94-15673a5682f7,af3763b7-7954-464c-8287-33c652eaced6,8,Sample English review 5377.
38c995ee-1973-4134-b076-306fc4d6686a,ed2112e4-5d93-4ce7-a4e2-0920b085b6f6,1aa28ea9-5df1-4ce1-a2db-7524bfcfd4ee,7,Sample English review 5378.
91f65d02-4147-4c0a-b136-ddb21f62ee84,ed2112e4-5d93-4ce7-a4e2-0920b085b6f6,3844a965-19f9-41ec-9515-28393113f8c8,4,Sample English review 5379.
d5431ad2-a4c9-4fdf-8a2c-c3f6b00c6f1f,ed2112e4-5d93-4ce7-a4e2-0920b085b6f6,9008a579-51a2-4cde-80db-8e277bfd15c0,2,
1507c11a-c9d7-4d3e-b452-5ddc51f9d117,ed2112e4-5d93-4ce7-a4e2-0920b085b6f6,dac8e4dd-9f17-46ef-9865-5e025b74bf9a,4,Sample English review 5381.
9de3c17c-d954-4373-ab42-03d47f3b4a96,ed2112e4-5d93-4ce7-a4e2-0920b085b6f6,d51ce7b5-dd79-4d62-93c4-4a7cff3d22e3,3,Sample English review 5382.
cfa633e9-7145-4dc6-888c-780e3a355e8e,ed2112e4-5d93-4ce7-a4e2-0920b085b6f6,2fd567ca-8efe-4948-bebd-a1a56f976d42,4,Sample English review 5383.
cebe171d-97cd-43e7-a6f7-997a5ea008c8,ed2112e4-5d93-4ce7-a4e2-0920b085b6f6,0db8d5e2-1888-4d9f-a451-2f6e2a3e0f7d,1,Sample English review 5384.
7e5f486a-09a0-4119-ab29-07f57f98e5ed,47e525dd-ad08-4ec0-8781-27d5765ada1c,21bf0f34-fea3-4cb9-b9a7-94e72ffacc8a,8,
69f4e033-3bb5-4bc7-acee-3f5e08509cac,47e525dd-ad08-4ec0-8781-27d5765ada1c,0eda6729-995b-43a0-9a17-b89035543c47,6,Sample English review 5386.
d80b37ad-c74f-4048-a1ba-462c4b19b868,47e525dd-ad08-4ec0-8781-27d5765ada1c,b51a7d8d-dbc7-426e-9013-dd2124a444bb,8,Sample English review 5387.
b282f778-7162-47d2-9074-4468332679c4,47e525dd-ad08-4ec0-8781-27d5765ada1c,3844a965-19f9-41ec-9515-28393113f8c8,6,Sample English review 5388.
88a6fa71-247f-40ba-8e7d-0fdc2b80ab8f,47e525dd-ad08-4ec0-8781-27d5765ada1c,9bc42e46-67c9-447f-be78-4ae50e491d93,3,
269dda8d-86c3-4746-a63f-5ac3ce18bd8e,47e525dd-ad08-4ec0-8781-27d5765ada1c,677a4d7a-ae9b-4bdb-a72f-67f73eba99c7,2,Sample English review 5390.
b21dab13-8a33-4da4-9d4b-010e40be30cd,47e525dd-ad08-4ec0-8781-27d5765ada1c,d51ce7b5-dd79-4d62-93c4-4a7cff3d22e3,2,
8a753601-ca33-4ff3-8376-a4a9e425a60b,a9db991e-462c-4515-afef-163abb601578,1afd4484-49c1-4870-b60c-c754c4ce04d0,8,
59c7a413-6398-4353-97b1-9f1f8cad5d3e,a9db991e-462c-4515-afef-163abb601578,3c16d474-f898-4cfe-b924-7c38bea20d5c,4,
be3a17b5-8c42-4e81-b0b2-ba936d57c00a,c16ad3b8-47af-4ae5-8634-b27020e97fa8,af3763b7-7954-464c-8287-33c652eaced6,9,Sample English review 5394.
0a8ee76e-7241-404f-a6e4-3392ab45b7fd,c16ad3b8-47af-4ae5-8634-b27020e97fa8,33875037-f579-42ed-8aba-818a640c90d9,1,Sample English review 5395.
fe244f93-00fd-4250-84a8-a1c56fde2002,c16ad3b8-47af-4ae5-8634-b27020e97fa8,7bd0bc4e-e14f-4f46-8e8b-d015a6b4ebc1,4,Sample English review 5396.
26da3f4e-54f5-4e62-af16-09462b0ae9eb,c16ad3b8-47af-4ae5-8634-b27020e97fa8,23855b90-cb3b-4533-a756-bab9bb81426e,8,Sample English review 5397.
620f7cbf-44d2-4997-bd4c-adfe53fa634b,c16ad3b8-47af-4ae5-8634-b27020e97fa8,5fb1457b-691f-48fd-aeca-0103d0a88833,9,
d1b6ea51-dcbd-46c9-bb46-e1ece66384dc,c16ad3b8-47af-4ae5-8634-b27020e97fa8,677a4d7a-ae9b-4bdb-a72f-67f73eba99c7,5,Sample English review 5399.
d497562c-4ece-43a1-b12a-6b816f9fd75f,c16ad3b8-47af-4ae5-8634-b27020e97fa8,b51a7d8d-dbc7-426e-9013-dd2124a444bb,1,Sample English review 5400.
12171934-0ccc-40d7-9f42-63d3b8fbd3a0,5e70fc28-67c1-4f77-bb23-585f52a404c1,99f8ef2d-c0e8-4290-83a6-b460677b198d,8,Sample English review 5401.
10fb6e73-6e9e-44bb-aff5-1cd5089e081c,5e70fc28-67c1-4f77-bb23-585f52a404c1,a3128f74-4fcf-4cae-b2db-d585516780d1,1,Sample English review 5402.
8ee9de54-198a-4fd8-bade-b8d9285d91fa,5e70fc28-67c1-4f77-bb23-585f52a404c1,2752b069-f76a-4957-8807-6237a31f6d2c,7,Sample English review 5403.
26bd75e6-2f93-43a9-91fd-dd17c7449326,5e70fc28-67c1-4f77-bb23-585f52a404c1,f58f62f8-c6cd-4d19-adce-d4d1da14b149,9,
5dae0971-9bf6-4f66-88ac-3a83606b8df9,5e70fc28-67c1-4f77-bb23-585f52a404c1,427354fb-8736-4fd4-9ea1-30b98d1974e7,2,
119eb5ab-7e86-4758-9b6f-d5b3aa6a053d,5e70fc28-67c1-4f77-bb23-585f52a404c1,5597d267-e508-4a43-8244-f8ec9fdecae4,2,
304a8849-8dc2-46db-a437-b270f51b9daf,5e70fc28-67c1-4f77-bb23-585f52a404c1,979d4dea-2a55-46c2-a9d1-95d1bd7fab87,8,
627051bf-5fcb-464d-a10a-0e40e2a7586c,5e70fc28-67c1-4f77-bb23-585f52a404c1,af3763b7-7954-464c-8287-33c652eaced6,10,Sample English review 5408.
d526c526-75c2-40cd-8bd5-cfe74e7dc513,5e70fc28-67c1-4f77-bb23-585f52a404c1,47ae8c16-2d72-4c6b-8a12-3dac47db6ed7,10,Sample English review 5409.
4193d1da-fab1-4221-93c7-979801d781a9,5e70fc28-67c1-4f77-bb23-585f52a404c1,cf58157c-eee8-4cb1-af62-820e7aadb847,10,Sample English review 5410.
655f4b1a-7a63-461b-a08d-a9abbeff077d,5e70fc28-67c1-4f77-bb23-585f52a404c1,99f6f5c3-1cb9-4fe1-ab1a-aa9c1d16dbd0,9,Sample English review 5411.
5f2b7d90-d1fb-46ab-a6b1-74116f15f9e8,5e70fc28-67c1-4f77-bb23-585f52a404c1,47632200-a702-4992-9f11-020d87c3aaed,8,Sample English review 5412.
1e92766d-e1d3-4ea9-9eff-2a0cdb7c486f,5e70fc28-67c1-4f77-bb23-585f52a404c1,85bbf311-5929-482a-a259-21f783c36c59,5,Sample English review 5413.
848fb078-075a-4621-bd41-291799fc0e14,5e70fc28-67c1-4f77-bb23-585f52a404c1,1afd4484-49c1-4870-b60c-c754c4ce04d0,5,Sample English review 5414.
c987ccca-a7a3-4806-be41-fad7f83225a0,5e70fc28-67c1-4f77-bb23-585f52a404c1,3c16d474-f898-4cfe-b924-7c38bea20d5c,8,
f0763c72-48d3-406d-a476-11e10cc899ef,5e70fc28-67c1-4f77-bb23-585f52a404c1,ac17d6c1-f9a9-42be-9c29-6670939d8d5e,2,Sample English review 5416.
b0b395fa-b748-45e6-91ab-36ca428097b9,5e70fc28-67c1-4f77-bb23-585f52a404c1,09901650-fe76-4f18-9bf9-e24256f4909e,6,Sample English review 5417.
4d72933a-c49d-4c67-8036-1ef813f5eed1,5e70fc28-67c1-4f77-bb23-585f52a404c1,3844a965-19f9-41ec-9515-28393113f8c8,3,Sample English review 5418.
88047cab-5d9a-4f6a-9f37-722313e6d511,5e70fc28-67c1-4f77-bb23-585f52a404c1,5fb1457b-691f-48fd-aeca-0103d0a88833,2,Sample English review 5419.
31efdfce-3bf3-4a69-af4f-89c8d1c9581c,5e70fc28-67c1-4f77-bb23-585f52a404c1,81d5edb0-d9b4-4d01-968c-8eda5f5b6a03,8,
91547099-c371-4856-80cf-c645866cc402,d80fa212-9ff4-4a01-a40f-75718979eb07,77ae4c44-0946-4323-afdc-9932fc01f4c6,9,Sample English review 5421.
fd0d6ded-8927-4837-8b45-071f392b8033,d80fa212-9ff4-4a01-a40f-75718979eb07,d3206088-b25a-455a-9323-1c8d5829b0b0,2,Sample English review 5422.
f214d059-0511-491a-a272-96cb439dbbea,d80fa212-9ff4-4a01-a40f-75718979eb07,3c16d474-f898-4cfe-b924-7c38bea20d5c,9,Sample English review 5423.
16d9d309-9f41-4446-874a-9d9adc4128e9,d80fa212-9ff4-4a01-a40f-75718979eb07,af3763b7-7954-464c-8287-33c652eaced6,9,Sample English review 5424.
f4b01650-305d-4cc1-ae65-830ef667b64f,d80fa212-9ff4-4a01-a40f-75718979eb07,09dc474c-41e1-47c7-bd11-8bcc61aba3cc,1,
bcebd8e2-043d-44f1-a70d-9e29faa9fa0d,d80fa212-9ff4-4a01-a40f-75718979eb07,99f6f5c3-1cb9-4fe1-ab1a-aa9c1d16dbd0,7,Sample English review 5426.
f81d1757-4d78-4a59-b1fe-b9b26f5ae35a,d80fa212-9ff4-4a01-a40f-75718979eb07,24ce7888-3716-43b8-9d28-4239e17abe25,2,Sample English review 5427.
54191375-f357-41ee-9bb9-88c98cbf531a,d80fa212-9ff4-4a01-a40f-75718979eb07,b51a7d8d-dbc7-426e-9013-dd2124a444bb,6,
b8fa16b7-eaf0-43bb-895d-4c24816224f6,d80fa212-9ff4-4a01-a40f-75718979eb07,1444ba20-39ac-43a5-bccc-1cc41c2f03b1,5,
4f1c482b-b991-4731-a45a-09b89f4a648b,ccda0e29-06f8-4498-bb15-a97f24d339cf,33875037-f579-42ed-8aba-818a640c90d9,1,Sample English review 5430.
2c6d23f3-4b2c-4936-83c1-c2579c823e4f,ccda0e29-06f8-4498-bb15-a97f24d339cf,6c34f6f7-2682-4513-951e-96f325e7eb19,4,Sample English review 5431.
7c75a69d-bd9b-49d5-a7af-c09585d64c8c,ccda0e29-06f8-4498-bb15-a97f24d339cf,33b5c78e-cad2-4331-b9b9-a38ef8954dec,3,Sample English review 5432.
4dc4ad88-b56d-4b6b-abf4-df9eaff9ea9d,ccda0e29-06f8-4498-bb15-a97f24d339cf,8a99736e-dad6-489d-aa46-0ee02356e5fe,6,
c8f3c0d3-8620-4840-a53a-124395efb627,ccda0e29-06f8-4498-bb15-a97f24d339cf,6358f21d-d22d-4f6c-b15e-7a1b7ba90800,8,Sample English review 5434.
12933f96-8835-48ed-b570-35caa0652df0,ccda0e29-06f8-4498-bb15-a97f24d339cf,af3763b7-7954-464c-8287-33c652eaced6,10,Sample English review 5435.
541e6011-16dc-4f28-a62f-8dce08d07296,ccda0e29-06f8-4498-bb15-a97f24d339cf,9008a579-51a2-4cde-80db-8e277bfd15c0,4,Sample English review 5436.
1190bbd7-b237-43ef-81c4-4687d5fd471f,ccda0e29-06f8-4498-bb15-a97f24d339cf,9dae46b7-7f1a-4d67-b808-9e9c1b622d6c,8,Sample English review 5437.
de977318-6e6f-42a6-a142-be33de6a13a3,ccda0e29-06f8-4498-bb15-a97f24d339cf,708f4f48-f883-4f49-97ee-2c0a91c249de,7,Sample English review 5438.
729bf3ce-ddfd-4b21-a1d7-bdc1a3829251,ccda0e29-06f8-4498-bb15-a97f24d339cf,9c0da375-3d5a-4608-b8c7-9e36139d6c33,5,Sample English review 5439.
38b82f6a-c921-4f41-8356-0bd23ab49cff,ccda0e29-06f8-4498-bb15-a97f24d339cf,afc8c392-95b3-4506-8d6c-719f96692939,7,
8fa40703-d0d8-4861-9740-08219297dd74,ccda0e29-06f8-4498-bb15-a97f24d339cf,2752b069-f76a-4957-8807-6237a31f6d2c,4,Sample English review 5441.
90df6732-472d-471f-8b3e-a555dde354f0,ccda0e29-06f8-4498-bb15-a97f24d339cf,99f6f5c3-1cb9-4fe1-ab1a-aa9c1d16dbd0,7,Sample English review 5442.
1b951c0d-7671-4500-bb7b-13c89305a0a2,ccda0e29-06f8-4498-bb15-a97f24d339cf,0c6967ae-a4d8-4920-9d51-c7d95b61d752,6,Sample English review 5443.
5952e111-1751-4781-aabb-82466d012c11,ccda0e29-06f8-4498-bb15-a97f24d339cf,24ce7888-3716-43b8-9d28-4239e17abe25,9,
b67a0ea1-3561-4a6e-8e9b-11b29bfbe4b3,d8847f97-62de-4938-98f1-4d9f2ad24060,74429405-c801-4e71-87cd-1d726e8cd8f7,2,
7eda05ea-f64f-4052-88cb-a340db6ea06d,d8847f97-62de-4938-98f1-4d9f2ad24060,f58f62f8-c6cd-4d19-adce-d4d1da14b149,7,
ee7dcb4d-34fc-4836-8744-eed3d3dab16f,d8847f97-62de-4938-98f1-4d9f2ad24060,f4fa3e26-130b-42f5-8e08-2d4f884e080d,8,Sample English review 5447.
4059a485-2efe-47e1-bc82-0dbd7624cbcf,d8847f97-62de-4938-98f1-4d9f2ad24060,af3763b7-7954-464c-8287-33c652eaced6,4,Sample English review 5448.
250d6251-2338-431c-a953-c5d1a1656817,d8847f97-62de-4938-98f1-4d9f2ad24060,d01b25df-fe4a-4617-b8b9-ee0c60db6556,2,Sample English review 5449.
1f07e4df-895d-4831-814c-ebb4776a1d36,b3edd4e3-affe-4445-bce7-348604cf5dca,5597d267-e508-4a43-8244-f8ec9fdecae4,5,
487b73c9-ed01-43b7-bd92-2144b4255f63,b3edd4e3-affe-4445-bce7-348604cf5dca,b51a7d8d-dbc7-426e-9013-dd2124a444bb,9,
5dc3034e-6a42-44a5-b7cb-329428e0e85d,b3edd4e3-affe-4445-bce7-348604cf5dca,1f2f5550-69ee-4ec3-82d2-d6cf2d0fc05c,6,
5ab9d52f-7351-4042-b24f-483e8b11c074,b3edd4e3-affe-4445-bce7-348604cf5dca,722c5ad2-9175-4d47-9f8a-d10e496d97f8,8,Sample English review 5453.
7230d25a-1f26-42a9-ad2b-e6640e53d81e,b3edd4e3-affe-4445-bce7-348604cf5dca,67021090-97c3-44f2-82ed-cf5f65828f38,8,
ddefa729-d18e-46bb-acfd-eaed2ee8c37d,b3edd4e3-affe-4445-bce7-348604cf5dca,6c34f6f7-2682-4513-951e-96f325e7eb19,9,Sample English review 5455.
a96cebc4-2b17-419b-84cd-1a79f4dca93a,b3edd4e3-affe-4445-bce7-348604cf5dca,cf58157c-eee8-4cb1-af62-820e7aadb847,8,Sample English review 5456.
0cb1b4a5-fd26-478c-937a-920ad8f48a5b,b3edd4e3-affe-4445-bce7-348604cf5dca,47632200-a702-4992-9f11-020d87c3aaed,6,Sample English review 5457.
9ce8d36e-e056-4d38-9036-5b46933733da,b3edd4e3-affe-4445-bce7-348604cf5dca,ccda4639-3814-4892-99ea-7aa00cd42d49,7,
3a5674ef-fc6b-4b79-ac11-15ee006eeeec,b3edd4e3-affe-4445-bce7-348604cf5dca,9bc42e46-67c9-447f-be78-4ae50e491d93,2,Sample English review 5459.
c9b8b532-ee50-4447-91fe-6ce97851871e,b3edd4e3-affe-4445-bce7-348604cf5dca,7bd0bc4e-e14f-4f46-8e8b-d015a6b4ebc1,4,Sample English review 5460.
0823f951-6480-401c-a04f-2c660facb379,c39653ef-1262-4eb9-80f1-58328b7b8764,99f6f5c3-1cb9-4fe1-ab1a-aa9c1d16dbd0,10,Sample English review 5461.
ebe555c8-74b7-4851-b493-6a86cdc49df3,c39653ef-1262-4eb9-80f1-58328b7b8764,9dae46b7-7f1a-4d67-b808-9e9c1b622d6c,10,Sample English review 5462.
a261d8eb-c07b-4827-afbf-b559ed342e0e,c39653ef-1262-4eb9-80f1-58328b7b8764,09dc474c-41e1-47c7-bd11-8bcc61aba3cc,1,
81d74e58-9976-4dcd-8856-31652cb1b331,c39653ef-1262-4eb9-80f1-58328b7b8764,ac17d6c1-f9a9-42be-9c29-6670939d8d5e,10,Sample English review 5464.
8a1a0592-dc04-40cf-9293-9b8fa10f07aa,c39653ef-1262-4eb9-80f1-58328b7b8764,74429405-c801-4e71-87cd-1d726e8cd8f7,10,Sample English review 5465.
e8322f81-7e2e-4a56-8c20-c873e0219c78,c39653ef-1262-4eb9-80f1-58328b7b8764,9b151d62-177e-4736-b8e5-6cf69170f9dc,9,
0c74bee8-fc47-4912-8f4f-1f5647dd5d90,c39653ef-1262-4eb9-80f1-58328b7b8764,5e77bfad-cca1-40e3-9460-368c94829eed,7,Sample English review 5467.
65a07ab7-150f-4ef0-8dfd-9a89b3fb8f38,c39653ef-1262-4eb9-80f1-58328b7b8764,99f8ef2d-c0e8-4290-83a6-b460677b198d,5,
a0526407-0436-47e6-8654-1caa86b58e8a,c39653ef-1262-4eb9-80f1-58328b7b8764,2fd567ca-8efe-4948-bebd-a1a56f976d42,7,Sample English review 5469.
4a6267ee-a3c2-4fd0-9e6a-705302b06349,c39653ef-1262-4eb9-80f1-58328b7b8764,6d0ed363-2c1a-43f7-958a-0e0cb6ea3e49,6,Sample English review 5470.
10abdac3-8f18-4fd3-9d39-1ce0b025d2e5,c39653ef-1262-4eb9-80f1-58328b7b8764,85bbf311-5929-482a-a259-21f783c36c59,4,Sample English review 5471.
9803b697-a101-455a-8459-b1e5852670fd,c39653ef-1262-4eb9-80f1-58328b7b8764,b3bb325c-6f93-4946-9d94-ca835b5be056,8,
244e305b-3e70-4380-9d23-0911ec48faa5,c39653ef-1262-4eb9-80f1-58328b7b8764,ccda4639-3814-4892-99ea-7aa00cd42d49,10,Sample English review 5473.
57a3241a-2be7-4421-8ea6-9c55a56b0a2d,c39653ef-1262-4eb9-80f1-58328b7b8764,09901650-fe76-4f18-9bf9-e24256f4909e,3,Sample English review 5474.
9bdf0e83-937a-40be-a9a8-e5acaf64691d,c39653ef-1262-4eb9-80f1-58328b7b8764,47ae8c16-2d72-4c6b-8a12-3dac47db6ed7,6,Sample English review 5475.
cc660474-a5f5-402b-8d3b-8ab3961365e7,c39653ef-1262-4eb9-80f1-58328b7b8764,4072477a-0e21-47ca-9a86-73f662b98398,9,Sample English review 5476.
a1c34cff-a419-4223-a091-2cc64fa048ce,319c23e2-3645-433a-9dda-84caae86276e,3c16d474-f898-4cfe-b924-7c38bea20d5c,7,
4ba43bf0-070e-4047-8dbb-73a7b5eb0399,319c23e2-3645-433a-9dda-84caae86276e,99f6f5c3-1cb9-4fe1-ab1a-aa9c1d16dbd0,7,Sample English review 5478.
be698b3d-08c3-48c1-ac95-92df1c7e6a40,319c23e2-3645-433a-9dda-84caae86276e,81de516b-9d80-447a-a5f3-7f542dab2e6f,1,Sample English review 5479.
37e1f931-9390-4ffb-81e0-ae5ed74c19e4,319c23e2-3645-433a-9dda-84caae86276e,ecab2181-cb9d-42f7-b110-65986cef6204,6,
448a28a9-9b4f-4183-82f2-892152dd2d50,319c23e2-3645-433a-9dda-84caae86276e,5fb1457b-691f-48fd-aeca-0103d0a88833,5,Sample English review 5481.
c278e582-199b-4ce8-a5bd-0d3697b90510,319c23e2-3645-433a-9dda-84caae86276e,67021090-97c3-44f2-82ed-cf5f65828f38,5,Sample English review 5482.
f864cac3-4f78-4e90-aaa0-445220d9aba3,319c23e2-3645-433a-9dda-84caae86276e,dac8e4dd-9f17-46ef-9865-5e025b74bf9a,6,Sample English review 5483.
5b7fa692-06b5-4400-8252-3d0cbc2b0ea4,319c23e2-3645-433a-9dda-84caae86276e,d01b25df-fe4a-4617-b8b9-ee0c60db6556,9,Sample English review 5484.
9f38b922-5e3e-40fe-8661-857450bd738a,319c23e2-3645-433a-9dda-84caae86276e,d3206088-b25a-455a-9323-1c8d5829b0b0,7,
d36801ff-4936-410a-8eb6-a09bac91bb5b,319c23e2-3645-433a-9dda-84caae86276e,9bc42e46-67c9-447f-be78-4ae50e491d93,7,Sample English review 5486.
478ce0ef-cefc-4e2c-bb88-438a12e92122,319c23e2-3645-433a-9dda-84caae86276e,c3820118-4994-4049-8719-6d71466870fe,8,
52b7d4a2-6a69-473d-b56d-0939f5f7ee61,319c23e2-3645-433a-9dda-84caae86276e,2c417aef-cf61-4d18-ae06-06ba2317f36f,2,Sample English review 5488.
26b34e03-2dd8-4a89-b3df-cfee4e52f174,319c23e2-3645-433a-9dda-84caae86276e,b51a7d8d-dbc7-426e-9013-dd2124a444bb,5,Sample English review 5489.
093368fa-e396-4e11-a1d8-190599a12319,319c23e2-3645-433a-9dda-84caae86276e,5e77bfad-cca1-40e3-9460-368c94829eed,7,
28bac4a8-0e26-4fde-9f4f-4083e867f2f1,319c23e2-3645-433a-9dda-84caae86276e,81d5edb0-d9b4-4d01-968c-8eda5f5b6a03,8,
8d85b966-b414-4987-a7e8-637cc95e88be,319c23e2-3645-433a-9dda-84caae86276e,f4fa3e26-130b-42f5-8e08-2d4f884e080d,6,
a278edeb-6a8a-4dbb-84dd-68324d07c914,319c23e2-3645-433a-9dda-84caae86276e,8ff07004-cedb-4c53-a5dd-a034c6073f8e,9,Sample English review 5493.
ab0526b2-bb65-478f-9054-09b7d2461727,319c23e2-3645-433a-9dda-84caae86276e,47ae8c16-2d72-4c6b-8a12-3dac47db6ed7,10,
20848365-b277-485d-8a13-5b9486f2063b,319c23e2-3645-433a-9dda-84caae86276e,f9a7e8ba-2326-4fd7-b228-98060197c4f6,2,
a1bb0591-878b-4a00-ab89-c9cf2aa19e19,319c23e2-3645-433a-9dda-84caae86276e,cb55c939-b208-4183-9cac-dc086cdad4ea,9,Sample English review 5496.
76699a98-0397-4b8d-8b7d-c2b04bbf49ac,319c23e2-3645-433a-9dda-84caae86276e,2fd567ca-8efe-4948-bebd-a1a56f976d42,4,Sample English review 5497.
cc4adcb0-21e8-4a5e-a7f7-36b429ae7154,319c23e2-3645-433a-9dda-84caae86276e,05de5279-613f-4b9e-b38d-1e4203d75c1a,8,
d86e1293-2f5a-4608-b656-5ce7fad65a24,319c23e2-3645-433a-9dda-84caae86276e,d9b9480a-a1e4-49d4-b8b5-a28a761924b7,4,Sample English review 5499.
1261add2-f6bc-4d59-b425-fe08618afb02,7d1ed104-31bd-4c8f-b04d-da6d566d4824,2752b069-f76a-4957-8807-6237a31f6d2c,4,Sample English review 5500.
94992d60-431b-4b9c-8954-c531c2c8ef0f,7d1ed104-31bd-4c8f-b04d-da6d566d4824,21bf0f34-fea3-4cb9-b9a7-94e72ffacc8a,4,Sample English review 5501.
da6dac07-8ffc-44be-bd1e-e774ff217349,7d1ed104-31bd-4c8f-b04d-da6d566d4824,1b3bae68-e409-4055-a2c3-d5f42604c9b1,7,
b35d4a86-e17b-4702-85dd-11d17ae56bdd,7d1ed104-31bd-4c8f-b04d-da6d566d4824,979d4dea-2a55-46c2-a9d1-95d1bd7fab87,2,
144210f2-84de-406f-89cf-a1ace1981873,7d1ed104-31bd-4c8f-b04d-da6d566d4824,09901650-fe76-4f18-9bf9-e24256f4909e,2,Sample English review 5504.
3d08b930-e0b6-46c5-854d-55208e66c2e8,7d1ed104-31bd-4c8f-b04d-da6d566d4824,ccda4639-3814-4892-99ea-7aa00cd42d49,6,
8dbd2477-bbb1-4a59-a490-2f4a6fb06c9d,7d1ed104-31bd-4c8f-b04d-da6d566d4824,8ff07004-cedb-4c53-a5dd-a034c6073f8e,5,
04e22ffd-30b0-48c2-b425-3ae93388b190,7d1ed104-31bd-4c8f-b04d-da6d566d4824,85bbf311-5929-482a-a259-21f783c36c59,8,
db5962cf-3dfd-46a1-902e-328adfb1c1d6,7d1ed104-31bd-4c8f-b04d-da6d566d4824,47ae8c16-2d72-4c6b-8a12-3dac47db6ed7,4,
1ba3696c-e97f-4d4d-a0fd-2d758c91eec8,ebce612f-a1df-4e50-b780-1e2f07e9903d,ecab2181-cb9d-42f7-b110-65986cef6204,8,
aef5f8cd-0fc3-4614-ba46-24aace69e1e8,ebce612f-a1df-4e50-b780-1e2f07e9903d,5597d267-e508-4a43-8244-f8ec9fdecae4,6,Sample English review 5510.
15ec2c80-3994-4c54-92e6-d3008b5a3b88,ebce612f-a1df-4e50-b780-1e2f07e9903d,979d4dea-2a55-46c2-a9d1-95d1bd7fab87,3,Sample English review 5511.
177cd151-d408-469e-82f6-5ce4caa71ee7,ebce612f-a1df-4e50-b780-1e2f07e9903d,3c16d474-f898-4cfe-b924-7c38bea20d5c,7,Sample English review 5512.
3972257e-2753-445f-947a-4d4285097c43,ebce612f-a1df-4e50-b780-1e2f07e9903d,9dae46b7-7f1a-4d67-b808-9e9c1b622d6c,8,Sample English review 5513.
879dca2a-b5ea-4218-b94c-c4fe30aee2f2,3da06d0a-e221-480e-86eb-44c948e48c95,09901650-fe76-4f18-9bf9-e24256f4909e,3,Sample English review 5514.
19631b64-6c93-4740-b293-a663dc8d7f3e,3da06d0a-e221-480e-86eb-44c948e48c95,fd530ba8-7ae3-47c6-b384-a6b01df494cb,4,Sample English review 5515.
1ae16fa8-5850-4a0a-914e-5b77512b6300,3da06d0a-e221-480e-86eb-44c948e48c95,4edba6e8-c8d9-4fe2-a682-124b91f87604,3,Sample English review 5516.
8aa595fe-b477-4e13-9dff-6c394180205a,3da06d0a-e221-480e-86eb-44c948e48c95,08c2602d-87d3-4851-b7fb-2bad244b5357,1,Sample English review 5517.
8fffeca1-8ce0-4f72-bfbc-e6d8b8a0bbb4,3da06d0a-e221-480e-86eb-44c948e48c95,d51ce7b5-dd79-4d62-93c4-4a7cff3d22e3,7,
314a148e-650f-4dbc-b26a-df129bf6bb04,3da06d0a-e221-480e-86eb-44c948e48c95,b51a7d8d-dbc7-426e-9013-dd2124a444bb,10,Sample English review 5519.
997c8f94-d25e-41e4-8b1c-7a0f487d8a16,3da06d0a-e221-480e-86eb-44c948e48c95,a3128f74-4fcf-4cae-b2db-d585516780d1,5,
10351a3c-d9ff-4cea-9c7a-6856405572a2,3da06d0a-e221-480e-86eb-44c948e48c95,f9a7e8ba-2326-4fd7-b228-98060197c4f6,10,Sample English review 5521.
f0bad62a-e642-481a-a273-cd0ccc1e0801,3da06d0a-e221-480e-86eb-44c948e48c95,67d8b4ad-4640-43f2-9c53-6b4929f30103,2,
c61e96a6-f6e4-4d7a-a134-8064d346beee,3da06d0a-e221-480e-86eb-44c948e48c95,81de516b-9d80-447a-a5f3-7f542dab2e6f,6,Sample English review 5523.
2048db12-ac91-470b-b72f-1e85f5a20049,3da06d0a-e221-480e-86eb-44c948e48c95,6358f21d-d22d-4f6c-b15e-7a1b7ba90800,10,Sample English review 5524.
6e6988a3-9564-4bb3-825f-87b2722c1ee9,4f2324eb-9d14-4735-8fc6-8df26dac715f,979d4dea-2a55-46c2-a9d1-95d1bd7fab87,7,Sample English review 5525.
15e66033-6fc4-430c-976f-c75097a6e867,4f2324eb-9d14-4735-8fc6-8df26dac715f,aa451009-5df5-4e3e-bce7-7ad1ac26b289,4,
ae681ac9-7833-4e59-b5e1-f0b24c65dd29,4f2324eb-9d14-4735-8fc6-8df26dac715f,ecab2181-cb9d-42f7-b110-65986cef6204,4,Sample English review 5527.
70f7a879-98b7-4922-8631-13028515f380,4f2324eb-9d14-4735-8fc6-8df26dac715f,0c6967ae-a4d8-4920-9d51-c7d95b61d752,1,Sample English review 5528.
dce34adf-cb8f-47e3-90ed-9c34021cbd43,27770ab9-ab48-4342-bd79-d012b883774c,77ae4c44-0946-4323-afdc-9932fc01f4c6,8,Sample English review 5529.
69b77161-72ef-4610-83ad-e4bcc0dc70be,27770ab9-ab48-4342-bd79-d012b883774c,e9774607-8354-4ac8-adcf-f72a1716c51b,2,
a734679a-9725-49bb-aabe-fb546b4b990e,27770ab9-ab48-4342-bd79-d012b883774c,5597d267-e508-4a43-8244-f8ec9fdecae4,10,
7826c23a-79f1-4cb1-8208-b2ef0497e0fc,27770ab9-ab48-4342-bd79-d012b883774c,74429405-c801-4e71-87cd-1d726e8cd8f7,2,Sample English review 5532.
c50078ba-1fc5-4d18-b084-355a6f06e9a6,27770ab9-ab48-4342-bd79-d012b883774c,9dae46b7-7f1a-4d67-b808-9e9c1b622d6c,3,Sample English review 5533.
f6738d99-1934-4ea6-8239-1046ee997c8b,27770ab9-ab48-4342-bd79-d012b883774c,09dc474c-41e1-47c7-bd11-8bcc61aba3cc,8,Sample English review 5534.
ac1bbc08-e3d3-4d92-b722-ebdc9fb34eca,27770ab9-ab48-4342-bd79-d012b883774c,37887751-4d47-4e5c-98fd-9fa0dc90314c,4,Sample English review 5535.
aa4b4a48-3ea4-4569-87ad-2edf9af992ae,27770ab9-ab48-4342-bd79-d012b883774c,b3bb325c-6f93-4946-9d94-ca835b5be056,3,Sample English review 5536.
509627d6-ee25-4d82-b9a2-cb14caf29b16,27770ab9-ab48-4342-bd79-d012b883774c,0db8d5e2-1888-4d9f-a451-2f6e2a3e0f7d,10,
5f1588ab-a32a-44cc-b229-ce4eb028359c,27770ab9-ab48-4342-bd79-d012b883774c,d9b9480a-a1e4-49d4-b8b5-a28a761924b7,6,
da0de74b-12ef-458d-8d7f-eafd27b0c846,27770ab9-ab48-4342-bd79-d012b883774c,9c0da375-3d5a-4608-b8c7-9e36139d6c33,6,
d7190e1a-bea3-4a41-a09b-f92670ff1d99,27770ab9-ab48-4342-bd79-d012b883774c,4ad5c73a-5c99-4e98-9d90-0e03b0986909,5,Sample English review 5540.
a875f6b4-9928-4c6f-a429-29cc5fbe3a65,27770ab9-ab48-4342-bd79-d012b883774c,7bd0bc4e-e14f-4f46-8e8b-d015a6b4ebc1,2,
2803822a-6e11-435e-901c-9a6572680add,1264a51b-8784-474e-9bd9-4037479d8bdb,2d56957e-9087-4750-8598-9d99f1933845,1,Sample English review 5542.
a89f050c-21ce-43e8-af39-93c1bf86e067,1264a51b-8784-474e-9bd9-4037479d8bdb,ecab2181-cb9d-42f7-b110-65986cef6204,9,Sample English review 5543.
5d0a73d5-bf3f-4bb8-b07e-129806f8739a,1264a51b-8784-474e-9bd9-4037479d8bdb,2752b069-f76a-4957-8807-6237a31f6d2c,8,Sample English review 5544.
cc0077f3-27db-46a0-8eb8-0ecb303f6f48,1264a51b-8784-474e-9bd9-4037479d8bdb,9bc42e46-67c9-447f-be78-4ae50e491d93,9,Sample English review 5545.
79fcde09-c0e0-42d2-a62f-ee136c062402,1264a51b-8784-474e-9bd9-4037479d8bdb,33875037-f579-42ed-8aba-818a640c90d9,3,
8a92f079-923d-4f83-9dc7-a70fdb2a94e0,1264a51b-8784-474e-9bd9-4037479d8bdb,7bd0bc4e-e14f-4f46-8e8b-d015a6b4ebc1,2,Sample English review 5547.
abe65073-eef4-4710-9b84-24be2d52d71d,1264a51b-8784-474e-9bd9-4037479d8bdb,1afd4484-49c1-4870-b60c-c754c4ce04d0,9,Sample English review 5548.
f2357ddf-b740-4aa0-8c89-be4712898d59,1264a51b-8784-474e-9bd9-4037479d8bdb,7c01f309-b5b4-4962-843f-9698ce3ede17,7,Sample English review 5549.
7b93474f-b71c-4524-b053-a7e9dc6ba83e,1264a51b-8784-474e-9bd9-4037479d8bdb,81de516b-9d80-447a-a5f3-7f542dab2e6f,1,Sample English review 5550.
9f8d27fc-0889-4895-b315-e2224b1074e0,1264a51b-8784-474e-9bd9-4037479d8bdb,0eda6729-995b-43a0-9a17-b89035543c47,10,
aa412d58-8ce1-4613-bf97-175c64fe3cca,1264a51b-8784-474e-9bd9-4037479d8bdb,9dae46b7-7f1a-4d67-b808-9e9c1b622d6c,3,Sample English review 5552.
9312d370-911d-4f80-9c94-4297e948a889,1264a51b-8784-474e-9bd9-4037479d8bdb,62531f1e-00a6-4fce-ab03-320c8c0852e8,6,Sample English review 5553.
8c2d0c05-2195-4bb3-bc6b-928a7eb67e65,1264a51b-8784-474e-9bd9-4037479d8bdb,0c6967ae-a4d8-4920-9d51-c7d95b61d752,10,Sample English review 5554.
cffb5e88-2a66-4570-b80a-7f6e7d133aa4,1264a51b-8784-474e-9bd9-4037479d8bdb,502dde18-86e1-4b5c-88c2-8010d067ede7,7,
8818b1fb-1a17-459f-8a8f-64c7e275f08b,1264a51b-8784-474e-9bd9-4037479d8bdb,c3820118-4994-4049-8719-6d71466870fe,1,
019ebe04-ad11-4c04-b11a-50c90371e7c5,1264a51b-8784-474e-9bd9-4037479d8bdb,77ae4c44-0946-4323-afdc-9932fc01f4c6,2,
a2da8e43-5b6b-4b8f-a4d3-017ff6612bdb,1264a51b-8784-474e-9bd9-4037479d8bdb,21bf0f34-fea3-4cb9-b9a7-94e72ffacc8a,2,Sample English review 5558.
7571ecc8-fdb5-48f2-af29-ce2b52c688c0,1264a51b-8784-474e-9bd9-4037479d8bdb,cb55c939-b208-4183-9cac-dc086cdad4ea,7,Sample English review 5559.
bb06378d-1f3b-4501-aa61-a74871fd61a7,1264a51b-8784-474e-9bd9-4037479d8bdb,9b151d62-177e-4736-b8e5-6cf69170f9dc,10,Sample English review 5560.
37c96b57-7c6a-4b06-92e1-9c5143d7525f,1264a51b-8784-474e-9bd9-4037479d8bdb,1aa28ea9-5df1-4ce1-a2db-7524bfcfd4ee,3,Sample English review 5561.
